:0200000460009A
:10000000464346420004015600000000010303007D
:1000100000000000000000000000000000000000E0
:1000200000000000000000000000000000000000D0
:1000300000000000000000000000000000000000C0
:1000400000000000000406000000000000000000A6
:100050000000800000000000000000000000000020
:100060000000000000000000000000000000000090
:100070000000000000000000000000000000000080
:10008000EB04180A063204260000000000000000FD
:100090000000000000000000000000000000000060
:1000A0000000000000000000000000000000000050
:1000B0000000000000000000000000000000000040
:1000C0000000000000000000000000000000000030
:1000D0000000000000000000000000000000000020
:1000E0000000000000000000000000000000000010
:1000F0000000000000000000000000000000000000
:1001000000000000000000000000000000000000EF
:1001100000000000000000000000000000000000DF
:1001200000000000000000000000000000000000CF
:1001300000000000000000000000000000000000BF
:1001400000000000000000000000000000000000AF
:10015000000000000000000000000000000000009F
:10016000000000000000000000000000000000008F
:10017000000000000000000000000000000000007F
:10018000000000000000000000000000000000006F
:10019000000000000000000000000000000000005F
:1001A000000000000000000000000000000000004F
:1001B000000000000000000000000000000000003F
:1001C000000100000010000000000000000000001E
:1001D000000004000000000000000000000000001B
:1001E000000000000000000000000000000000000F
:1001F00000000000000000000000000000000000FF
:1002000000000000000000000000000000000000EE
:1002100000000000000000000000000000000000DE
:1002200000000000000000000000000000000000CE
:1002300000000000000000000000000000000000BE
:1002400000000000000000000000000000000000AE
:10025000000000000000000000000000000000009E
:10026000000000000000000000000000000000008E
:10027000000000000000000000000000000000007E
:10028000000000000000000000000000000000006E
:10029000000000000000000000000000000000005E
:1002A000000000000000000000000000000000004E
:1002B000000000000000000000000000000000003E
:1002C000000000000000000000000000000000002E
:1002D000000000000000000000000000000000001E
:1002E000000000000000000000000000000000000E
:1002F00000000000000000000000000000000000FE
:1003000000000000000000000000000000000000ED
:1003100000000000000000000000000000000000DD
:1003200000000000000000000000000000000000CD
:1003300000000000000000000000000000000000BD
:1003400000000000000000000000000000000000AD
:10035000000000000000000000000000000000009D
:10036000000000000000000000000000000000008D
:10037000000000000000000000000000000000007D
:10038000000000000000000000000000000000006D
:10039000000000000000000000000000000000005D
:1003A000000000000000000000000000000000004D
:1003B000000000000000000000000000000000003D
:1003C000000000000000000000000000000000002D
:1003D000000000000000000000000000000000001D
:1003E000000000000000000000000000000000000D
:1003F00000000000000000000000000000000000FD
:1004000000000000000000000000000000000000EC
:1004100000000000000000000000000000000000DC
:1004200000000000000000000000000000000000CC
:1004300000000000000000000000000000000000BC
:1004400000000000000000000000000000000000AC
:10045000000000000000000000000000000000009C
:10046000000000000000000000000000000000008C
:10047000000000000000000000000000000000007C
:10048000000000000000000000000000000000006C
:10049000000000000000000000000000000000005C
:1004A000000000000000000000000000000000004C
:1004B000000000000000000000000000000000003C
:1004C000000000000000000000000000000000002C
:1004D000000000000000000000000000000000001C
:1004E000000000000000000000000000000000000C
:1004F00000000000000000000000000000000000FC
:1005000000000000000000000000000000000000EB
:1005100000000000000000000000000000000000DB
:1005200000000000000000000000000000000000CB
:1005300000000000000000000000000000000000BB
:1005400000000000000000000000000000000000AB
:10055000000000000000000000000000000000009B
:10056000000000000000000000000000000000008B
:10057000000000000000000000000000000000007B
:10058000000000000000000000000000000000006B
:10059000000000000000000000000000000000005B
:1005A000000000000000000000000000000000004B
:1005B000000000000000000000000000000000003B
:1005C000000000000000000000000000000000002B
:1005D000000000000000000000000000000000001B
:1005E000000000000000000000000000000000000B
:1005F00000000000000000000000000000000000FB
:1006000000000000000000000000000000000000EA
:1006100000000000000000000000000000000000DA
:1006200000000000000000000000000000000000CA
:1006300000000000000000000000000000000000BA
:1006400000000000000000000000000000000000AA
:10065000000000000000000000000000000000009A
:10066000000000000000000000000000000000008A
:10067000000000000000000000000000000000007A
:10068000000000000000000000000000000000006A
:10069000000000000000000000000000000000005A
:1006A000000000000000000000000000000000004A
:1006B000000000000000000000000000000000003A
:1006C000000000000000000000000000000000002A
:1006D000000000000000000000000000000000001A
:1006E000000000000000000000000000000000000A
:1006F00000000000000000000000000000000000FA
:1007000000000000000000000000000000000000E9
:1007100000000000000000000000000000000000D9
:1007200000000000000000000000000000000000C9
:1007300000000000000000000000000000000000B9
:1007400000000000000000000000000000000000A9
:100750000000000000000000000000000000000099
:100760000000000000000000000000000000000089
:100770000000000000000000000000000000000079
:100780000000000000000000000000000000000069
:100790000000000000000000000000000000000059
:1007A0000000000000000000000000000000000049
:1007B0000000000000000000000000000000000039
:1007C0000000000000000000000000000000000029
:1007D0000000000000000000000000000000000019
:1007E0000000000000000000000000000000000009
:1007F00000000000000000000000000000000000F9
:1008000000000000000000000000000000000000E8
:1008100000000000000000000000000000000000D8
:1008200000000000000000000000000000000000C8
:1008300000000000000000000000000000000000B8
:1008400000000000000000000000000000000000A8
:100850000000000000000000000000000000000098
:100860000000000000000000000000000000000088
:100870000000000000000000000000000000000078
:100880000000000000000000000000000000000068
:100890000000000000000000000000000000000058
:1008A0000000000000000000000000000000000048
:1008B0000000000000000000000000000000000038
:1008C0000000000000000000000000000000000028
:1008D0000000000000000000000000000000000018
:1008E0000000000000000000000000000000000008
:1008F00000000000000000000000000000000000F8
:1009000000000000000000000000000000000000E7
:1009100000000000000000000000000000000000D7
:1009200000000000000000000000000000000000C7
:1009300000000000000000000000000000000000B7
:1009400000000000000000000000000000000000A7
:100950000000000000000000000000000000000097
:100960000000000000000000000000000000000087
:100970000000000000000000000000000000000077
:100980000000000000000000000000000000000067
:100990000000000000000000000000000000000057
:1009A0000000000000000000000000000000000047
:1009B0000000000000000000000000000000000037
:1009C0000000000000000000000000000000000027
:1009D0000000000000000000000000000000000017
:1009E0000000000000000000000000000000000007
:1009F00000000000000000000000000000000000F7
:100A000000000000000000000000000000000000E6
:100A100000000000000000000000000000000000D6
:100A200000000000000000000000000000000000C6
:100A300000000000000000000000000000000000B6
:100A400000000000000000000000000000000000A6
:100A50000000000000000000000000000000000096
:100A60000000000000000000000000000000000086
:100A70000000000000000000000000000000000076
:100A80000000000000000000000000000000000066
:100A90000000000000000000000000000000000056
:100AA0000000000000000000000000000000000046
:100AB0000000000000000000000000000000000036
:100AC0000000000000000000000000000000000026
:100AD0000000000000000000000000000000000016
:100AE0000000000000000000000000000000000006
:100AF00000000000000000000000000000000000F6
:100B000000000000000000000000000000000000E5
:100B100000000000000000000000000000000000D5
:100B200000000000000000000000000000000000C5
:100B300000000000000000000000000000000000B5
:100B400000000000000000000000000000000000A5
:100B50000000000000000000000000000000000095
:100B60000000000000000000000000000000000085
:100B70000000000000000000000000000000000075
:100B80000000000000000000000000000000000065
:100B90000000000000000000000000000000000055
:100BA0000000000000000000000000000000000045
:100BB0000000000000000000000000000000000035
:100BC0000000000000000000000000000000000025
:100BD0000000000000000000000000000000000015
:100BE0000000000000000000000000000000000005
:100BF00000000000000000000000000000000000F5
:100C000000000000000000000000000000000000E4
:100C100000000000000000000000000000000000D4
:100C200000000000000000000000000000000000C4
:100C300000000000000000000000000000000000B4
:100C400000000000000000000000000000000000A4
:100C50000000000000000000000000000000000094
:100C60000000000000000000000000000000000084
:100C70000000000000000000000000000000000074
:100C80000000000000000000000000000000000064
:100C90000000000000000000000000000000000054
:100CA0000000000000000000000000000000000044
:100CB0000000000000000000000000000000000034
:100CC0000000000000000000000000000000000024
:100CD0000000000000000000000000000000000014
:100CE0000000000000000000000000000000000004
:100CF00000000000000000000000000000000000F4
:100D000000000000000000000000000000000000E3
:100D100000000000000000000000000000000000D3
:100D200000000000000000000000000000000000C3
:100D300000000000000000000000000000000000B3
:100D400000000000000000000000000000000000A3
:100D50000000000000000000000000000000000093
:100D60000000000000000000000000000000000083
:100D70000000000000000000000000000000000073
:100D80000000000000000000000000000000000063
:100D90000000000000000000000000000000000053
:100DA0000000000000000000000000000000000043
:100DB0000000000000000000000000000000000033
:100DC0000000000000000000000000000000000023
:100DD0000000000000000000000000000000000013
:100DE0000000000000000000000000000000000003
:100DF00000000000000000000000000000000000F3
:100E000000000000000000000000000000000000E2
:100E100000000000000000000000000000000000D2
:100E200000000000000000000000000000000000C2
:100E300000000000000000000000000000000000B2
:100E400000000000000000000000000000000000A2
:100E50000000000000000000000000000000000092
:100E60000000000000000000000000000000000082
:100E70000000000000000000000000000000000072
:100E80000000000000000000000000000000000062
:100E90000000000000000000000000000000000052
:100EA0000000000000000000000000000000000042
:100EB0000000000000000000000000000000000032
:100EC0000000000000000000000000000000000022
:100ED0000000000000000000000000000000000012
:100EE0000000000000000000000000000000000002
:100EF00000000000000000000000000000000000F2
:100F000000000000000000000000000000000000E1
:100F100000000000000000000000000000000000D1
:100F200000000000000000000000000000000000C1
:100F300000000000000000000000000000000000B1
:100F400000000000000000000000000000000000A1
:100F50000000000000000000000000000000000091
:100F60000000000000000000000000000000000081
:100F70000000000000000000000000000000000071
:100F80000000000000000000000000000000000061
:100F90000000000000000000000000000000000051
:100FA0000000000000000000000000000000000041
:100FB0000000000000000000000000000000000031
:100FC0000000000000000000000000000000000021
:100FD0000000000000000000000000000000000011
:100FE0000000000000000000000000000000000001
:100FF00000000000000000000000000000000000F1
:10100000D10020410020006000000000000000002E
:1010100020100060001000600000000000000000D0
:1010200000000060C0CB020000000000FFFFFFFFD7
:1010300000000000000000000000000000000000B0
:1010400000000000000000000000000000000000A0
:101050000000000000000000000000000000000090
:101060000000000000000000000000000000000080
:101070000000000000000000000000000000000070
:101080000000000000000000000000000000000060
:101090000000000000000000000000000000000050
:1010A0000000000000000000000000000000000040
:1010B0000000000000000000000000000000000030
:1010C0000000000000000000000000000000000020
:1010D0000000000000000000000000000000000010
:1010E0000000000000000000000000000000000000
:1010F00000000000000000000000000000000000F0
:1011000000000000000000000000000000000000DF
:1011100000000000000000000000000000000000CF
:1011200000000000000000000000000000000000BF
:1011300000000000000000000000000000000000AF
:10114000000000000000000000000000000000009F
:10115000000000000000000000000000000000008F
:10116000000000000000000000000000000000007F
:10117000000000000000000000000000000000006F
:10118000000000000000000000000000000000005F
:10119000000000000000000000000000000000004F
:1011A000000000000000000000000000000000003F
:1011B000000000000000000000000000000000002F
:1011C000000000000000000000000000000000001F
:1011D000000000000000000000000000000000000F
:1011E00000000000000000000000000000000000FF
:1011F00000000000000000000000000000000000EF
:1012000000000000000000000000000000000000DE
:1012100000000000000000000000000000000000CE
:1012200000000000000000000000000000000000BE
:1012300000000000000000000000000000000000AE
:10124000000000000000000000000000000000009E
:10125000000000000000000000000000000000008E
:10126000000000000000000000000000000000007E
:10127000000000000000000000000000000000006E
:10128000000000000000000000000000000000005E
:10129000000000000000000000000000000000004E
:1012A000000000000000000000000000000000003E
:1012B000000000000000000000000000000000002E
:1012C000000000000000000000000000000000001E
:1012D000000000000000000000000000000000000E
:1012E00000000000000000000000000000000000FE
:1012F00000000000000000000000000000000000EE
:1013000000000000000000000000000000000000DD
:1013100000000000000000000000000000000000CD
:1013200000000000000000000000000000000000BD
:1013300000000000000000000000000000000000AD
:10134000000000000000000000000000000000009D
:10135000000000000000000000000000000000008D
:10136000000000000000000000000000000000007D
:10137000000000000000000000000000000000006D
:10138000000000000000000000000000000000005D
:10139000000000000000000000000000000000004D
:1013A000000000000000000000000000000000003D
:1013B000000000000000000000000000000000002D
:1013C000000000000000000000000000000000001D
:1013D000000000000000000000000000000000000D
:1013E00000000000000000000000000000000000FD
:1013F00000000000000000000000000000000000ED
:1014000000000000000000000000000000000000DC
:1014100000000000000000000000000000000000CC
:1014200000000000000000000000000000000000BC
:1014300000000000000000000000000000000000AC
:10144000000000000000000000000000000000009C
:10145000000000000000000000000000000000008C
:10146000000000000000000000000000000000007C
:10147000000000000000000000000000000000006C
:10148000000000000000000000000000000000005C
:10149000000000000000000000000000000000004C
:1014A000000000000000000000000000000000003C
:1014B000000000000000000000000000000000002C
:1014C000000000000000000000000000000000001C
:1014D000000000000000000000000000000000000C
:1014E00000000000000000000000000000000000FC
:1014F00000000000000000000000000000000000EC
:1015000000000000000000000000000000000000DB
:1015100000000000000000000000000000000000CB
:1015200000000000000000000000000000000000BB
:1015300000000000000000000000000000000000AB
:10154000000000000000000000000000000000009B
:10155000000000000000000000000000000000008B
:10156000000000000000000000000000000000007B
:10157000000000000000000000000000000000006B
:10158000000000000000000000000000000000005B
:10159000000000000000000000000000000000004B
:1015A000000000000000000000000000000000003B
:1015B000000000000000000000000000000000002B
:1015C000000000000000000000000000000000001B
:1015D000000000000000000000000000000000000B
:1015E00000000000000000000000000000000000FB
:1015F00000000000000000000000000000000000EB
:1016000000000000000000000000000000000000DA
:1016100000000000000000000000000000000000CA
:1016200000000000000000000000000000000000BA
:1016300000000000000000000000000000000000AA
:10164000000000000000000000000000000000009A
:10165000000000000000000000000000000000008A
:10166000000000000000000000000000000000007A
:10167000000000000000000000000000000000006A
:10168000000000000000000000000000000000005A
:10169000000000000000000000000000000000004A
:1016A000000000000000000000000000000000003A
:1016B000000000000000000000000000000000002A
:1016C000000000000000000000000000000000001A
:1016D000000000000000000000000000000000000A
:1016E00000000000000000000000000000000000FA
:1016F00000000000000000000000000000000000EA
:1017000000000000000000000000000000000000D9
:1017100000000000000000000000000000000000C9
:1017200000000000000000000000000000000000B9
:1017300000000000000000000000000000000000A9
:101740000000000000000000000000000000000099
:101750000000000000000000000000000000000089
:101760000000000000000000000000000000000079
:101770000000000000000000000000000000000069
:101780000000000000000000000000000000000059
:101790000000000000000000000000000000000049
:1017A0000000000000000000000000000000000039
:1017B0000000000000000000000000000000000029
:1017C0000000000000000000000000000000000019
:1017D0000000000000000000000000000000000009
:1017E00000000000000000000000000000000000F9
:1017F00000000000000000000000000000000000E9
:1018000000000000000000000000000000000000D8
:1018100000000000000000000000000000000000C8
:1018200000000000000000000000000000000000B8
:1018300000000000000000000000000000000000A8
:101840000000000000000000000000000000000098
:101850000000000000000000000000000000000088
:101860000000000000000000000000000000000078
:101870000000000000000000000000000000000068
:101880000000000000000000000000000000000058
:101890000000000000000000000000000000000048
:1018A0000000000000000000000000000000000038
:1018B0000000000000000000000000000000000028
:1018C0000000000000000000000000000000000018
:1018D0000000000000000000000000000000000008
:1018E00000000000000000000000000000000000F8
:1018F00000000000000000000000000000000000E8
:1019000000000000000000000000000000000000D7
:1019100000000000000000000000000000000000C7
:1019200000000000000000000000000000000000B7
:1019300000000000000000000000000000000000A7
:101940000000000000000000000000000000000097
:101950000000000000000000000000000000000087
:101960000000000000000000000000000000000077
:101970000000000000000000000000000000000067
:101980000000000000000000000000000000000057
:101990000000000000000000000000000000000047
:1019A0000000000000000000000000000000000037
:1019B0000000000000000000000000000000000027
:1019C0000000000000000000000000000000000017
:1019D0000000000000000000000000000000000007
:1019E00000000000000000000000000000000000F7
:1019F00000000000000000000000000000000000E7
:101A000000000000000000000000000000000000D6
:101A100000000000000000000000000000000000C6
:101A200000000000000000000000000000000000B6
:101A300000000000000000000000000000000000A6
:101A40000000000000000000000000000000000096
:101A50000000000000000000000000000000000086
:101A60000000000000000000000000000000000076
:101A70000000000000000000000000000000000066
:101A80000000000000000000000000000000000056
:101A90000000000000000000000000000000000046
:101AA0000000000000000000000000000000000036
:101AB0000000000000000000000000000000000026
:101AC0000000000000000000000000000000000016
:101AD0000000000000000000000000000000000006
:101AE00000000000000000000000000000000000F6
:101AF00000000000000000000000000000000000E6
:101B000000000000000000000000000000000000D5
:101B100000000000000000000000000000000000C5
:101B200000000000000000000000000000000000B5
:101B300000000000000000000000000000000000A5
:101B40000000000000000000000000000000000095
:101B50000000000000000000000000000000000085
:101B60000000000000000000000000000000000075
:101B70000000000000000000000000000000000065
:101B80000000000000000000000000000000000055
:101B90000000000000000000000000000000000045
:101BA0000000000000000000000000000000000035
:101BB0000000000000000000000000000000000025
:101BC0000000000000000000000000000000000015
:101BD0000000000000000000000000000000000005
:101BE00000000000000000000000000000000000F5
:101BF00000000000000000000000000000000000E5
:101C000000000000000000000000000000000000D4
:101C100000000000000000000000000000000000C4
:101C200000000000000000000000000000000000B4
:101C300000000000000000000000000000000000A4
:101C40000000000000000000000000000000000094
:101C50000000000000000000000000000000000084
:101C60000000000000000000000000000000000074
:101C70000000000000000000000000000000000064
:101C80000000000000000000000000000000000054
:101C90000000000000000000000000000000000044
:101CA0000000000000000000000000000000000034
:101CB0000000000000000000000000000000000024
:101CC0000000000000000000000000000000000014
:101CD0000000000000000000000000000000000004
:101CE00000000000000000000000000000000000F4
:101CF00000000000000000000000000000000000E4
:101D000000000000000000000000000000000000D3
:101D100000000000000000000000000000000000C3
:101D200000000000000000000000000000000000B3
:101D300000000000000000000000000000000000A3
:101D40000000000000000000000000000000000093
:101D50000000000000000000000000000000000083
:101D60000000000000000000000000000000000073
:101D70000000000000000000000000000000000063
:101D80000000000000000000000000000000000053
:101D90000000000000000000000000000000000043
:101DA0000000000000000000000000000000000033
:101DB0000000000000000000000000000000000023
:101DC0000000000000000000000000000000000013
:101DD0000000000000000000000000000000000003
:101DE00000000000000000000000000000000000F3
:101DF00000000000000000000000000000000000E3
:101E000000000000000000000000000000000000D2
:101E100000000000000000000000000000000000C2
:101E200000000000000000000000000000000000B2
:101E300000000000000000000000000000000000A2
:101E40000000000000000000000000000000000092
:101E50000000000000000000000000000000000082
:101E60000000000000000000000000000000000072
:101E70000000000000000000000000000000000062
:101E80000000000000000000000000000000000052
:101E90000000000000000000000000000000000042
:101EA0000000000000000000000000000000000032
:101EB0000000000000000000000000000000000022
:101EC0000000000000000000000000000000000012
:101ED0000000000000000000000000000000000002
:101EE00000000000000000000000000000000000F2
:101EF00000000000000000000000000000000000E2
:101F000000000000000000000000000000000000D1
:101F100000000000000000000000000000000000C1
:101F200000000000000000000000000000000000B1
:101F300000000000000000000000000000000000A1
:101F40000000000000000000000000000000000091
:101F50000000000000000000000000000000000081
:101F60000000000000000000000000000000000071
:101F70000000000000000000000000000000000061
:101F80000000000000000000000000000000000051
:101F90000000000000000000000000000000000041
:101FA0000000000000000000000000000000000031
:101FB0000000000000000000000000000000000021
:101FC0000000000000000000000000000000000011
:101FD0000000000000000000000000000000000001
:101FE00000000000000000000000000000000000F1
:101FF00000000000000000000000000000000000E1
:10200000002B2920D15B0060C1910160BD5B0060A5
:10201000BD5B0060BD5B0060BD5B00600000000058
:10202000000000000000000000000000D95C00601B
:10203000BD5B006000000000A55C0060557D006095
:10204000495E0060495E0060495E0060495E006074
:10205000495E0060495E0060495E0060495E006064
:10206000495E0060495E0060495E0060495E006054
:10207000495E0060495E0060495E0060495E006044
:10208000495E0060495E0060495E0060495E006034
:10209000495E0060495E0060495E0060495E006024
:1020A000495E0060495E0060495E0060495E006014
:1020B000495E0060495E0060495E0060495E006004
:1020C000495E0060495E0060495E0060495E0060F4
:1020D000495E0060495E0060495E0060495E0060E4
:1020E000495E0060495E0060495E0060495E0060D4
:1020F000495E0060495E0060495E0060495E0060C4
:10210000495E0060495E0060495E0060495E0060B3
:10211000495E0060495E0060495E0060495E0060A3
:10212000495E0060495E0060495E0060495E006093
:10213000495E0060495E0060495E0060495E006083
:10214000495E0060495E0060495E0060495E006073
:10215000495E0060495E0060495E0060495E006063
:10216000495E0060495E0060495E0060495E006053
:10217000495E0060495E0060495E0060495E006043
:10218000495E0060495E0060495E0060495E006033
:10219000495E0060495E0060495E0060495E006023
:1021A000495E0060495E0060495E0060495E006013
:1021B000495E0060495E0060495E0060495E006003
:1021C000495E0060495E0060495E0060495E0060F3
:1021D000495E0060495E0060495E0060495E0060E3
:1021E000495E0060495E0060495E0060495E0060D3
:1021F000495E0060495E0060495E0060495E0060C3
:10220000495E0060495E0060495E0060495E0060B2
:10221000495E0060495E0060495E0060495E0060A2
:10222000495E0060495E0060495E0060495E006092
:10223000495E0060495E0060495E0060495E006082
:10224000495E0060495E0060495E0060495E006072
:10225000495E0060495E0060495E0060495E006062
:10226000495E0060495E0060495E0060495E006052
:10227000495E0060495E0060495E0060495E006042
:10228000495E0060495E0060495E0060495E006032
:10229000495E0060495E0060495E0060495E006022
:1022A000495E0060495E0060495E0060495E006012
:1022B000495E0060495E0060495E0060495E006002
:1022C00053B94AB9002908BF00281CBF4FF0FF319D
:1022D0004FF0FF3000F00CB8ADF1080C6DE904CE02
:1022E00000F008F8DDF804E0DDE9022304B07047EF
:1022F000704700BF2DE9F04786468C460846089E89
:10230000154674461946002B40F0C2808542B2FA49
:1023100082F245D94AB1C2F1200300FA02FC2EFA3A
:1023200003F3954043EA0C0C94404FEA154EA8B2D3
:10233000BCFBFEF8230C0EFB18CC08FB00F943EAAB
:102340000C43994528D9EB1808F1FF3704D2994579
:1023500002D9A8F102072B44A3EB0903A4B2B3FBF3
:10236000FEFC0EFB1C330CFB00F044EA0344A042CD
:1023700014D92C190CF1FF3304D2A04202D9ACF1CC
:1023800002032C44241A43EA07401EB1D440002320
:1023900034607360BDE8F0874746DDE76346F1E7E8
:1023A00092BB431B01214FEA154EAFB2B3FBFEFCBB
:1023B000200C0EFB1C330CFB07F840EA0343984546
:1023C00062D9EB180CF1FF3004D2984502D9ACF178
:1023D00002002B44A3EB0803A4B2B3FBFEFC0EFBEC
:1023E0001C330CFB07F744EA0344A7424ED92C19CF
:1023F0000CF1FF3304D2A74202D9ACF102032C4402
:10240000E41B43EA0040C0E7C2F1200320FA03F1D5
:10241000954090402EFA03F303434FEA154EAFB2B6
:10242000B1FBFEFC0EFB1C10190C0CFB07F841EA7B
:102430000041884504FA02F422D969180CF1FF30F2
:1024400004D2884502D9ACF102002944A1EB08016D
:102450009BB2B1FBFEFC0EFB1C110CFB07F743EA21
:1024600001439F420ED9EB180CF1FF3104D29F4279
:1024700002D9ACF102012B44DB1B41EA004192E797
:102480006046E3E76146F7E76046A3E76346B7E7E0
:10249000834206D916B9002108467BE7C6E900E069
:1024A000F9E7B3FA83F78FB9834201D3724508D8AD
:1024B000BEEB020460EB030301209C461EB9002121
:1024C00068E73846FAE7C6E9004CF8E7C7F1200CA0
:1024D000BB4022FA0CF41C432EFA0CF120FA0CF348
:1024E000B84001434FEA14490EFA07F5B3FBF9F877
:1024F0001FFA84FE09FB18300B0C08FB0EFA43EAA6
:1025000000439A4502FA07F240D9E31808F1FF3078
:1025100004D29A4502D9A8F102002344A3EB0A038E
:1025200089B2B3FBF9F809FB183308FB0EFE41EA48
:1025300003418E452CD9611808F1FF3304D28E4532
:1025400002D9A8F10203214443EA0040A0FB02980B
:10255000A1EB0E014145CE46434602D306D14D457F
:1025600004D2B9EB020E68EB04030138002EA6D0AA
:10257000B5EB0E0261EB030101FA0CFC22FA07F342
:102580004CEA0303F940C6E9003198E74046C5E745
:102590004346D9E710F8012B11F8013B012A28BF67
:1025A0009A42F7D0D01A7047034611F8012B03F86E
:1025B000012B002AF9D17047034613F8012B002A9A
:1025C000FBD1181A013870472DE9F04F85B08846C5
:1025D00043490292026E0190C2F3C2628A5CB3FB6D
:1025E000F2F6029B3246032B4FF000033DD101244B
:1025F00035A1D1E90001FFF763FE324607468A465E
:10260000002333A1D1E90001FFF75AFE05464745F3
:102610007AF1000A39D2334B01344FF0FF3B4FF0CF
:10262000FF09A4FB034A00270393324600232046F8
:102630005146FFF745FE4045034607F1010271F19F
:10264000000103D3A0EB080058452AD3B2F5807FE0
:1026500024D0039B58464F46E4182B464AF1000A03
:10266000B946834617461D46DFE71BA1D1E90001A5
:10267000FFF726FE324607468A4600231A483B21CA
:102680000024FFF71DFE0546C1E701980021029ACC
:1026900017F018FD384605B0BDE8F08F4F462B46C1
:1026A00008E0B2F5807F05D0039964184AF1000A6A
:1026B0000028D5D101983946029A039317F002FDFC
:1026C000039B1846E7E700BF009435770000000041
:1026D00000CA64D63B00000000CA9A3B000000001C
:1026E000A973026000CA9A3B0000CA9A08B5064A5C
:1026F0000321064816F033FB00F094F8002142F263
:10270000107014F06FFEF9E7565F0260283D02601A
:102710000149024820F08FBC80822820008D2820AB
:1027200000487047008D282007B5074883685B681C
:1027300003B19847642200230448CDE9002315F033
:10274000EFF803B05DF804FB90370260E8842820BE
:1027500030B500208BB009F061F804461048694696
:1027600083685B689847054668B10E4A03210E48A6
:1027700016F0F5FA20460AF0CFFC00F0BBFA04464A
:1027800020460BB030BD2146084800F06FFB0748DB
:1027900015F083FC2B462A46012119F0D9FCEFE7FE
:1027A000543702606B5F0260283D026060B82820E9
:1027B00010B50446FFF7CCFF30B9084A012108489C
:1027C000BDE8104016F0CBBA18F04CFA11F0D4FE68
:1027D0002046BDE81040FFF7A7BF00BF9E5F026024
:1027E000283D026010B504460A4A03210A4816F043
:1027F000B6FA0A4820F006FB30B9094A012106481A
:10280000BDE8104016F0ABBA2046BDE81040FFF717
:10281000CFBF00BFB85F0260283D02609037026002
:10282000CB5F026037B50B4D002405234FF4804287
:1028300028460949009414F035FA0849284620F042
:10284000FAFB074A0321074816F089FA204603B02D
:1028500030BD00BF008D282040C528207082282070
:10286000E95F0260283D0260134B00B51B688BB026
:10287000A3F26C730593114B1B68013B0493104B3F
:102880001B6803930F4B1B6802930F4B1B6801934C
:10289000002300930D48694683681B6898470346E8
:1028A00020B10B4A01210B4816F062FA15F0EEFB3D
:1028B0000BB05DF804FB00BF78B8282074B828205E
:1028C00070B828206CB8282068B8282054370260D7
:1028D000F25F0260283D0260F8B51A4D00AF18F0B3
:1028E000EEF920F0BCF803462860174C0321174A84
:1028F000204616F03DFA164BD3F800C0154B1E6863
:10290000154B1868154B19682B686D468CB06A46D4
:10291000DFF84CE0C2E909130723C2E905ECC2E97C
:10292000076042F8103F00234FF46351204601F046
:10293000B9F9AD46FFF7F4FE0A4920F07CFBBD462D
:10294000F8BD00BF68B82820283D02600C60026016
:1029500070B8282074B8282078B828206CB82820AF
:102960001F6002609082282070B5002008F056FF9A
:10297000054612F013F91D49044612F097FC002396
:10298000022120461A4619F0E3FB284613F024F8EA
:1029900001221749044613F02BF810F05FFD10F0E8
:1029A00073FDA0F110021421204612B219F0ADFB04
:1029B0000023204605211A4619F0CAFB20460321B0
:1029C00020F030F8002301220A49204606F030FFAB
:1029D00006F0E6FF2146064607F040F8064820F0DC
:1029E000EBF9314618F0F3FA284670BD41600260F9
:1029F00048600260D9280060E037026008B518F02E
:102A00005EF920F02CF8074A03461060064A0321BD
:102A1000064816F0ADF9FFF7A7FFBDE8084015F02E
:102A20002ABB00BF6CB82820F2600260283D02601B
:102A300070B5002008F0F2FE054612F0AFF81D490F
:102A4000044612F033FC0023022120461A4619F0F6
:102A50007FFB284612F0C0FF01221749044612F0FE
:102A6000C7FF10F0FBFC10F00FFDA0F110021421C5
:102A7000204612B219F049FB0023204605211A46D0
:102A800019F066FB204603211FF0CCFF0023012232
:102A90000A49204606F0CCFE06F082FF2146064693
:102AA00006F0DCFF064820F087F9314618F08FFA6F
:102AB000284670BD066102600B610260FD2900605E
:102AC000E037026008B518F0FAF81FF0C8FF084BAD
:102AD00001301860074B1B68074A0321074816F0AE
:102AE00047F9FFF7A5FFBDE8084015F0C4BA00BFDD
:102AF00070B8282074B828204C610260283D02601C
:102B000070B5002008F08AFE054612F047F81D490E
:102B1000044612F0CBFB0023022120461A4619F08E
:102B200017FB284612F058FF01221749044612F0FD
:102B30005FFF10F093FC10F0A7FCA0F11402142129
:102B4000204612B219F0E1FA0023204605211A4668
:102B500019F0FEFA204603211FF064FF0023012232
:102B60000A49204606F064FE06F01AFF2146064692
:102B700006F074FF064820F01FF9314618F027FAD6
:102B8000284670BD5F61026063610260C52A006013
:102B9000E037026090B589B000AF18F090F80446B5
:102BA0002022394613F00CFA20461FF058FF6C46DD
:102BB00001300E4B8AB018606A460D4BD061C2E9F5
:102BC00005374FF4007313840A4B42F8103F00237B
:102BD0004FF41351084801F065F8A546FFF790FF40
:102BE00015F049FA2437BD4690BD00BF74B82820BF
:102BF000B761026004000001283D026070B500204A
:102C000008F00CFE054611F0C9FF1D49044612F0FC
:102C10004DFB0023022120461A4619F099FA284656
:102C200012F0DAFE01221749044612F0E1FE10F01C
:102C300015FC10F029FCA0F114025421204612B218
:102C400019F063FA0023204605211A4619F080FA8C
:102C5000204603211FF0E6FE002301220A492046F8
:102C600006F0E6FD06F09CFE2146064606F0F6FE5E
:102C7000064820F0A1F8314618F0A9F9284670BDA1
:102C8000D0610260D6610260952B0060E03702607F
:102C900090B583B000AF18F012F8052239466C46A3
:102CA00013F08EF9384620F0AFFB0E4B8AB0186057
:102CB0006A460D4BD061C2E905374FF400731384A7
:102CC0000A4B42F8103F00234FF41351084800F01C
:102CD000E9FFA546FFF792FF15F0CDF90C37BD4689
:102CE00090BD00BF78B828202C620260040000016B
:102CF000283D026070B5002008F090FD054611F0F7
:102D00004DFF1F49044612F0D1FA0023022120464C
:102D10001A4619F01DFA284612F05EFE01221949E2
:102D2000044612F065FE10F099FB10F0ADFBA0F127
:102D300014022421204612B219F0E7F9002320469C
:102D400005211A4619F004FA204603211FF06AFEF5
:102D5000002301220C49204606F06AFD06F020FE01
:102D60002146064606F07AFE084820F025F831464E
:102D700018F02DF93046012118F0B8F8284670BD3A
:102D80004362026048620260912C0060E03702609A
:102D900008B5FFF7C5FC0249BDE8084020F04BB973
:102DA000A082282084B037B5044607A8002580E813
:102DB0000E0013460B49099A684600958DF8045099
:102DC00014F034FE6946204612F070FA2B462A466B
:102DD0000121204619F0BCF903B0BDE8304004B031
:102DE000704700BF6162026084B070B588B00CACFF
:102DF00084E80F000B4B1E6826B908B0BDE8704090
:102E000004B070470FAD6C460FCD0FC40CAB95E806
:102E1000070084E8070070680ECBFFF7C3FF366831
:102E2000EAE700BF7CB8282070B590B00C4806AE29
:102E3000836831465B68984720B10A4A01210A48F5
:102E400015F08DFF0AAD6C460FCD0FC495E8030059
:102E500084E8030096E80F00FFF7C6FF10B070BDCE
:102E6000543702606B620260283D026013B504466D
:102E7000084611F093FE0023082160601A4619F0FD
:102E800067F9002323600A4B5A686AB9C3E9004412
:102E9000084A00230848CDE900230022002314F04B
:102EA0003FFD002002B010BD14605C60F0E700BF81
:102EB0007CB82820F0490200208528202DE9F04F19
:102EC00091B0840705460E46009302F00403DDF836
:102ED00068900293C2F3C203039203F101030593C6
:102EE00040F0BA81041D30B1072909D86FF01B00EA
:102EF00011B0BDE8F08F01F00706341DC6F10806D9
:102F0000009B4FF000084FF0040A591E4FF0FF33AA
:102F10004746C34601935346CDF810800DB1009A41
:102F200022600598002800F3E8809848009A8242C1
:102F300003D397488242C0F0E080039AA4EB050EC9
:102F400092074FEA9E0000F103810F2F00F2B1803B
:102F5000002D00F0058107F140020DEB020C019AF3
:102F60000CF8200C0CF8102C049801300490E7E0C9
:102F70007A285DD84B280ED8472859D829282DD82B
:102F8000252852D054D820287AD02338D0F1000BED
:102F90004BEB000B74E04C382E2849D8DFE800F0EA
:102FA0007048484848484848484848484B48484876
:102FB000484848484859484B4B595959704B6D48F7
:102FC0007048184B184848827F4B48484B487F0050
:102FD00000204FF0000B4FF0040A38E02A3801229D
:102FE000C0B202FA00F010EA0E0F49D110F0625C94
:102FF0002FD110EA020B43D06046013C5444B4FB8D
:10300000FAF40AFB04F4002D61D0A3EB050CA444F0
:10301000B4453FF66BAF002868D1042B47D159F86F
:10302000043B2360043404232AE0019A013A01920C
:103030004FF0000B24E011F8010C6C2834D111F88A
:10304000023C00206C2B8346C5D14FF0080A534642
:10305000D3E709F10709073429F0070924F0070429
:10306000F9E802AB35B106982044B0423FF63EAFD6
:10307000C4E900AB08344FF0000B4FF0080A534688
:1030800011F8010F002878D0BBF1000F7FF470AF6A
:103090002528F5D1019B4FF0010B013301934FF02F
:1030A000040AECE7584694E700208346A5E7082B7E
:1030B00002D06FF015001BE709F1070929F0070995
:1030C000F9E80223C4E9002308340823D8E768B9E3
:1030D000042B02D109F10409A4E7082BE9D109F175
:1030E000070929F0070909F10809EDE7059A013AEE
:1030F000059259F8042B009210E7039A900720D507
:10310000A4EB050E4FF0010C4FEA9E00BEF5007FC8
:10311000CFD20F2FCDD8F5B107F14002C0B20DEBE1
:10312000020E019A0EF8200C0EF8102CBCF1000FC4
:103130003FF41AAF60F07F0008F101080EF8200C90
:103140000137C5F1080204344FF6DA7E069297E79C
:103150004FF0000CDAE7BCF1000F01D00136EFE7C9
:10316000029802360028EBD10098CDE90631FFF72E
:1031700023FA0644DDE90631E2E7631BB3F5806F0D
:1031800097D23DB9A6F10804E018B1E65C350260BB
:10319000A0C402609B08029A28602B709DF8103032
:1031A000C2B1EB7085F80280B8F1000F05D008A815
:1031B0000022C5F1010C97420ED1C5F101030DF1BA
:1031C00020094FF0000A0DF1300B0193574512D141
:1031D000601B8DE66B70E5E710F8013B190608D51A
:1031E00004EB0C0E03F07F03B6453FF67FAE04F808
:1031F000013B0132DFE7B8F1000F03D099F900205D
:10320000002A17DB029BD3B11AF80B2004F8012B1C
:103210000022019B98182044B0423FF667AE99F80F
:103220000000009904F8010B2046039220F053F9A6
:10323000039A14440AF1010A09F10109C6E799F851
:10324000002055F822300093029B009845F8223068
:10325000FFF7B2F9421CDCE76FF00D0048E600BF53
:103260002DE9F04F97B00446894600AF90F802A0D0
:10327000D7F880B03B62CBF3C003FA62BB6141B9BF
:10328000457800780AEB800020444D4517D8A0EB24
:103290000409E378FB61BAF1000F02D01BF0010FC3
:1032A00016D1FB6953BBFB6A1BB13A6A49462046FB
:1032B00098474D4628465C37BD46BDE8F08F461C12
:1032C00009F101093046FFF777F901303044DCE7B6
:1032D0002378626899007A62FA6A796104EB830163
:1032E000002A40F000814D460E4601EB0A094FF0DE
:1032F00000084E454CD101EB0A0610E01BF0020F0E
:10330000D1D023789A0004EB83017A6162687A62F3
:10331000FA6A002A77D14D4601EB0A0690461BF067
:10332000050F0CBF02230123FB62FB6906EB430A76
:103330000BF00203BB625645BCD016F8021B16F810
:10334000013C54F82390AF4B994502D3AE4B9945BD
:1033500036D3BB69002B40D0786A15F031F90028CC
:103360003BD0E9468AB06A46A84B53617B6AC2E902
:1033700006314FF400731384A54B42F8103F00232D
:103380004FF41251A348023D00F08CFCCD46D2E729
:1033900016F8013BF96254F82300FFF70DF9D7F84E
:1033A00084300130F96A4BB1D7F8883098453EBF78
:1033B000D7F8843023F8180008F10108054498E78D
:1033C000BB6923B1786A15F0FBF80028C9D11BF05E
:1033D000010F05D1FB6AED1AADE7BB6A002BAAD03D
:1033E0004846FFF7E9F8D7F8843053B1D7F888306A
:1033F00098453FBF431CD7F8842022F8183008F1C5
:103400000108054497E7BAF1000F72D01BF00406DB
:1034100072D0D046002607F1480052463B61B9629F
:1034200020F059F8B96A3B6901EB0A02F969BA62FE
:10343000FA695200FA60BA6A02EB41023A610BF093
:103440000202BA603A69B96A8A4257D11BF0020F88
:1034500062780CBF4FEA580100217A621BF0010F1D
:103460003244D2B240F09F801BF0040F14BF40469C
:103470000020BB616270A0702046E1703A6A7969F1
:10348000FB6A9847051EFFF615AFBB6941463A6ACD
:1034900007F1480023707B6A84F802A06370FB691F
:1034A000E370FB6A9847B0F10008C0F2B5807B6911
:1034B000A9EB0A013A6AC91AFB68C91AD7E90A03D3
:1034C00098470028C0F2AA80A8444FF0000B07F1EB
:1034D000380A08EB0005B34567D300213A6AFB6A56
:1034E00008469847E6E656464FF0000807F13800D0
:1034F00093E75646D04697E7B04695E7BA6A12F882
:10350000021B12F8015CBA6254F825003D4A904251
:1035100002D33D4A90421ED3BA6932B1786A7B60C9
:1035200015F04EF87B6800288CD1BA6802BB08F110
:10353000280207F1300C08F1010008F10208944458
:1035400007F158025FFA88F852FA80F00CF8101C64
:1035500000F8105C76E7BA693AB1786A7B6015F0DA
:103560002FF87B6800287FF46DAF1BF0010F09D0A6
:1035700006F1280207F13000711C161806F8205CCD
:10358000CEB25FE71BF0040F3FF45CAF08F12802F6
:1035900007F1300008F1010102EB000808F8105CA7
:1035A0005FFA81F84EE7002063E71BF80A3054F811
:1035B000239087F83730D7F88430FBB133F81B807D
:1035C0003A6A012107F13700FB6A9847002825DB9A
:1035D0000544B8F1000F06D14846FEF7EDFF00F1B3
:1035E00001081FFA88F83A6A41464846FB6A98473C
:1035F000002813DB05440BF1010B6CE7D7F884803E
:10360000DEE700BF5C350260A0C402608362026036
:1036100004000001303D026045464BE6054649E6A0
:10362000014B1860704700BFB082282080B5054666
:103630000E461746984613F0F1FEDFF82090034639
:103640001FF082FF0446424649F8003039463046B2
:10365000A84754F8090002F0D3FA00BF08000000A0
:1036600038B502F031FC02F001FC354B354A1A60E6
:103670004FF40042344B1A60344B9A6922F44052A2
:1036800042F480529A615A6942F000725A619A6C0F
:103690009006FCD42E4AD36823F01F0343F0130393
:1036A000D3601368002BFCDA2A4804F065FC274B32
:1036B0001A6922F0070242F001021A619A6CD103E2
:1036C000FCD45A6922F4E0525A61204B9A6C92075A
:1036D000FCD45A691D4C42F440725A619A6942F412
:1036E00040229A615A6922F000725A61A56C15F065
:1036F0002005FBD1636A2846174923F04003636223
:10370000636A23F03F036362A36923F0300343F04D
:103710001003A361A36943F0E053A36104F070FCBC
:103720000D49284604F000FC0C4A0649022016F018
:1037300034FE636D284623F00303636538BD00BF84
:10374000C0BC282000366E01BCBC282000C00F4041
:1037500000000840083E026000389C1C7A84282043
:1037600008B504F005FF044B044A5A641A6C42F091
:1037700004021A6408BD00BF00C00A4055FAAF55E4
:103780002DE9F047044607464FF00109DFF8508065
:1037900014B93846BDE8F08794FAA4F5B5FA85F572
:1037A00009FA05F32E0108EB05156FEA030A24EA6E
:1037B00003042B7B002BEBD058F806301B694BB968
:1037C00046440422284607EA0A077368196800F08D
:1037D00055FADDE7284698470028D9D1F0E700BF21
:1037E000C03D026030B5002289B00F490F481FF07C
:1037F000E3FD0022002300240D4D0E4928460094CD
:10380000CDE906230E234FF44072CDE90334CDE910
:103810000144094B13F036FB084928461FF02DFCE4
:10382000204609B030BD00BF4138006028922820F2
:10383000A08D282080052920213B00604D63026077
:10384000014813F0E5B800BF208628202DE9F04795
:1038500080461E480F4615F0F4F9064678B3002559
:103860002846BDE8F087237B6BB12368DB680BB18A
:103870002046984723681B69CBB963680422204619
:10388000196800F0FBF9013610344C45EBD3B8F160
:10389000000FE5D0002DE2D02846FFF771FF054666
:1038A000002FF7D00021642013F09CFDF2E72046A2
:1038B00098470028E1D00AFA06F31D43E3E7044CD9
:1038C0000546DFF810904FF0010ADEE794B8282093
:1038D000C03D0260D03D0260014B53F820007047AC
:1038E000503E026008B5034608462BB1044A1360F7
:1038F00000F06EFC002008BD6FF01500FBE700BF74
:10390000B482282010B5044C237813B9034813F06F
:103910007FF80123237010BDE6C3282020862820CD
:1039200010B50446084815F08CF95CB1074BBFF39D
:103930005B8F53E8001F013943E80012002AF8D1D9
:10394000BFF35B8F10BD00BF8CB8282090B8282033
:103950000020064BBFF35B8F014653E8000F43E89E
:103960000012002AF9D1BFF35B8F70478CB8282072
:1039700070B5FFF7EDFF084C0546084EB44200D382
:1039800070BD63685B792BB123685B6813B129460E
:10399000204698471034F1E7C03D0260D03D0260F8
:1039A00010B5044C0449204614F038FF034B1C604A
:1039B00010BD00BFA88428203C3E026084B82820A7
:1039C00008B5084A00234FF47A7107481370074A74
:1039D0001360074A1360FFF785FFBDE80840FFF753
:1039E000DFBF00BFE7C328205D8C01608CB82820B2
:1039F00090B82820014600220023014814F02FBF70
:103A0000A8842820014814F0C5BF00BFA88428203E
:103A1000024B0146186815F011B800BF84B8282081
:103A2000014815F046B800BFA8842820254B70B582
:103A30001878002844D0FFF7E5FF054690B1224BE7
:103A4000BFF35B8F53E8001F013943E80012002ADF
:103A5000F8D11E4CBFF35B8F1D4EB44226D32846CF
:103A6000FFF7D6FF1B4B1C4C1B68002B12DD1FF011
:103A70005CFC0A220023FEF723FCD4E90032C01AC2
:103A800040F2E93361EB0201984271F1000101D388
:103A9000FFF76EFFD4E9003213F57A7342F10002AA
:103AA000C4E90032BDE87040FFF7BABF63685B79D4
:103AB00023B12368294620461B6898471034CCE779
:103AC00070BD00BFE6C3282090B82820C03D02602A
:103AD000D03D02608CB828202092282070B50D4D72
:103AE000297861B90C4C01200C4EFFF7AFFEB442AF
:103AF00006D3FFF79BFF0028FBD101232B7070BD7D
:103B000063685B791BB1236820469B689847103433
:103B1000EDE700BFE7C32820C03D0260D03D026052
:103B200000212DE9F0470846FFF790FE044658B300
:103B30004FF4FA784FF000091C4B1FF005FD1C4AAA
:103B40001B58136033B11B4B1B68092B02DD1A484D
:103B500012F05EFF0025194FDFF85CA044B120464B
:103B6000FFF70EFE044618B94FF0FF384FF0FF394B
:103B7000FFF75CFF064628B9B5B942464B465046AA
:103B800012F06AFF3546E9E74FF0FF384FF0FF3992
:103B9000D2E72B689B691BB1002228461146984743
:103BA0001035BD42F5D3E8E7054DFAE708000000FF
:103BB00088B8282090B8282020862820D03D026090
:103BC000C03D026013B5184815F03BF8174B1B7841
:103BD00073B1EFF31184102383F31288BFF36F8F57
:103BE000FFF724FF84F31188BFF36F8F02B010BD7D
:103BF0000F4B1B68002BF9D050B9002200230D4851
:103C0000CDE9002342F21072002313F089FEEDE7A4
:103C10000928EBD107481FF0DBFB074802B0BDE8DD
:103C2000104012F0F5BE00BF90B82820E7C328204E
:103C300088B828202892282020862820064B10B5F6
:103C400004461B6898472146A060044814F083FE90
:103C5000BDE81040FFF7B6BFB4822820A884282012
:103C6000044A054B9B1AB1EBD30F34BF52F8310015
:103C700000207047283D0260C03D0260084BC31A17
:103C80001B1110B401334468237143689A710122F7
:103C90004368196043685A7110BCFFF733BE00BF18
:103CA000C03D02602DE9F04F8FB0C1F34A280D46A8
:103CB000914604AF0C0DB8607B60B8F1000F63D083
:103CC000002607F114034FF0040B4FF00A0AC7F85F
:103CD0000C8032467E624846C7E90766019307F1C9
:103CE0001C03CDF808B0CDF800A0F968FFF7B8FACA
:103CF000B0F5006F03461CD36C468AB0D9F80410A7
:103D000004AB26481A46C3E9050140F2FF71D961A8
:103D10004FF400711984224B42F8103F4FF41251B6
:103D200033462048FFF7BEFFA5462C37BD46BDE809
:103D3000F08FC0F30A0804F117003B60184468F3E1
:103D4000532520F007008008FFF754FE044690B189
:103D50003B6800F11001144A4846F961C7E908368A
:103D600007F11403CDF808B0CDE900A307F11C0357
:103D7000F968FFF775FA68F353257B68B968204640
:103D80002A4614F09CFFD0E704F1170020F007004A
:103D90008008FFF72FFE0446EDE700BF6263026074
:103DA00004000001583D0260938C01602DE9F04F42
:103DB00087B00446934698460391DDE91279DDE920
:103DC000105ABFB13B46524610210020CDF800905A
:103DD000CDF81490FFF772F8B0F5006F06460AD3DD
:103DE00040F2FF73174A0221174807B0BDE8F04FB1
:103DF00014F0BEBF3E4604F0070405F117000BF0B7
:103E0000070BE400304444EA8B1420F0070044EA36
:103E10004624800844EA0554FFF7ECFD054640B10E
:103E20003FB13B46524631461030CDF80090FFF787
:103E300045F8434622460399284607B0BDE8F04FAF
:103E400014F03DBFA1630260583D0260406820B19C
:103E5000034BC01A40F3CF0070474FF0FF3070475C
:103E6000283D02600EB403B503AB0146054853F884
:103E7000042B019302F0EEF902B05DF804EB03B0FD
:103E8000704700BFD38D0160CA0605D48B064CBFB6
:103E900002490349FFF7E6BF704700BFDA630260DB
:103EA000D96302602DE9F04F89B09B4604460D4668
:103EB000149B90469DF84CA00693159B179E059366
:103EC000169B0493BAF1000F00F09D8006F48073F6
:103ED00006F00209079314F0DAFE024600283ED0ED
:103EE00091492046FFF7BEFF0746B9F1000F08D001
:103EF00016F0440F35D12A468C492046FFF7B2FF11
:103F0000074406F0010353B1894B2046894953F811
:103F10002A20894B002A08BF1A46FFF7A3FF06F4A0
:103F20008073002B49D006F00803002B63D1B8F151
:103F3000000F66D0424681492046FFF793FF0546B1
:103F4000069B3D44002B6DD1049B002B73D1F307DE
:103F500000F1E48031462046FFF796FFD8E007469F
:103F6000C3E7774B18680028CAD0764B4FF47A79AC
:103F70004FF461614FF03C0C1B68B5FBF3F5B5FBEA
:103F8000F0F300FB135509FB05F5B3FBF1F2B5FBAC
:103F9000F0FE01FB123100FB1E55B1FBFCF309FBE7
:103FA00005F50CFB1311B5FBF0F5009120466649B1
:103FB000CDE901E5FFF756FFA2E706F00803EBB1F4
:103FC000624B2046624953F82A20FFF74BFF054613
:103FD000B8F1000F05D0424658492046FFF742FF8E
:103FE0000544BBF1000FABD05A465A492046FFF7B3
:103FF00039FF0544A4E74FF0000BE1E706F00805A0
:10400000E6E745469CE7BBF1010F069B06D1002B76
:1040100064D1049B002B7BD000250CE0002BF8D052
:104020004D485CE04D48069B22464D4914F097FAF6
:10403000049B002B68D0DFF82C81DFF82C91049FC3
:104040004FF0000B31462046102F28BF1027FFF7F6
:104050001BFF5D4545DC059B4FF0010B49462046A3
:104060001A78FFF7FFFE1BF0070F03D141462046E9
:10407000FFF7F8FE5F453BD9059B4946204613F8FC
:104080000B20FFF7EFFE0BF1010BBBF1100FEAD194
:104090004FF0000B35492046FFF7E4FE5A46059BDA
:1040A00020469A5CA2F120015F29314928BF2E22C7
:1040B000FFF7D8FE0BF1010BBBF1100F1DD01BF069
:1040C000070F03D141462046FFF7CCFE5F455A4615
:1040D000E5D841462046FFF7C5FEEBE71F485546A9
:1040E000A1E7414620460BF1010BFFF7BBFEB0E70D
:1040F00020492046FFF7B6FEC5E7059B3B440593E4
:10410000049BDB1B04939AD1BAF1000F7FF41FAF1D
:10411000204609B0BDE8F04F14F04EBE064A2046D6
:104120000449FFF79FFE15E7E1630260E563026063
:10413000603E026023830260DC6302600A64026006
:104140009CB8282098B82820EE630260743E026074
:104150000E64026014640260098E0160D38D0160F8
:104160005562006021640260196402602364026089
:10417000256402601F64026042F20F73114A8B4291
:1041800073B5044628BF0B4605680521684613F041
:1041900021FC636806460B2228465B680A4914F036
:1041A000FDFD63683246694628465B6814F0F6FDFB
:1041B00063681B2205495B68284614F0EFFD02B0D6
:1041C00070BD00BF8B7102604464026028640260AD
:1041D00000210123064A904206D8064A01B901236C
:1041E0001360054B18607047400801215B00F2E73F
:1041F00040420F0098B828209CB82820F8B50D46FA
:1042000004464618054FB44201D12846F8BD14F8BB
:10421000011BBB6801485B689847F4E77836026089
:10422000014B036000207047BC3E02600C4BF0B4B1
:104230000C4E5F6A0C4BB34203D36FF08500F0BCA9
:1042400070475D68BD4209D31C693CB195F802C056
:104250000579AC4502D12346F0BC18472433EAE780
:10426000C4B828201C872820F88628202DE9F0478C
:1042700005460E461746124CDFF84880DFF8489096
:10428000444503D36FF08500BDE8F0876268D9F834
:1042900024309A4212D3A36983B190782979884255
:1042A00005D13A4631462846BDE8F04718475279CD
:1042B000012A03D13A463146284698472434DFE79D
:1042C000F88628201C872820C4B828202DE9F04132
:1042D00005460E4617460A4CDFF82880444502D3AF
:1042E0006FF0850009E063690BB92434F6E73A46BC
:1042F0003146284698470028F7D1BDE8F08100BF35
:10430000F88628201C872820024B00221A605A6059
:10431000704700BF7FB9282070B50B4B0B4CA342F0
:1043200001D3002070BD196A00221E7F0439D5B266
:10433000AE4201D82433F2E7013211F832508542FF
:10434000F5D10120EEE700BFF88628201C87282041
:1043500008B5044A03460121034814F0C1FD0020BA
:1043600008BD00BF8A640260B03D026038B50546F2
:1043700002F038FB10F1780F044611D12B460D4A9C
:1043800002210D4814F0ACFD2846002414F0AAFDCB
:104390000A4AD2F8C43023EA0003C2F8C43007E066
:1043A0000028F1D02B46064A0121034814F098FD5D
:1043B000204638BDA5640260B03D0260C4B8282024
:1043C000C6640260094808B50378C3F341130A3391
:1043D00050F823303BB100F1080200F1100198477A
:1043E000C043C00F08BD1846FCE700BFC4B8282072
:1043F00004282DE9F74F04460F46DFF8989015D0B2
:1044000001282FD1DFF8908098F8B93053B3234DAD
:1044100000F0C0FE4D4522D22A6A4FF0000A2B7FE1
:104420005FFA8AF6B34204D82435F3E7FFF76CFF4E
:10443000E8E702EBC60601920AF1010A307902F0C0
:10444000D1FA8346307914F04DFDD8F8C430BBF171
:10445000000F019A23EA0003C8F8C430DFDA002312
:1044600088F8B9300D4D4D4508D30B4B1B6A6BB125
:104470003946204603B0BDE8F04F1847EB681BB142
:104480003A462146284698472435ECE703B0BDE874
:10449000F08F00BF1C872820C4B82820F886282069
:1044A00073B5C4B20D4663068DF8074007D02046A9
:1044B000FFF732FFB0B1144B93F8BA0090B1124E2F
:1044C00023468DB1114A0321114814F009FD9DF8CE
:1044D000070002F07BF9F3691BB10DF10701082019
:1044E0009847012002B070BD0A4A0321084814F021
:1044F000F7FC9DF8070002F097F9F369002BF0D064
:104500000DF107010920EBE7C4B82820E864026038
:10451000B03D0260FB64026073B5044680782B4DA9
:104520008DF800002379627943EA0223ADF8023066
:10453000E37803F003038DF8043014F0D3FCD5F8CE
:10454000C430064618420CD0A478204600F004FE81
:104550002046FFF70BFF1EF08AFD10B996201EF0D3
:1045600077FE684602F09AF810F1780F9DF8003057
:104570001BD1174A0221174814F0B2FC9DF8000025
:1045800002F0DCF910F1780F19D19DF8003002210A
:10459000114A104814F0A4FCD5F8C430012033436C
:1045A00085F8B900C5F8C43007E00028E6D00B4A0A
:1045B0000848012114F094FC002002B070BD0028CE
:1045C000EAD09DF80030064AF2E700BFC4B82820C0
:1045D00010650260B03D026057650260336502609D
:1045E000776502602DE9F047924D04460E46174666
:1045F000AB69C3B9207800F01F00012876D00228EB
:1046000000F0DC8000BB94F900103A680029637860
:104610002EDA062B0CD0082B25D0ABB95370012312
:104620001370022303E198470028E3D100200DE036
:104630006388190A0A1F8C46012A05D9072903D85D
:10464000DAB26B6A1C781CB96FF01500BDE8F08710
:104650005D78654503D1824200F0E4800130234457
:10466000F0E71B78E3E095F8BA3013700123DEE041
:10467000052B11D0092BE7D163886E6A002B32D14C
:10468000FFF742FE638885F8BA30EB69002BCDD086
:10469000694903209847C9E7A07801F0C5FF0028C1
:1046A000C4D0D1E77378042B10D0052B11D0022B86
:1046B00004D177796388BB4208BF012033781E4458
:1046C0003378002BEED10028BED0D9E796F80380CE
:1046D000F4E76388BB42F1D1B8F1000FEED1304668
:1046E000FFF71AFFEAE7FF27B846E9E795F8BA307F
:1046F000D7F800C0002BA7D06F6AA28894F804E016
:104700003B46187800289FD05978022904D193F8A5
:104710000480F04500F292800344F2E78CF8003008
:104720008CF80130316081E71F4493E00B2B8BD173
:1047300000264FF0FF08B246C14606E07B78042B06
:104740000FD0052B21D03B781F443B78002BF5D1AF
:10475000EB6913B1514607209847002E7FF466AFEE
:1047600072E797F80280A38897F803909845EAD1FA
:1047700063889945E7D1B8F1070F1CD805EB08030A
:10478000BA46012683F8BB90DDE7A3884345DAD11A
:10479000A3784B450AD0BE78304600F0DDFC3046A9
:1047A000FFF7E4FDB0FA80F67609CCE73846FFF76C
:1047B000B3FE0646C7E7BA460026C4E794F90020D0
:1047C0006378002A18DA002B7FF43EAF24793F6823
:1047D00063060AD02046FFF79FFD00283FF434AF60
:1047E00095F8BA30002B3FF42FAF3946204602F03F
:1047F0006FF800237B7014E7012B08D0032B7FF4A4
:1048000023AF6388002B7FF41FAF012103E0618891
:1048100000297FF419AFA088FFF742FE00287FF43B
:1048200005AF11E702293B607FF41BAF5B88336063
:10483000FCE600BFC4B828207EB9282094F9000007
:1048400063780028BFF672AF002B3FF467AF0A2BE6
:104850007FF4FAAE3B78002B3FF4F6AE797804296A
:104860007FF462AFB9788A427FF45EAF072A96BFC1
:104870005219002392F8BB308CF80030F6E600BFE6
:104880002DE9F84F05460F46904699460426DFF875
:1048900034B0DFF834A04B4642463946284602F091
:1048A000DFF810F10B0F044609D12B465A460221BE
:1048B000504614F015FB12F013FD013EEBD12046DB
:1048C000BDE8F88F98650260B03D026013B5164CE4
:1048D000237DF3B9E26801ABA16880200192FFF764
:1048E000CFFF019AA3681344A360E3689B1AE360B7
:1048F0006BB962B12369E2889A4208DD94F8C82056
:1049000093FBF2F102FB11330BB90123237502B0C3
:1049100010BD002380201A461946237502B0BDE859
:10492000104002F09DB800BFC4B828207FB5002316
:104930000D4606460193002862D100293AD108228B
:104940000B460DEB020114F07BFC002804DA8020FA
:1049500001F03CFF04B070BD2E4C029ABDF80E3041
:104960002260039A2575626004F13802A2609DF905
:104970000820002AC4E903550FDB802B09D9264AF9
:104980000121264814F0EBF9802001F01FFF284692
:10499000DEE713B1C4E90333DCE7FFF713FD0028BA
:1049A000D5D0E28823699A42D4BFE260E360FFF782
:1049B0008DFFCFE7174C01ABD4E90212002A05DCCA
:1049C000024614F03DFC0028C4DAC0E714F038FCBD
:1049D000002804DA802001F0F9FE3046B8E7019A99
:1049E000A3681344A360E3689B1AE360002BB1D172
:1049F00004F13803A360FFF7E5FC0028D7D1A6E750
:104A00008028A7D1034BDA68002AD0D11B7D002B68
:104A1000CDD19FE7C4B82820BF650260B03D0260D9
:104A2000054B064A586200209A62054ADA62054A36
:104A30001A63054A9A617047C4B82820E5450060AA
:104A40002D420060CD4200606D4200602DE9F341CF
:104A500004464C4D4FF0FF334FF0FF324A4811F0FF
:104A600023FF95F8B8306BB16FF07704474A022105
:104A7000474814F074F9444811F08EFF204602B004
:104A8000BDE8F0816B6A6BB900F0D6F8FFF7C8FF9C
:104A90006B6A3BB93F4A01213D4814F060F94FF081
:104AA000FF34E8E73C482C62E8616E6A02F024F9C2
:104AB00001F082FD041EDEDB00F08EFB041EDADB5B
:104AC0007378012B01D1F3793BB9344A0121304885
:104AD0006FF0150414F043F9CDE70026684685F819
:104AE000C830ADF802308DF804608DF8006001F038
:104AF000D5FD041EBFDB802768468DF8007001F0ED
:104B0000CDFD041EB7DB2649304602F0D1F8041E65
:104B1000B1DB2349384602F0CBF8041EABDB214C55
:104B2000DFF8848044451AD3002001F007FF041EFB
:104B3000A1DBD5F8C430802043F00103C5F8C430B0
:104B400001F0FCFE041E96DBD5F8C430002443F4CB
:104B50008033C5F8C430012385F8B8308BE7276A65
:104B60000026227FF3B29A4201D82434DAE707EB19
:104B7000C30257F833100136107902F099F8002873
:104B8000EFD08CE7C4B828206C852820D865026057
:104B9000B03D0260FB650260F14300602066026088
:104BA0002D490060F88628201C87282030B5204B2E
:104BB0008BB003F1100505AA1868083353F8041CDC
:104BC0001446AB4203C42246F6D11B7810220021C2
:104BD00001A823701EF0A7FC1222002115481EF028
:104BE000A2FC102101A802F0BBFA00281DDD082854
:104BF00001AB1049B8BF082009381A18002012F874
:104C0000013F0AAC0130023104EB131403F00F032F
:104C1000082803F1280314F8144C6B4401F8024CE3
:104C200013F8143C01F8013CE9D102480BB030BD47
:104C30005A660260EAC328202DE9F04F894B87B0FD
:104C400093F800A000AFBAF1000F04D086481C37DB
:104C5000BD46BDE8F08F844C00264FF00119354663
:104C6000B046FE6023783BB90234804B9C42F3D1BE
:104C700001237C4A1370E9E76378052B1DD8DFE830
:104C800013F0AD000600EF00AD001F005000402300
:104C900007F1100087F810A07B8287F814A001F0BC
:104CA000DDFC40B1082307F110007B8201F0D6FC47
:104CB00008B1A7F812A07B8AE37123781C44D1E7DE
:104CC000E378002BF9D1A37813B3FB680133DBB28F
:104CD000FB60F2E76B689C421CD02435644B9D421C
:104CE000F8D36D4688B06A46624BC2E905340323A7
:104CF00042F8103F00234FF4C2515F48FEF7D2FF45
:104D0000AD465D4801215D4A14F029F800209EE778
:104D10005B4DE3E7AB68002BD7D0F9682046984796
:104D2000D3E7002D58D1574A0121534814F017F802
:104D3000E7E72B6AA07803EBC2010B79984245D1D3
:104D40004FF0010BE0785FFA8BF300F00300387549
:104D5000207994F805C040EA0C20788294F902008A
:104D6000002826DA0BF110004FF0010C0CFA00F0CD
:104D700010EA090F25D143F08000387407F11000C4
:104D8000BA60C7E9003101F069FC3B68D7E901125C
:104D9000B8B93A7C12F0800FA2700A714FF001028C
:104DA00017BF103302FA0BF2DBB29A4049EA02094C
:104DB00083E7012000FA0BF010EA090F01D1184631
:104DC000DBE70BF1010BBBF1100FBBD101322B7FE5
:104DD0009A42AED32C4AA7E70022F8E7032E25D14A
:104DE000FFF7E4FE8346A8B1FDF7E6FB034688B172
:104DF000102806D0B860254A02211F4813F0AFFFE3
:104E0000BB68102B594604F10200A8BF10231A46B4
:104E10001EF061FB23786FF00201E218091B04EB1E
:104E20005303D14209D50136F6B246E7002EF1D13F
:104E3000B8F1000F08D1164A76E702F801AC13F872
:104E4000010902F8020DECE7A4EB080388F8023030
:104E5000C3F3072388F80330FB6888F80430E2E7DF
:104E6000A0462AE7E9C3282030862820F786282094
:104E70001C8728206B660260A83D026051670260B3
:104E8000F88628208B660260CC660260E9660260C4
:104E900034670260084B00211A4610B51C78844222
:104EA00004D15C6814B102EB811010BD01314033B4
:104EB0000429F3D10020F8E790B928202DE9FF411B
:104EC00050F8283C044610F82C6C10330AD10369C2
:104ED00050F8202C98073DD5D2B9590715D5002395
:104EE00044F8283C54F8283C10330BD054F8148C68
:104EF00054E907751EF0BBF8002857D02146324808
:104F00001EF099F804B0BDE8F08143F0040323617A
:104F100003AB54F8241C3046FFF7B2FC034640B103
:104F20002A4A01212A48009613F02CFF6FF015033E
:104F3000D6E7039A54F8243C134444F8243C54F82C
:104F4000203C9B1A44F8203C54F81C3C134444F881
:104F50001C3CC7E703AB54F8241C304601F0CCFDE1
:104F600003460028DCD1039D54F8243C2B4444F82C
:104F7000243C54F8203C5B1B44F8203C54F81C3C77
:104F80002B4444F81C3C002DA9D0304601F0BAFE59
:104F9000B5FBF0F303FB1055002DA0D154F8203CD5
:104FA000002B9CD0304601F02FFE9BE744F8180CF4
:104FB000A4F1100011F02CFD002DA3D0424639467B
:104FC0003046A8479EE700BF609228207F670260B6
:104FD000B83D02604B1E012B73B506460D4614D832
:104FE000FFF758FF044690B9012D0ED101AB012205
:104FF0000DF10301304601F07FFD019B002BF5D13F
:105000000C4A01210C4813F0AAFE02B070BD1EF03C
:105010002EF804F12C0108B1012D05D1084602B08B
:10502000BDE87040FFF74ABF044802B0BDE87040D9
:105030001EF001B89C670260B83D026060922820B3
:105040002DE9F74F054616469846019113F08AFF61
:10505000002871D1EFF311831022009382F312889C
:10506000BFF36F8FDFF8D8908346002200234846B5
:1050700011F0F2FCA0B9DFF8CCA04FEA8B170AEBD5
:105080008B1BDBF8044014F1100F20D12E4A2B4665
:1050900001212E4813F06CFE484611F0B9FC0DE0DA
:1050A0000BF1010B09F14009BBF1040FDDD16FF0E9
:1050B0000B04274A0121254813F051FE009B83F37E
:1050C0001188BFF36F8F204603B0BDE8F08F0C99B5
:1050D000019BCBF814100D99CBF810002846CBF8A3
:1050E00018106FF00F010AF80750CBF83C80CBF88E
:1050F0000410CBE9023601F005FE68B1284601F044
:1051000001FEB6FBF0F101FB10662EB1DBF83C109E
:1051100041F00401CBF83C1018F0020F07D007F162
:105120002C010C48002451441DF085FFC6E7284699
:1051300001F06AFD0446C1E76FF00F04C3E700BF4A
:10514000ACB9282090B92820D1670260B83D026030
:10515000B66702606092282010B5EFF31184102327
:1051600083F31288BFF36F8FFFF794FE50B143684B
:10517000103307D16FF08B0300F12C01436004481A
:105180001DF059FF84F31188BFF36F8F10BD00BF6E
:1051900060922820F8B50E4C04251027EFF31186F5
:1051A00087F31288BFF36F8F6368103307D16FF0F6
:1051B0008B0304F12C01074863601DF03CFF86F36C
:1051C0001188BFF36F8F013D04F14004E6D1F8BDB3
:1051D00090B928206092282070B5094C0025094E0E
:1051E000314620461DF00BFF01220135A4F11000CD
:1051F000403411461DF0B8FE042DF1D1002070BDE1
:10520000BCB92820BD4E006070B504460E46017939
:105210001546154813F083FE10B394F90020637807
:10522000002A16DB202B04D0222B0ED06FF0850035
:105230000AE02B681A6840F8102C9A8820F80C2C89
:105240009B7900F80A3C002070BD638800F8093C97
:10525000F9E7212BEAD11038072328603360F2E701
:105260006FF01200F0E700BF90BA28200146044812
:1052700008B513F061FE10B1012300F8073C08BD2A
:1052800090BA28200169012381F84B300B6833B1B3
:1052900091F849301BB1083101481DF0CCBE704770
:1052A000609228200169012381F84A300B6833B1EC
:1052B00091F848301BB1083101481DF0BCBE704761
:1052C00060922820012370B582F848300D4613689B
:1052D00014463BB192F84A3023B102F108010D485F
:1052E0001DF0A9FED4F850329A681B699A4205D184
:1052F0007DB904F118014FF47A7204E004F1180149
:10530000002DF8D0002200230248BDE8704011F0C3
:1053100007BD70BD6092282070B5056995F85E02E2
:10532000E0B195F85F32D3B985F84830EFF31186D4
:10533000102383F31288BFF36F8FD5F8500213F058
:10534000FAFB044686F31188BFF36F8F0022002317
:1053500005F11801034811F0E3FC204670BD002060
:10536000FCE700BF6092282000210D4A0346A0F808
:105370004810106883F85C12C3F854029088927940
:10538000A3F8580203F14C0083F85A224FF400723C
:1053900083F85B12A3F85E1283F860121EF0C3B8A4
:1053A000F03D0260F0B5D0F84C3285B004465B6841
:1053B0001B6A1F7D384613F0D5FD064608BB94F8DE
:1053C0004632F3B14FF4806203A9D4F8380213F0E7
:1053D000D1FB0546A8B1C0F3080384F8306003B9D7
:1053E000451EA4F1180303992A4638460193064B3B
:1053F00000930223FFF724FE2946D4F8380213F065
:10540000D8FB05B0F0BD00BFC552006010B5002349
:105410000469C4F8683204F51A720B4BC4F86402CC
:10542000596869B9C3E9002204F1080007491DF071
:10543000E6FD04F1180006491DF00DFE002010BD28
:105440000A605A60F0E700BF90BA28208F8F016091
:10545000A553006030B54FF40033426885B005694C
:1054600042F2A1000B4CADF80C1001A9CDE90103EB
:10547000002385F85D32106A0A220079FFF700FAEE
:1054800095F85D3223B901201DF0ACFC013CF7D149
:1054900005B030BDA186010073B500230469102555
:1054A0008DF8071084F84830EFF3118685F31288E1
:1054B000BFF36F8F01220DF10701D4F8500213F0F2
:1054C0003AFB86F31188BFF36F8F01280AD01DF0D5
:1054D000CEFD10B994F861326BB9094B1A780AB94C
:1054E00001221A700A22002304F11801054811F064
:1054F00017FC02B070BD00210A2011F073FFD3E742
:10550000FCC328206092282037B514460A1E0546A1
:1055100021DD04F14C01D4F84C0213F00CFB012303
:1055200084F8493023683BB194F84B3023B104F13F
:10553000080111481DF07FFDD4F84C124B684A69F0
:105540009A1ACB699B1AB3F5007F04D2012384F821
:10555000603203B030BD94F85E32002BF9D0074BB7
:105560004FF4007204F14C0128460093012301948A
:10557000FFF766FDEDE700BF609228200955006047
:1055800073B50D4601461C4813F0BEFC10B303680A
:10559000691EA0F519745E6805291BD8DFE801F0C3
:1055A0001C1A031C222694F85E1299B90123224684
:1055B00084F85E32336A187BFFF7A6FF94F8482020
:1055C00042B9336A1146187D0C4B019400930223B3
:1055D000FFF736FD02B070BD204602B0BDE8704056
:1055E000FFF7C2BE012384F85F32F3E794F85F321D
:1055F000002BEFD00023F6E790BA2820C5520060B8
:1056000037B5094D00244FF0FF334FF4806207494E
:105610002846009411F046FB054928461DF02DFD53
:10562000204603B030BD00BF60922820C00829206A
:10563000146802602DE9F047064600AF0C460029C9
:1056400036D0E9468AB0A3686D46D1E900122148F8
:105650004FF0050AA846C5E90501C5E9072348F842
:1056600010AF002342464FF421511B48FEF71AFBAE
:10567000CD466369AD46D4E903121848C5F810A0B9
:10568000C5E90501C5E90723002342464FF421512E
:105690001148FEF707FBCD46E369114A01210E4888
:1056A00013F066FBA3690F4A01210B4813F060FB5E
:1056B000012E07D1EFF305830B4A103B3146064814
:1056C00013F056FB2146304610F090FEBD46BDE873
:1056D000F08700BF1D680260803D02604C68026078
:1056E0007B6802608A680260B868026030BFFFF7BA
:1056F000FDBF00BF2DE9F0410B4E0546DFF82C80C1
:10570000324606EB0807CC1B094920461DF0E3FE94
:10571000A019083C424600211DF005FF07F10800D2
:105720002C67BDE8F08100BF000000000800000009
:10573000E03D0260074A936893F90E10002907DBE9
:105740005269934204D0044A536843F08053536033
:10575000704700BF8CC3282000ED00E070B5294CD5
:1057600006460D462848294913F031FDA36AD9049D
:105770003CD52548264913F02AFD1720A36A1A05AF
:1057800004D52148234913F022FD18201D4CA36A9B
:105790009B0512D51C48204913F019FDA36BA26A82
:1057A000100409D51D4A0121174813F0E1FA1EB172
:1057B000A36A23F40043A3621920124CA36A59057B
:1057C00004D51148164913F002FD1A20A36ADA0520
:1057D0000ED50D48134913F0FAFC1B20094A936AB1
:1057E00043F47F43936200232B7070BD1620C5E7FE
:1057F000A36A9B04F2D504480B4913F0E8FC1C2073
:10580000ECE700BF00ED00E0803D0260CB68026085
:10581000E1680260F2680260056902601E69026068
:10582000336902604E6902606669026010B5204CFF
:105830002049214813F0CBFCA36A990136D51E48B4
:105840001E4913F0C4FC1E20A36ADA0104D51A48CD
:105850001B4913F0BCFC1F20154CA36A1B0304D585
:105860001548184913F0B3FC2120A36A590304D545
:105870001148154913F0ABFC22200D4CA36A9A0382
:1058800004D50D48114913F0A2FC2320A36ADB03C1
:1058900004D509480E4913F09AFC2420044A936A5F
:1058A0006FEA03436FEA1343936210BD1D20CBE7F9
:1058B00000ED00E095690260803D0260AD69026024
:1058C000C0690260DA690260F86902601D6A0260FC
:1058D000376A02602DE9F843364D804689463648DE
:1058E0003649174613F073FCAB6ADE0627D5112440
:1058F0003349314813F06BFCAB6A1D0704D5122401
:1059000030492D4813F063FC2A4DAB6A980718D52F
:105910002D49294813F05BFC6E6BAB6A190646D51E
:105920002A4A33460121244813F022FAB9F1000F24
:1059300003D0AB6A23F08003AB62132403E010248E
:10594000DAE76FF015061B4DAB6ADA0704D51424AD
:105950001F49194813F03BFCAB6A9B0604D515247C
:105960001C49154813F033FC124B9A6AD50602D431
:105970009A6A90070AD55B68190507D541463046F3
:1059800000F018FA10B180F309880224094B9A6AD2
:10599000920603D55A6A22F400525A629A6A204645
:1059A00042F0FF029A6200233B70BDE8F8836FF07B
:1059B0001506C2E700ED00E0803D0260626A026009
:1059C000786A0260F2680260AB6A0260C36A0260D1
:1059D000D96A0260666902602DE9F041664B8AB0BF
:1059E00004460026D3F8048000AFC8F3080586F308
:1059F0001188BFF36F8F02F07F43B3F17F4F07D160
:105A000002F00C03082B12D15C495D4813F0DFFB58
:105A1000002634460023FB71EB1E092B00F28B801D
:105A2000DFE803F00A81847E8989898989871007E4
:105A30004CBF0C460126EDE75249514813F0C7FB15
:105A40004D4D0023FB71EB6A9A0705D54E494C4832
:105A500013F0BDFB002333E0EB6A002B01DA4B4966
:105A6000F5E7EB6A5B00F5D54949454813F0AFFB14
:105A70006B69A26943F480736B61BFF34F8FBFF30F
:105A80006F8F6B6932F8022C23F480736B61BFF364
:105A90004F8FBFF36F8F4DF602739A4209D0AB6AF6
:105AA000DBB283B3FA1D01212046FFF713FF034643
:105AB00006E02368374A0121314813F059F9236879
:105AC000FA79E2B907F1080504F1200C20680834DE
:105AD00054F8041C2A46644503C21546F6D17A6A76
:105AE000002E44D0C2F3080121B96FEA52226FEAB6
:105AF00042227A6207F108011846FFF79BFD28371A
:105B0000BD46BDE8F081AB6A13F47F4F04D0F91DA8
:105B10000120FFF723FECAE7AB6AB3F5803F99D3B4
:105B2000FFF784FEC3E7FA1D0021BDE7F91D002041
:105B3000EFE719498BE718F4F87F184AE8468AB06E
:105B4000174B18BF13466A461649103DC2E90513A4
:105B50004FF40073D5611384134B42F8103F0023B8
:105B60004FF411510648FEF79DF8C54672E722F43E
:105B7000FF7222F00102BCE700ED00E0266B02603C
:105B8000803D0260516B0260686B0260896B02604D
:105B9000976B0260B66B0260D26B02600D6B0260A5
:105BA000F86A0260F66B026004000001024A536961
:105BB00043F010035361704700ED00E0EFF30880FD
:105BC000EFF3098101B57246FFF706FF01BD00BF83
:105BD000FDF7C6FD102080F3118808484FF40461DA
:105BE000401880F30988EFF314800221084380F302
:105BF0001488BFF36F8F00F0A3F800004011292034
:105C0000084B9B6883420BD1EFF3058343B1064BEE
:105C10005A6842F080525A605A6A22F400425A622C
:105C20001DF026BB8CC3282000ED00E0094A6FF070
:105C30000A0193689967084958674B6843F0805395
:105C40004B60002383F31188BFF36F8F9368986FC5
:105C5000704700BF8CC3282000ED00E010B504465B
:105C6000EFF31183102383F31288BFF36F8F0A4B76
:105C70004FF0006258699860084B5A60084B026FF9
:105C80001A600022436F426783F31188BFF36F8F5E
:105C900000F040F9204610BD8CC3282000ED00E044
:105CA00098BA28200B498A684FF030001044EFF36F
:105CB000098C80E8F01F74467046FFF7CFFFA646B8
:105CC00004498A6802F1300090E8F01F8CF30988DB
:105CD000704700008CC328201EF0040F0CBFEFF3A8
:105CE0000880EFF30980816911F8021C0229FFD0B6
:105CF00001B513F061FA01BD00B2002807DB0123F2
:105D0000410900F01F00024A834042F821307047E9
:105D100000E100E000B2013100284FEA0111C9B2F0
:105D200006DB00F1604000F5614080F80013704729
:105D300000F00F00014B1954704700BF14ED00E054
:105D40000F4A08B522F07F020E4B9A60BFF34F8FC7
:105D5000BFF36F8FD3F8882022F47002C3F8882035
:105D6000EFF3148323F0040383F31488BFF36F8FDE
:105D700010F028FC11F0F0FB00F05AF810F070FC65
:105D80000020006000ED00E042F8203C203A009B3B
:105D900007495360019B21F001019360029B9161CF
:105DA000D3604FF08073D36100230265436770476F
:105DB0002D360060094A0346906870B113F1160F42
:105DC000006E05D0A0F140029A4205D8834203D26A
:105DD000814228BF00207047002070478CC32820D4
:105DE00015460C4A0E4608B50B4B9060026F1A60C0
:105DF00000F090F82C4686F309884FF00000074B1E
:105E0000984720464FF000014FF000024FF000038A
:105E1000034C20478CC3282098BA2820DF910160CA
:105E20002D360060014B10221A61704700ED00E032
:105E3000002304481021C2180133A02B82F800135C
:105E4000F9D1704700E100E008B5EFF30583064A99
:105E5000103B02EBC30152F8330049688847BDE8A4
:105E60000840FFF767BC00BFF4370260154A70B501
:105E7000536913F4803323D1C2F88430BFF34F8FBA
:105E8000D2F8803043F6E074C3F3C900C3F34E3355
:105E90005B0103EA0406014646EA81750139C2F84E
:105EA0006052F9D2203B13F1200FF2D1BFF34F8F94
:105EB000536943F480335361BFF34F8FBFF36F8F48
:105EC00070BD00BF00ED00E00B4B5A6912F40032C8
:105ED00011D1BFF34F8FBFF36F8FC3F85022BFF3C1
:105EE0004F8FBFF36F8F5A6942F400325A61BFF38C
:105EF0004F8FBFF36F8F704700ED00E0024B022120
:105F0000024A034800F08AB800002C200000282034
:105F1000103F0260026E4021044B403A18461A605E
:105F2000034AC3E90112012100F082B89CBA28207B
:105F300000000B1508B503461048D0F89020C2F3B6
:105F40000722013A934207D90D4801210D4A12F068
:105F50000FFF6FF0150008BDC0F898300A6822F0F6
:105F60001F021A4342F01002C0F89C208A6842F0D7
:105F70000102C0F8A0201846EDE700BF00ED00E0E8
:105F8000783D02600D6C0260F0B50E4685B01F468C
:105F900004460025B5420DDA606810B397B1431E80
:105FA00018420AD0104A2B460121104812F0E0FE98
:105FB0006FF01502104605B0F0BD1F28F2D9216818
:105FC0000B42EFD1236801A9019313F01CF9A368D8
:105FD0000343D0B20393FFF7ADFF10F1160FE7D0E4
:105FE000421C01350C34D5E7336C0260783D026009
:105FF000044B0522C3F89420BFF34F8FBFF36F8F7C
:10600000704700BF00ED00E0BFF35F8F024B00223E
:10601000C3F89420704700BF00ED00E010B5034CBA
:1060200001232278FFF7B0FF207010BDFDC32820A8
:106030000B4A08B500231278FFF7A6FF10F1160FE0
:1060400007D0084A0021D2F89030C3F307239842C2
:1060500000DB08BDC2F898000130C2F8A010F2E7DA
:10606000FDC3282000ED00E06A496B482DE9F043AC
:10607000D1F8903085B00268C3F307239A4200F24A
:10608000C580FFF7C1FF4B69DB031ED50023C1F8B4
:106090008430BFF34F8FD1F8803043F6E075C3F3FF
:1060A000C904C3F34E335B0103EA0507224647EAFE
:1060B0008276013AC1F87462F9D2203B13F1200FC5
:1060C000F2D1BFF34F8FBFF36F8FD0E900410022B1
:1060D0005048A24201F10C011AD1504C68460025EB
:1060E0004F4F2270FEF79CF8DFF838810646DFF844
:1060F0003891AE421FD1237800204649D1F8902034
:10610000C2F3072293427BDB0020FFF771FF4CE0D4
:10611000C0F8982051F80C3C23F01F0313430132C0
:1061200043F01003C0F89C3051F8043C43F00103E5
:10613000C0F8A030CDE700984FEA051C00EB051130
:10614000CB683B40B3F5000F44D00AD8B3F5001F2D
:106150002ED0B3F5800F34D0B3F5801F10D00135A9
:10616000C7E7B3F1807F3ED0B3F1007FF7D150F89D
:106170000C30886813F047F84A6840F4802009E042
:1061800050F80C30886813F03EF840F088504A68A8
:1061900040F43020039001A92078CDE90123FFF7D6
:1061A000C9FE002828DA6FF0150005B0BDE8F083BD
:1061B00050F80C30886813F026F84A6840EA080066
:1061C000E8E750F80C30886813F01DF84A6840EA98
:1061D0000900DFE750F80C30886813F014F84A68BB
:1061E00040F08270D6E750F80C30886813F00BF856
:1061F0004A6840F08870CDE7237801332370AEE71A
:10620000C1F898300133C1F8A00077E74FF0FF30B4
:10621000CBE700BF00ED00E0103E0260FDC3282088
:106220000000F0FF000008110000020708B5024B53
:106230001B689847002008BDA8BA2820034B044AD1
:106240001860937843F0020393707047A8BA28202F
:1062500018832820F0B587B007460E461446002163
:10626000102268461D461DF05EF902232A4621468B
:106270008DF802306846044BCDE90476019311F0A5
:1062800073FC07B0F0BD00BF2792016006490748C4
:1062900021F00701C1F1005208B502F5301212F0E9
:1062A00021F9002008BD00BF3F392920ACBA2820C1
:1062B000F0B5114D85B0114E114F4FF0FF334FF037
:1062C000FF3201A9284610F097FA034688B1012150
:1062D0003A460C4812F04CFDEFE7236813B1019ADF
:1062E000934202D1636801A898470834B442F4D3BA
:1062F000E3E7054CFAE700BF80852820E03D026017
:10630000566C0260483D0260D03D02601FB50190AE
:106310009DF818008DF809108DF80800ADF80A20D6
:106320000393DDE9082301A9024810F015FA05B02E
:106330005DF804FB80852820014814F088BA00BF6E
:106340004087282010B58AB000220023002412497B
:10635000CDE906236FF00D034FF4806201F58860EC
:106360000094CDE90334CDE901440C4B10F08AFDD3
:106370000B490C481CF081FE09AA21460A4813F07B
:10638000E7FA002805DB099B22461979186813F003
:10639000F2FA0AB010BD00BF40882820AD6300604B
:1063A0006B6C0260808C2820283F02602DE9F04150
:1063B000774D86B0774C4FF0FF324FF0FF3303A993
:1063C000284610F019FA9DF81420A2F11003052BAD
:1063D0007DD8DFE803F00372777C7C6D0022E368F0
:1063E0000E21A06884F8D4205B69984720B16A4ADE
:1063F00001216A4812F022FF0023D4F8DC201A445D
:10640000917D6FF341019175D4F8DC201A44183363
:10641000917DB3F5C07F6FF300019175EDD100223E
:1064200040230221A0688DF80820D4F8DC200193D5
:10643000938201AAE3685B69984720B1584A012119
:10644000564812F0FBFED4F8DC300221A0689A7D99
:106450006FF341029A75D4F8DC20937D43F0010379
:106460009375802340228DF80630D4F8DC309A856D
:1064700001AAE3685B69984720B14A4A012147486D
:1064800012F0DCFED4F8DC300021012093F82E203D
:106490006FF3410283F82E20D4F8DC2092F82E30DE
:1064A00043F0010382F82E30D4F8D830984782E7C1
:1064B0000021D4F8D8300846F8E7D4F8D8300021C5
:1064C0000520F3E7D4F8D83000210620EEE7D30901
:1064D00003EB420303F0FF030F2B07D9324A0121DC
:1064E0002E4812F0ABFE06B0BDE8F081D4F8DC70A7
:1064F00003EB430303AA07EBC30603CA47F83300C1
:1065000071601068B060D4F8DC0000EBC302167A4A
:10651000F10901EB460101F0FF07C9B201EB4101AE
:1065200000EBC1034FEAC108997D6FF341019975F2
:10653000536801333FF43FAF537AF3B933061ED5A6
:1065400094F8D43083B1012F0ED1E3680821174AA3
:106550005B69A068984728B1154A39460F4812F080
:106560006DFE28E784F8D4000221D4F8DC304344DF
:106570001B6933B1304698471DE70021F5E701213B
:10658000F3E70C4A33460121044812F0F1FB12E70D
:10659000F885282040872820746C0260A03D0260A6
:1065A000916C0260BB6C0260E46C0260148828206D
:1065B000016D02601E6D026038B5164C164BC4F8B2
:1065C000DC3094F8E03033B1144A0221144812F060
:1065D00035FE002038BD134B04F10802214602208D
:1065E000E36002F07BFD054688B902460121712077
:1065F000FFF790FB7120FFF77FFB01232A46294616
:1066000084F8E030E368A0685B699847E1E76FF0E1
:106610000400DFE740872820B8BA2820406D0260D8
:10662000A03D0260303F0260094B142110B5DA68CA
:1066300083F8D4009868546903F1D402A04730B1BC
:1066400004480121044A12F0F9FD6FF0150010BD55
:1066500040872820A03D0260016D026008B50378E4
:10666000017903F07F02DB0903EB4203DBB241B99E
:106670003AB1074A0748012112F0E0FD4FF0FF3020
:1066800008BD0F2B01D9044AF4E70020F8E700BF4A
:10669000516D0260A03D0260706D0260F0B502783D
:1066A00085B0424D0446D3098DF80A20D5F8DC6048
:1066B00003EB420303F0FF01DBB203EB43030F29BB
:1066C0004FEAC30706EBC3064FF000038DF80C300A
:1066D0004388ADF8083003798DF80B3008D9344879
:1066E0000121344A12F0AAFD6FF0150005B0F0BD8B
:1066F000B37DD90706D5304A02212D4812F09EFD00
:106700000020F3E7EB6803218DF807200DF1070265
:106710005B69A8689847034620B1284A02212448AB
:1067200012F026FBF16821B125481CF0EEFB002396
:10673000F36000220023618821481CF0DCFBF0603C
:1067400038B91B4801211F4A12F078FD6FF00B0089
:10675000CCE7628800211CF0E6FED5F8DC306288C8
:1067600002213B44A8689A8202AAEB685B699847B9
:1067700038B10F480121144A12F060FD6FF0040097
:10678000B4E723785A0608D11B0606D4D5F8DC30C6
:106790003B449A7D42F002029A75D5F8DC303B44C6
:1067A0009A7D42F001029A75AAE700BF408728202F
:1067B000A03D0260E46C0260946D0260B06D026006
:1067C00058852820DD6D0260F76D0260C30903EB78
:1067D000400303F0FF030F2B13B58DF8070008D912
:1067E0000D4801210D4A12F029FD6FF0150002B08D
:1067F00010BD0B4B0421DA68986854690DF107024B
:10680000A0470028F3D004480121064A12F016FDE3
:106810006FF00400EBE700BFA03D0260E46C026093
:1068200040872820156E0260F7B5C40905468DF82B
:10683000070004EB400404F0FF040F2C08D91F48A4
:1068400001211F4A12F0FAFC6FF0150003B0F0BDF1
:106850001C4E0DF107020521F368B0685B6998478B
:1068600038B1194A0121154812F0E8FC6FF0040014
:10687000ECE76A0601D10020E8E72B06FBD404EB25
:106880004404D6F8DC20F368294602EBC402B06861
:10689000E700DC68938AD268A04730B10B4A2B46E8
:1068A0000121064812F064FAE0E7D6F8DC303B44F8
:1068B0009A7D42F002029A75DDE700BFA03D0260BA
:1068C000E46C0260408728202E6E0260446E0260F5
:1068D000C30903EB400303F0FF030F2B37B50C464E
:1068E00008D9124A0121124812F0A8FC6FF01500D5
:1068F00003B030BD0029F9D000238DF804000B70DF
:106900000721ADF806300B4BDA689868556901AA83
:10691000A84738B106480121074A12F08FFC6FF0F2
:106920000400E5E7BDF806302370E1E7E46C02609F
:10693000A03D026040872820696E0260C20902EB18
:10694000400212F0FF02F8B5044639D00F2A07D9E9
:106950001F4801211F4A12F071FC6FF01500F8BDAD
:106960001D4D02EB4202D5F8DC30D60003EBC2022B
:10697000937D980708D516482346184A022112F03D
:10698000F7F96FF07700EAE761061BD0230619D408
:10699000EB682146A868DF68938AD268B84740B19F
:1069A0000B4823460E4A012112F0E2F96FF0040071
:1069B000D5E7D5F8DC3033449A7D42F002029A756F
:1069C0000020CCE7937D43F002039375F8E700BF06
:1069D000A03D0260E46C026040872820876E026060
:1069E000446E026070B5C409054604EB400404F02F
:1069F000FF040F2C07D916480121164A12F01EFC7D
:106A00006FF0150070BD144EB06868B1F368294688
:106A10001B69984740B10E482B46104A012112F0DD
:106A2000A7F96FF00400EDE7D6F8DC3004EB44047E
:106A3000002003EBC4039A7D6FF300029A75D6F829
:106A4000DC3003EBC4039A7D6FF341029A75D9E7FA
:106A5000A03D0260E46C026040872820A56E0260C1
:106A60002DE9F04105461E461046EC0904EB4504AD
:106A700004F0FF040F2C08D91A4A1B48012112F018
:106A8000DDFB6FF01500BDE8F0812B0601D4174A3D
:106A9000F3E7174F04EB4404D7F8DC3003EBC403EF
:106AA0009C8ADA68844228BF04460020844210D1C0
:106AB000FB682946B868D3F808802346C04760B110
:106AC00009482B460B4A012112F052F96FF00400DD
:106AD000D9E70B5C13540130E8E70EB90020D2E788
:106AE0003460FBE7E46C0260A03D0260C16E0260AE
:106AF00040872820DA6E02602DE9F047C4090F466E
:106B0000DFF8EC90984604EB40041546D9F8DC30E9
:106B1000064604F0FF01E4B204EB4404E20003EB98
:106B2000C404A07D800708D532480121324A12F002
:106B300085FB6FF00F00BDE8F0870F2901D8300604
:106B400007D52E4A01212B4812F078FB6FF0150073
:106B5000F1E717B96DB12A4AF4E753F802A0636868
:106B6000591C10D1B8F1000FF0D00023C8F8003044
:106B7000ECE763685A1CF5D0B8F1000F01D0C8F8F3
:106B800000300020D7E7AB4205D91E4A0221194840
:106B900012F054FB2B4600229A4211D1B8F1000F9B
:106BA00001D0C8F80030002EEBD1D9F8DC20507AA3
:106BB000116890B1CB8843B9002389F8E130E0E750
:106BC0001AF80210B9540132E6E791F90030002BAF
:106BD00001DA0123F1E70223EFE799F8E110002938
:106BE000CFD0AB42E8D2928A9342E5D3C9E700BF47
:106BF00040872820A03D0260FA6E0260216F02608B
:106C0000486F0260586F0260F8B5C309044603EB91
:106C1000400303F0FF030F2B01D8020607D51F48DE
:106C200001211F4A12F00AFB6FF01500F8BD1D4D3F
:106C300003EB4303D5F8DC20DE0002EBC302937DB7
:106C40009B0708D5184A03460221144812F090F811
:106C50006FF00F00EAE730B995F8E130DBB1012BB6
:106C600008BF85F8E100EB682146A868DF68938AD1
:106C7000D268B84740B1094823460C4A012112F0B6
:106C800077F86FF00400D1E7D5F8DC3033449A7D13
:106C900042F002029A750020C8E700BFA03D0260E2
:106CA000216F0260408728207E6F02609D6F026026
:106CB00008B5C30903EB400000F0FF000F2807D917
:106CC0000A4A01210A4812F0B9FA6FF0150008BD0E
:106CD000084B93F8E020002AF7D000EB4000D3F8EF
:106CE000DC3003EBC00300201961F0E7E46C0260C4
:106CF000A03D026040872820014BC3F8D8007047B0
:106D00004087282008B5C30903EB400000F0FF00CE
:106D10000F2807D908480121084A12F08FFA6FF0AE
:106D2000150008BD064B00EB4000D3F8DC3003EB48
:106D3000C003988AF5E700BFA03D0260E46C0260E2
:106D40004087282008B50022002302480FF004FDE8
:106D5000002008BDF8852820B1F5A06F38B514468D
:106D600013D0B1F5706F32D0B1F5407F2BD11A4DF1
:106D70006B6A5A0619D4194801F066F96B6A062243
:106D800003F03F03B0FBF2F00AE0134D144AAB6985
:106D9000C3F30113D05C01F02BFBAB69C3F3826337
:106DA0000133B0FBF3F020600DE00E4BD3F87032EE
:106DB000DB060AD40C4B1A686B6A03F03F030133FD
:106DC000B2FBF3F22260002038BD084AF4E702204B
:106DD00001F088FBE7E700BF00C00F400D00100086
:106DE000EC6F026000800D40C0BC282000366E01B0
:106DF00008B507481CF006F838B10648FFF71EFA38
:106E00000448FCF70DFC002008BD6FF01200FBE702
:106E100078360260196E00600A2838B50446074DBE
:106E200004D1AB680D2128465B689847AB68E1B296
:106E300002485B689847204638BD00BF783602603C
:106E400008B5044A0221044811F089FF6FF085005B
:106E500008BD00BFF06F0260903D0260F0B585B0E4
:106E600004460A216FF00103456800AF686C80FB9F
:106E70000101181A4FF0FF3363EB010110F0B2FA71
:106E8000636820469B6A98470646D8B92B6B204614
:106E900098476C4688B06A465F4BC2E905304FF4AC
:106EA000007393835D4B42F8103F4FF4E251334639
:106EB0005B486FF01505FCF7F5FEA546284614372C
:106EC000BD46F0BD2B6ADBB96568A42223693A711F
:106ED00095F84020002A15BFA721A62104220222EE
:106EE00079711A702B6A93B9204612F0D7F900B362
:106EF0004C4A01214A486FF0040511F030FFDDE7EC
:106F000005F1200012F013FA051EDDDAD6E7203570
:106F100000210A2010F066FA0121284612F022FA18
:106F200000210A2010F05EFA0021284612F01AFA19
:106F3000DAE748F2D502636807F1080120463A8192
:106F4000D922BA72062293F83C30FB7242F2DB037C
:106F5000BB81012312F090F90028C9D163684DF27A
:106F6000403207F1080120463A8193F83A20BA727C
:106F7000DA22FA7293F83F20002A0CBF1222022272
:106F80003A73A8227A73072293F83B30BB7301232C
:106F900012F072F90028ABD1626807F108012046AF
:106FA00092F83D30603B3B7292F83E300222002B5B
:106FB0000CBFC023C8237B72012312F05DF90028A7
:106FC00096D1636807F10801204693F84130002B01
:106FD00015BF8B231423AD228D227B7233233A728B
:106FE0000322BB72012312F047F9002880D101234C
:106FF0000222391D204612F03FF900287FF478AFB5
:107000008021204612F056F9054600287FF470AF23
:10701000204612F037F951E70970026003000001C1
:10702000903D0260227002602DE9F347B3F808C07A
:107030000646B3F804901C460A9FCC45D0F804A03D
:1070400009D2404A0121404811F089FE4FF0FF303B
:1070500002B0BDE8F087B3F806E01B680EFB09F547
:10706000ED109D4228BF1D4607B10DB9374AE9E72B
:10707000CC4501D9364AE5E712F0070C01D0354A74
:10708000E0E7CBB29AF84110C2F3C708A1B39AF86F
:107090003810B946E246194401F00F03C1F3031159
:1070A00041F010018DF800308DF801105FFA8AF37D
:1070B000E288B3EBD20F01D30020C9E74344032297
:1070C0006946304663F04F038DF80230012312F019
:1070D000D3F803460028B9D1A2884946304612F0B9
:1070E000CBF80028B2D1A3880AF1010A99447B1990
:1070F0009945DBD9184AA5E78DF80330013B2021DB
:107100008DF806804B44ADF8001021218DF8043035
:1071100022238DF8021069468DF8053002EB0E032C
:107120000822DB10013B8DF80730012312F0A4F890
:10713000034608B1094A85E72A463946304612F027
:107140009BF885E73F700260903D02605B700260D3
:107150007B7002608C7002609F700260B67002608B
:1071600073B51A4C0829D4F8306428BF0821D4F824
:107170003054D4F83024D4F830342D0A12021B06CF
:1071800005F47F4502F47F0243EA16632B43134361
:107190000093D4F82064D4F82054D4F82024D4F8F0
:1071A00020342C0A1B0604F47F4443EA166323436D
:1071B00014020A4604F47F0423430C4669460193F3
:1071C0001CF089F9204602B070BD00BF00401F408E
:1071D00003462DE9F04153F8185D044686B069680E
:1071E000CA689B1A184A1B1153438A68D618D0588C
:1071F0003779D0F81080836805A95B68984748B94B
:10720000059BD8F800205A400123BB401A4214BF06
:107210000120002014F9083C834211D004F8080C26
:10722000031E32894FF0FF374FF0FF364FF0010158
:1072300018BF012328460091CDE90267FFF766F8E1
:1072400006B0BDE8F08100BF9C9999992DE9F04FF7
:1072500087B04FF000094FF0010B466802AFF568A8
:10726000F8601835BD6073684B4505DC337D002B35
:1072700040F09780002423E00C23D6F808A003FBFD
:1072800009F80AEB08045AF808001BF0BBFD034696
:10729000D8B95AF808206C4688B0116802AA454847
:1072A000C2E905014FF400719183434942F8101F70
:1072B0004FF4E2514148FCF7F5FCA5466FF012048B
:1072C00020461437BD46BDE8F08FE3885AF8080021
:1072D000217943F48032046913F0010F0BFA01FCA9
:1072E000D0F808E0236814BF4CEA030323EA0C0338
:1072F0002360DEF800309847044638B1304A4B46E8
:10730000009001212D4811F03DFDD9E7FB6828468A
:1073100045F8183C31691BF09EFE337D002B3CD1B3
:10732000D6F808A0A5F114010AEB08031A797B60CE
:107330000BFA02F2234B45E904325AF8080082683E
:10734000D4696CB10122A047041E7B680BDA1E4A87
:1073500001211A4811F003FD1C4A4B460094D0E766
:107360006FF05704F3E7FF2205F8082C5AF80800DD
:10737000197983689C696CB14FF0C0634FF0A072BB
:10738000A047041E09DA124A234601210B4811F0D6
:10739000EFFCE1E76FF05704F5E709F1010950351B
:1073A00061E732680A23B868A2FB03230FF016FDD9
:1073B00060E700BF5E71026003000001403D0260B3
:1073C0006E7102602B9701608E710260AA7102607B
:1073D000B171026000292DE9F7430CBF4FF400168C
:1073E0004FF0E8660546002400F1040806F0C06985
:1073F00055F8340018F8341083689F6977B14B460C
:1074000006F0B072B84760B1084A234600900121E7
:10741000074811F0B7FC03B0BDE8F0836FF05700E8
:10742000F2E7002CF7D10124E2E700BFAA71026065
:10743000503D02602DE9F04100AFD0F83480D8F81B
:1074400010404046D8F8046012F0EAF994F8403051
:10745000054683425AD0D8F804301B6A4BB1BFF3BB
:107460005B8FD4F89430BFF35B8F13B9404612F0B2
:1074700042FA94F8403045EA0313202B4FD048DC01
:10748000102B04D006DC012B1CD0022B04D14FF0B2
:10749000FF3317E0132B42D0D8F80030E84688B00D
:1074A0006A462049C2E905134FF4007393831E4BCB
:1074B00042F8103F00234FF4E4511C48FCF7F2FB64
:1074C0000023C54684F84050EFF31181102282F367
:1074D0001288BFF36F8F626C1A44626481F3118863
:1074E000BFF36F8F636C96F82A20002BB8BF5B4206
:1074F000934203DB04F148000FF0CEFB736A0A22CB
:1075000004F15800A3FB02230FF068FCBD46BDE860
:10751000F081312BBBD0322B01D0232BB6E70123D6
:10752000D0E700BFDE71026003000001503D026041
:107530002DE9F04F83B0044655490669D0F8048020
:1075400002AF304640F8484B1BF059FD06F1580099
:1075500050491BF080FD00224F4906F108001BF046
:107560002BFF0122F46398F8043006F1880B98F899
:107570000C104FF0000902FA03F38A401343474A04
:10758000C6E9232308EBC90558F839001BF03AFC7B
:107590000346D0B958F839206C4688B0116802AA61
:1075A0003F48C2E905014FF4007191833D4942F81B
:1075B000101F4FF4E2513C48FCF774FB6FF01205CA
:1075C000A54610E04FF00109DCE728464FF4803172
:1075D00012F0B6F8054658B1344A4B4600900121E6
:1075E000314811F0CFFB28460437BD46BDE8F08F87
:1075F00063681B6AA3B958F839008368DB6963B113
:10760000012259469847B0F1000A09DA284A0121B7
:10761000254811F0A4FB5546E5E76FF0570AF5E75A
:10762000B9F1000FCED04FF0000998F814304B4557
:1076300008DC204612F0F4F886F84000204612F0EC
:1076400027F9D0E7D8F810B00BEBC90A5BF839007E
:107650001BF0D8FB034610B95BF839209CE7636840
:1076600050461B6A002B0CBF4FF4D0114FF4B011E1
:1076700012F066F8824638B10C4A4B460090012160
:10768000094811F07FFBC6E709F10109CDE700BF0A
:10769000AB970160EF980160357400604599016017
:1076A0005E71026003000001503D02606E71026075
:1076B0008E710260124B03F1780252E8002F42F003
:1076C0000C0203F1780040E800210029F3D103F116
:1076D000700252E8002F42F0300203F1700040E8DF
:1076E00000210029F3D103F1780252E8002F42F083
:1076F000300203F1780141E800200028F3D17047FF
:1077000000C00F4010B50469064920663034204699
:107710001BF0A1FC42F21072002320460FF02AFB5E
:10772000002010BD2977006038B5036B42F210725B
:107730001C6900230FF01EFBEFF31185102383F368
:107740001288BFF36F8F636801333B2B05DC6360E6
:1077500085F31188BFF36F8F38BDA3680022013312
:1077600062603B2B01DCA360F2E7E368A2600133B7
:10777000172B01DCE360EBE7E3694FF4C871E260CB
:107780000133226A2069072B02F1010200F1010096
:10779000A8BF002322622061E361A36993FBF1F299
:1077A00001FB1232EAB1642193FBF1F201FB1232C8
:1077B000002A18DD13F0030F0C4A0D4908BF1146CB
:1077C0006269895C8842C3DD01210A4421610B2A78
:1077D000C5BF0022013362616261C4BF2262A3613E
:1077E000B6E70249ECE70249EAE700BF017202602E
:1077F0000D7202602DE9F04F83B006464FF001098B
:10780000D0F80480D0F810A000AFD8F80C3098471A
:10781000DAF84450DAE9113203EBC2039D421AD37D
:107820000AF13C05284612F07DFBCAF800603A1DBB
:107830000021D8F81C0012F08BF8041E28DB7B68AE
:1078400000221979186812F096F8044600BB284601
:1078500012F068FB1CE028681BF0D4FA0346E0B97C
:107860002A686C468AB0297910686A46D1614FF45B
:1078700000711A4D11841A49C2E9055042F8101FCF
:107880004FF411511748FCF70DFAA5466FF012049A
:1078900020460C37BD46BDE8F08F28682979EB8873
:1078A000DA07046909FA01FBD0F808C054BF43F4B1
:1078B000B01383F4D013D4F800E023F48012DB0774
:1078C0004CBF4EEA0B032EEA0B032360DCF80030BA
:1078D0009847041EDCDB08359CE700BF3872026065
:1078E00004000001883D0260F0B585B006460469D9
:1078F000436800AFD4F88C201868D4F88430E56B66
:10790000CBB94ABB6DB1AB685BB1A98811F48056A5
:1079100007D128691BF066FAE06B3146083012F097
:10792000EDFA0023E36604F15C000FF071F800202B
:107930001437BD46F0BDE988090141F48011F960B2
:10794000D4F88010002A38D0D4F888509342C7E980
:10795000001534D033D908E0E9883B600901D4F838
:10796000883041F480117B60F960BA60BB68211DEA
:107970003A46C4F8903000F0B5FF04460028D6D04F
:107980006D468AB033686A460E49D061C2E9051374
:107990004FF4007313840C4B42F8103F0B48002344
:1079A0004FF41151FCF77EF9B4F5C87FAD4614BF12
:1079B0006FF015006FF00F00BAE7C7E90012BB6067
:1079C000D4E700BF5C72026004000001883D0260E1
:1079D00010B51C46D3F89020D3F8843033B19A42C6
:1079E00013D9274A0121274811F0B9F9D4E92332E4
:1079F00033B19A4226D9224A0121224811F0AFF927
:107A00002068BDE81040FFF76FBF9B1AC4F88430B0
:107A100083B9236F04F1840204F1740104F170004E
:107A200008332367636F013B636712F054FAC4F8AD
:107A30008000DBE7D4F88030002BD7D01344C4F8A3
:107A40008030D3E79B1AC4F88C3083B9A36F04F15C
:107A50008C0204F17C0104F178000833A367E36F22
:107A6000013BE36712F037FAC4F88800C8E7D4F89E
:107A70008830002BC4D01344C4F88830C0E700BF5E
:107A80007F720260883D02602DE9F04F98468B8836
:107A90000D468DB0990407469146046929D44FF0EC
:107AA000FF324FF0FF3304F14C000EF0D5FF256498
:107AB000D7F810B07E68DBF83C30D6F800A09D42C5
:107AC0007FD0AB881A051BD56FF085057A4A012156
:107AD0007A4811F044F9E36B9B8813F4005304D106
:107AE000236404F14C000EF093FF28460DB0BDE86E
:107AF000F08F636D002BD2D1236C9D42CFD1D7E79D
:107B000004A800F0E3FDEB88042B09D9042201212D
:107B10006A4800926A4A11F035F96FF01505DAE704
:107B2000AB88C3F345120592C3F340028DF81820C9
:107B3000C3F38002C3F300138DF819208DF81A30B7
:107B40002B6804933369079373690893B3690993A6
:107B500096F820308DF82A3070681BF053F938B948
:107B6000584A012155486FF0120511F0F8F8B2E7B4
:107B7000D6E901018368DB68002BCED003AA9847C1
:107B80000028CAD1DBF83C304BB1DAF8103023F0D2
:107B90000103CAF81030DAF81030DB07FBD4039A7F
:107BA00004A9504600F0F6FD5B46474A0BF104017C
:107BB000504600F07BFE0021504600F07FFDCBF8E0
:107BC0003C50B9F1000F57D1C4F87090002304F174
:107BD000840204F1740104F17000636712F07BF910
:107BE000C4F88000B8F1000F4ED1C4F878800023AB
:107BF000E36704F18C0204F17C0104F1780012F0D7
:107C00006AF90023C4F88800E06BE36648B1836832
:107C10003BB10121083012F071F9E36B18691BF0D8
:107C2000E1F83846FFF760FE054600287FF453AFC1
:107C3000616F03468B422FD10023E06F1A468242C8
:107C400031D1AB424FF4FA5238BF2B465A43E36B63
:107C50001B68B2FBF3F20A23C832A2FB032304F130
:107C60005C000EF0F9FE28B3184A012113486FF0AA
:107C7000730511F074F82EE7D9F800302367002B54
:107C8000A4D0D9F80430A2E7D8F80030A367002BBD
:107C9000ADD0D8F80430ABE7226F02EBC30201335A
:107CA00052681544C6E7A16F01EBC2010132496871
:107CB0000B44C4E7E56E0EE79D720260883D0260EA
:107CC000B7720260D3720260D1790060F272026012
:107CD0004FF0E0230F4910B59C691A6908689B6949
:107CE00002F480320C4934B993B903464AB90A68A0
:107CF0001044C01A10BD002B08BF03460AB9A342A6
:107D0000F5D90A6802440A604FF0E0221269EEE7F2
:107D10000446F3E7B8BC2820B4BC28200A4B102244
:107D2000002083F823204EF66022084B1A604EF69E
:107D30005F22074B18604FF0E0235A6198611A697F
:107D400042F007021A61704700ED00E0B8BC28203D
:107D5000B4BC282010B5FFF7BBFF1049104B0868D2
:107D6000D3E90042001942F10002C3E900020D4AC2
:107D700000230B604EF66023D2E90041001BB0FBEC
:107D8000F3F043431B1941F10001C2E900310FF048
:107D9000D5FCBDE81040FDF7CDBC00BFB4BC282029
:107DA00018962820109628202DE9F041DFF8E08071
:107DB00099B1421C0BD14FF0E022136923F001036B
:107DC00013614FF07F43C8F80030BDE8F081D8F868
:107DD0000060012807DC00270BE0431CD8F8006096
:107DE000F7D14FF48B7040F217139842A8BF184692
:107DF000471EEFF31185102383F31288BFF36F8FB3
:107E0000FFF766FF234C4FF0E0239969D4E9002384
:107E100080184FF0000243F10003C4E900031E4B39
:107E20001A601E4B1A68831A2ED44EF6602C0CFB77
:107E3000073303F56A435F33B3FBFCF7131A40F6CD
:107E4000A6620CFB0733934238BF1346144A934291
:107E500028BF1346C8F800304FF0E022013B90697C
:107E60005361002381429361A1EB0003D4E9001226
:107E700038BF9B195B1842F10002C4E9003285F358
:107E80001188BFF36F8FA0E740F6A663E2E700BF5B
:107E9000B8BC282018962820B4BC2820109628208A
:107EA0004084FE0038B5EFF31185102383F3128868
:107EB000BFF36F8F084B1C68084B1B68E41AFFF771
:107EC00007FF85F31188BFF36F8F4EF660232044C0
:107ED000B0FBF3F038BD00BF18962820109628207C
:107EE00038B5EFF31185102383F31288BFF36F8F3A
:107EF000044B1C68FFF7ECFE85F31188BFF36F8F0E
:107F0000204438BD18962820044BD3F87032DB0685
:107F100002D4034B186870470248704700800D4038
:107F2000C0BC282000366E01104AD2F8803043F0E1
:107F30000303C2F8803002F5F212D2F8403143F068
:107F40000203C2F840310A4B00BF013BFCD1094A91
:107F50000120D2F8203123F4F85323F0010343F435
:107F6000B85343F00103C2F82031704700C00F40FE
:107F7000801A060000800D400F4A037911689B03A8
:107F800021F4E0319BB20B4343F48033136011685A
:107F9000036821F4415103F07F0321F03F010B43BB
:107FA00043F4005313601368002BFCDA136823F4C6
:107FB00080331360704700BF00800D400F4A437844
:107FC00011699B0321F4E0319BB20B4343F48033EE
:107FD00013611169037821F441515B0021F0020122
:107FE00003F002030B4343F4415313611369002B65
:107FF000FCDA136923F480331361704700800D406D
:1080000008B50E4B1A69920414D51A6942F0400261
:108010001A610B4B01201A6B22F000421A631A6B93
:1080200022F080421A6300221A601A6B42F4C612D0
:108030001A6308BD0348FFF7C1FFEAE700800D405F
:1080400000900D4041730260C0F30B41024600F006
:108050001F0001F1804101F5582170B50B68C34044
:10806000D80719D50B6813F4404F18D1FFF74CFF10
:1080700004460B6813F480330FD152498A424AD028
:1080800021D8A1F5A0018A4200F0988009D80D2AD4
:1080900031D04D4B9A4235D00024204670BD00248B
:1080A000E7E74A498A42F7D1494D286D2A6EA4FB79
:1080B0000001FAF705F92B6BDB074CBF16231423DD
:1080C00063431C18E9E743498A4271D00ED84249FC
:1080D0008A4245D0414B9A42DED13D4BD3F8E03045
:1080E00003F003033E4A52F82340D6E73D4B9A4241
:1080F000D2D13D4CD1E7364B1B6803F07F0363437D
:108100005C08CAE7324B1B6913F0020F0CBF142343
:1081100016235C43C1E72E4D2E6FD5F88000D5F8AD
:10812000902006F07F06A4FB0001FAF7C9F82B6F38
:10813000664313F4C01306EB00040DD0B3F5002F13
:108140000CD0D5F87031294A1340B3F5004F2DD02B
:108150009342A2D1A408A0E7A408F2E76408F0E7DC
:108160001B4DD5F8A060D5F8B000D5F8C02006F0BA
:108170007F06A4FB0001FAF7A3F8D5F8A030664308
:1081800013F4C01306EB00040CD0B3F5002F0BD092
:10819000D5F8703103F04043B3F1804F06D0B3F10E
:1081A000404FD6E7A408F3E76408F1E7640874E7F2
:1081B000074BD3F8E030C3F3810393E7044B1B6A0A
:1081C000A2E700BF0D0070000D0010000D00300090
:1081D00000800D401400E0000D00A0000D00E00044
:1081E000C45602601500E00040787D0100808000E8
:1081F000044BDB68DB0702D40348FFF725BF0348C5
:10820000704700BF00C00F400D00100000366E0127
:1082100010B504461348FFF717FF032C1FD8DFE8FB
:1082200004F0020C1218104BD3F8003103F03F0396
:10823000B0FBF3F01223584310BD0B4BD3F80031C1
:10824000C3F30523F4E7084BD3F80031C3F3054328
:10825000EEE7054BD3F80031C3F30563E8E70020F0
:10826000E8E700BF0D00300000800D4010B5204C45
:108270006069A36910F000701AD003F44053B3F59D
:10828000805F07D0B3F5005F0ED07BB91948FFF7C8
:10829000DBFE01E0FFF738FE154B5B69C3F3C263F9
:1082A0000133B0FBF3F00DE01348F0E70020F3E7F3
:1082B00003F44023B3F5002F15D004D86BB1B3F508
:1082C000802F0FD010BDB3F5402FFBD10D20FFF74D
:1082D000BBFE236903F00703E2E70748BDE810404F
:1082E000FFF7B2BE0220BDE81040FFF791BF00BF0C
:1082F00000C00F400D0010000D00300008B5FFF762
:10830000B5FF044B5B69C3F382230133B0FBF3F089
:1083100008BD00BF00C00F4008B5FFF7EFFF044BDA
:108320005B69C3F301230133B0FBF3F008BD00BF69
:1083300000C00F4010B5084CE3695B0608D5FFF795
:10834000E3FDE36903F03F030133B0FBF3F010BD3D
:10835000FFF7E2FFF5E700BF00C00F4010B504468D
:108360001348FFF771FE032C1FD8DFE804F0020C5E
:108370001218104BD3F8F03003F03F03B0FBF3F0CA
:108380001223584310BD0B4BD3F8F030C3F3052331
:10839000F4E7084BD3F8F030C3F30543EEE7054BA1
:1083A000D3F8F030C3F30563E8E70020E8E700BF47
:1083B0000D00100000800D4010B50C4C63695A068A
:1083C00010D563691B0609D50120FFF7C7FF636954
:1083D000C3F302430133B0FBF3F010BD0220FFF7FB
:1083E00017FFF4E7FFF742FFF1E700BF00C00F40BF
:1083F00008B51B2863D8DFE800F0111115191D21FD
:108400000E252A2C313335494B4D525456585A5C5F
:108410005E60373B3F434FF4004008BDBDE8084075
:10842000FFF76CBFBDE80840FFF7C6BFBDE80840D6
:10843000FFF772BFBDE80840FFF77CBFBDE808400A
:10844000FFF762BD0D20BDE80840FFF7FDBD1D48E8
:10845000F9E70020BDE80840FFF780BF0120F9E7F9
:108460000220F7E70320F5E7BDE80840FFF7C0BEAC
:10847000FFF7BEFE8008D0E7FFF7BAFEC008CCE7E2
:10848000FFF7B6FE0623B0FBF3F0C6E70E48DAE7C7
:108490000E48D8E70020BDE80840FFF7B9BE01202C
:1084A000F9E70220F7E70320F5E70948CBE7094899
:1084B000C9E70948C7E70948C5E70948C3E70020F5
:1084C000ABE700BF0D0010000D0020000D003000D4
:1084D0000D00E0001400E0001500E0000D00700049
:1084E0000D00A00038B51F4A1F4B52F8304002EB78
:1084F000C00253F820305568DAB202F1804202F52A
:108500007C221168C3F30422C3F34C3393400B4025
:108510000621D340154A01FB0022D05CFFF768FF1B
:108520007CB1E3B2C4F3042203F1804303F57C235E
:108530001968C4F34C3393400B40D3400133B0FB74
:10854000F3F0EBB2C5F3042203F1804303F57C237F
:108550001968C5F34C3393400B40D3400133B0FB53
:10856000F3F038BDD45602605C570260437302607A
:108570002D492E4A08B50B8923F001031B041B0C5F
:108580000B81138923F001031B041B0C13810B883F
:10859000580705D50B8823F004031B041B0C0B8024
:1085A00013885B0705D5138823F004031B041B0CF9
:1085B00013801F4B1A68900430D51E4A5A604FF63C
:1085C000FF729A601A6822F0A00242F020021A603C
:1085D0004FF0E0231A69D10703D51A6922F001028E
:1085E0001A61154B5A69920315D45A6912F4003274
:1085F00011D1BFF34F8FBFF36F8FC3F85022BFF37A
:108600004F8FBFF36F8F5A6942F400325A61BFF344
:108610004F8FBFF36F8F11F0A4FC08BD4CF22052B6
:108620005A604DF62812C9E700800B4000000D404B
:1086300000C00B4020C528D900ED00E000F01F026B
:10864000084B000A914003EB800003239340DA4378
:1086500010B550E8003F13400B4340E80034002CB5
:10866000F7D110BD68C00F40002807DB0123410986
:1086700000F01F00024A834042F82130704700BFDB
:1086800000E100E0B0B10C4B98420ED003F58043FE
:1086900098420CD003F5804398420AD003F58043FA
:1086A000984214BF05200420704701207047022023
:1086B00070470320704700BF0040394008B5FFF7FE
:1086C000E1FF014B195408BDFFC3282018220021E7
:1086D00010B5044608301AF026FF0823044AC4E9FE
:1086E00000234FF47A73C4E90333636110BD00BF04
:1086F00020A107002DE9F74F0446406A10F0010061
:10870000CDE900233BD0206910F001003ED1DFF815
:1087100080B00546FF2307274FF0FF321BF801AB5F
:108720009E46804600234FEA4A069446009A03F18B
:108730000109B2FBF6F0814202D30A1A62450ED358
:10874000B9F5807F1ED0564462464046734602E02B
:1087500056442F463AB19E4680464B46E5E7B9F56A
:10876000807FF5D12F460135082D01D0002AD5D1C3
:10877000226C22F0FF0213432364019B1F6003B0AD
:10878000BDE8F08F404673466246ECE70020F6E70E
:10879000A9730260F7B5002704460D46032101972F
:1087A000FFF770FF404B164633F91000FFF746FF06
:1087B0002369012143F440732361A7612761236981
:1087C00023F001032361636A43F0010363622A7E9D
:1087D000636A0832914023EA0103697E01FA02F2DA
:1087E00013436362636A6A7F23F0E06323F00A0342
:1087F00043EA42032A7F920602F080621343AA7E74
:10880000120602F040721343EA7ED20602F00062C2
:1088100013436362AB7E013B012B03D8636A43F0D1
:1088200080636362002701AB324629682046FFF768
:1088300061FFA765696801222B7A20460139C1F3DF
:108840000B0141EAC371019BDB0603F0605319433E
:108850006B7A9B0703F080431943AB7ADB0503F483
:10886000000319432B7E1B0603F040731943216656
:10887000236943F0010323613346E968F9F7A4FE55
:108880003346296902222046F9F79EFE696933467C
:1088900003222046F9F798FE3946204603B0BDE88A
:1088A000F040FFF70BBF00BFF85D0260F8B50C4663
:1088B000074616460021382220461D461AF033FE90
:1088C0003846054AFFF7DEFE044B43F82040044BD0
:1088D000C4E90C651A60F8BD7DA10160C8BC282000
:1088E000C4BC28202DE9F04791F82C3005460C46F1
:1088F0001746012B00F0018103693946002223F05D
:108900000103036111F0FAFB0146002800F0F88032
:108910002B69284643F440732B617A4B6B61AB693A
:1089200023F47C5323F00303AB61E270FFF7AAFE4C
:10893000754B8046185C6E6AFB68C0B206F0407CDE
:1089400001261B0984F82C603E68E6607E6826617B
:10895000BE686661BE68A661BE68627066622A6EA5
:10896000C2F3C8020132A280FE6816F4801606D057
:10897000BE68A28892B2964294BF00260126D7F81C
:108980000890B4F804A0A2881FFA8AFA92B2B9FB40
:10899000FAF90332920809FB02F2E261E26922620B
:1089A0004FF0013250430122A0626868C0F30720F3
:1089B0008240D2B2A2712670FA68C2F38052A270CD
:1089C000A28892B2042A38D8A288D2B22272A2888F
:1089D000D2B26272A279012A32D9A2790120023A76
:1089E000D2B2E271E279120402F470220243AA6563
:1089F000226942BBA261BCF1807F02D0BCF1007F42
:108A000003D1E2680AB90122E2706A6A1B062846AD
:108A100022F0080203F040736A622A6942F0010200
:108A20002A612A6E22F04F7213432B6611F0A1FBCC
:108A300058B94FF4CA70BDE8F08704222272C8E723
:108A40000020E071CEE70021D5E74FF440122B6EF5
:108A500056431E432D4B46EAC14633F918002E6695
:108A6000FFF702FE284611F084FB0028E1D0E378EE
:108A7000002B32D02B6E284643F480232B66A2882D
:108A8000636992B29B1A636111F073FB0028D0D026
:108A9000236973B3E3782BB3A388E279C3F38D031F
:108AA000934214D2A28812F47F7FC2F3870304D0CA
:108AB000A388C3F38D03013BDBB2E371AA6DE379B5
:108AC0001B0422F4702203F470231343AB65AB69DB
:108AD00043F002030020AB61ADE72146284611F0C8
:108AE00077FAD5E7236AE2799A42F0D3AA6D013B7F
:108AF000E6E7AB6943F00103ECE74FF4C8709AE78F
:108B0000042098E7033F0001FFC32820025E0260B3
:108B100000F01F02084B000A914003EB8000032382
:108B20009340DA4310B550E8003F13400B4340E850
:108B30000034002CF7D110BD68C00F400346054A31
:108B4000002052F8041B994202D001300928F8D1C4
:108B5000704700BFA05702602DE9F84F4FF00A0997
:108B60000B68002704460D4609FB02FA4FEA83080A
:108B70009E464FF0040C3E4641F6FF7BBAFBF8F1EF
:108B800005319844B1FBF9F189B2594528BF5946DE
:108B9000012938BF01210CFB01F0B2FBF0F0834248
:108BA00034BFC01A181A704598BF5FFA8CF70CF1E1
:108BB000010C9CBF86460E46BCF1210FDED164221B
:108BC000B3FBF2F303EB43037345C0F08C80204604
:108BD000FFF7B4FF454B032133F91000FFF798FF6F
:108BE000A3683A1F013F43F00203032A4FEA0767D5
:108BF000A360A36807F0F85723F00203A36023697A
:108C000098BF43F4003323F01F2323F0FF033B43BB
:108C100033432361236923F000532361A369EA7B73
:108C200023F4E2632979120223F0070302F4E062DD
:108C30000B431A43AB7B9B0003F0040313436A7995
:108C4000012A4BD1002946D023F40063A361EB79BC
:108C500022695B0322F4005203F40053134323619F
:108C60006A7A2B7A43EA0243E362A36A43F08803F9
:108C7000A362A36A43F44043A3626B7B2A7B1B017C
:108C8000616A520103F0100302F0200213430B4308
:108C90006362AB7A1BB1636A43F008036362EB7AE9
:108CA0001BB1636A43F001036362A979104B114A57
:108CB000002918BF1A466369134363612A7CA369BC
:108CC0000AB143F400236A7C0AB143F480230020F4
:108CD000A361BDE8F88F43F40063B7E70029B5D07E
:108CE00043F01003B2E740F22150F2E70C5E02605D
:108CF00000C01FE000C01FC010B5C36A13F4E06FCE
:108D0000FBD143695B02FCD54369002443F0C023D7
:108D100043F4F81343618461FFF710FF034B2146CE
:108D200033F91000BDE81040FFF7F2BE0C5E0260A0
:108D300081690269084B120A0B4002F040021A4393
:108D40000369806A1B0A00F4407003F08003134338
:108D500023F440731843704700C3F00F4269836ADD
:108D600003481B0C03F0C30313431840704700BFB4
:108D7000C3C0FFC110B58B070C4C04EA010407D037
:108D8000826A230422F4703203F440331343836273
:108D9000436903F0785323434361FFF7DFFF204229
:108DA00040F21A5008BF002010BD00BF03C01FC012
:108DB00082B00E4B0128009303F58053019312D922
:108DC000831EDBB2012B07D9831FDBB2012B03D932
:108DD0000A38C3B2012B06D802AA02EB830353F868
:108DE000080C02B070470020FBE700BF00900D4068
:108DF0002DE9F04F4D0085B0044605F01E050392A5
:108E0000CA0945EAD1150092002800F0F88082686E
:108E10004FEA851C02EB851292F8382012F001020D
:108E2000019202D090F8960018B1012005B0BDE87B
:108E3000F08F03F57F523F32B2F5804F2CBF920B7B
:108E40000122EFF3118E102686F31288BFF36F8F85
:108E500094F89460964205D28EF31188BFF36F8F19
:108E60000220E3E74FF0000804EB8505C1462269C4
:108E7000B3F5804F02931E46176828BF4FF4804613
:108E8000B9F1000F08BF934627619B1B94F89470BB
:108E900007F1FF3784F894704FF0010717604FF027
:108EA00000075760039F4F449760976807F5805706
:108EB00027F47F6727F00F07D760D76807F580573B
:108EC0001761176907F580575761576907F580578C
:108ED0009761576866F31E475760D769D2F808A0B4
:108EE00066F31E37CAF30B0AD76127F0004727F451
:108EF0007F6727F00F0747EA0A07D76103D1576852
:108F000047F40047576057684FF0800AB1446AF34E
:108F1000070757606F6D002F36D03A606A65002BE7
:108F2000A5D111F00F021CD1009DD5B1A56805EBAC
:108F30000C0797F83870BF0713D5029F8FB1EF8EDB
:108F4000B7420ED955F80C70C7F30A47B6FBF7F9CC
:108F500007FB19662EB955F80C6063F35D7645F88A
:108F60000C60C908012301F0100111438B40B8F1D6
:108F7000000F23D16268D2F8B0211A4208D08EF3D4
:108F80001188BFF36F8F51E7DDF804806A61C5E790
:108F90006168D1F8402142F48042C1F84021626802
:108FA000D2F8B851D2F840114904F1D5D2F84011A5
:108FB0002B4221F48041C2F84011E0D1A268002187
:108FC0006244C2F808B0A2686244D160BFF34F8F18
:108FD0000C496268C2F8B0316268D2F8B8511D42DB
:108FE000CDD1013904D18EF31188BFF36F8F1CE707
:108FF000D2F8BC511D42C2D1C2F8B031ECE7032017
:1090000014E700BF809698002DE9FF4702EB410965
:10901000002641EAC211054600EB8908DFF8B8A036
:109020004FEA8919D8F81440CFB224F01F04CDE9D3
:10903000016614B904B0BDE8F087019B3BB9A36891
:10904000A28B03EA0A03C2F30B0213430193636882
:109050001A0639D46268E369C2F30E42C3F31233CD
:109060009B1A029A1344D8F854200293D8F814306B
:1090700093422CD1C8F814600122C8F85460AB6840
:109080004B449A60AB684B44DE6063681B0403D4B6
:10909000D8F814301F2B09D801A928688DF80C7056
:1090A0008DF80D60FDF74EFECDE9016666602B6917
:1090B000236095F894302C61013385F89430D8F80A
:1090C000144024F01F04B4E74FF0FF33CBE71B68D4
:1090D000C8F81430D9E700BF00F0FFFF254B73B587
:1090E000009303F5007316460193831EDAB2012A3A
:1090F00035D9062538E0012414701F4C1F4A84F826
:109100009700E2601E4AA26002AA02EB830353F8B2
:10911000083CD3F84021636042F00202C3F84021CA
:10912000D3F840219207FBD4D3F8242102F01F008A
:1091300012F0180F84F8950019D0D3F8A8210E4822
:1091400022F003022160C3F8A821D3F8A82142F03D
:109150000202C3F8A82111F063F9346004E0094A5F
:109160001578002DC7D00325284602B070BD012513
:10917000FAE700BF00002E40DCBC28200040282079
:109180000048282004C4282008B9032070470D4B4C
:10919000984202D10C4B00221A7042680023C2F898
:1091A00048314168D1F8402122F00102C1F8402144
:1091B00041681846D1F8402142F00202C1F840212E
:1091C000704700BFDCBC282004C428202DE9FF47DD
:1091D000CB0801F00F02012503F0100313434A00EE
:1091E00002F01E029D4042EAD112002800F0908059
:1091F000EFF3118C102383F31288BFF36F8F4FF0BE
:10920000FF33002417B200EB8202CDE9014353691A
:1092100023F01F03CBB954699A46DFF8F8E024F035
:109220001F04C4B98268012502EB87129560826829
:1092300002EB8712D4608CF31188BFF36F8F002B81
:109240005CD1002004B0BDE8F087DC7F44F08004EE
:10925000DC771B68DCE794F91F80B8F1000FEADACD
:10926000D4F8048018F0800F13D0D0F80490D9F807
:10927000B48148EA0508C9F8B481D0F80480D8F868
:10928000B49119EA050FFAD1D8F8B88118EA050F98
:10929000EAE7019E5EB9D4F80880B4F81C9008EAA9
:1092A0000E08C9F30B0948EA0908CDF80480D2F882
:1092B0001480566DB0451AD1C2F814A0C2F854A05B
:1092C000D4F8048018F4004F16D156691F2E98BFA9
:1092D0000123C4F804A006692660046190F8944054
:1092E000013480F89440546924F01F0499E7D8F8B9
:1092F0000080C2F81480E3E70123EAE700238DF839
:109300000C10006801A98DF80D30FDF71BFD98E7E2
:10931000032097E700F0FFFF13B5044670B90AF089
:109320009DF8044650B9064B3622064902200093A8
:10933000054B0AF04DFD204602B010BD2469FAE746
:10934000E5730260B17302602F75026013B50446C5
:1093500070B90AF083F8044650B9064B4722064913
:1093600002200093054B0AF033FD204602B010BDE9
:109370006469FAE714740260B17302601A750260DE
:1093800013B5044670B90AF069F8044650B9064BA3
:109390006022064902200093054B0AF019FD204681
:1093A00002B010BDE469FAE745740260B17302606F
:1093B0000475026013B5044670B90AF04FF804460C
:1093C00050B9064B7122064902200093054B0AF062
:1093D000FFFC204602B010BD246AFAE77E740260EA
:1093E000B1730260EE7402602DE9F0470546A2B049
:1093F000884691461F469DF8A8A003F05DFE0446EE
:1094000011F012FC8542064600F09580A069A84242
:1094100000F09180B8B100210AF0F0F90022A069B3
:10942000114612F039FE00226021A06914F0ECF818
:1094300094F828309A0702D5304603F06DFEA669ED
:10944000304611F0C7FB6069A56138B194F8283047
:109450009B0703D503F060FE00236361A8F10A02B5
:1094600094F8283000212846042A8CBF00220122CB
:1094700062F300036AF3410384F828300AF0BEF96E
:1094800011F0D2FB00210AF0B9F90022284611465A
:1094900012F002FE11F0C8FB0022114612F0FCFD92
:1094A00000226021284614F0AFF811F0BDFB002225
:1094B000602114F0A9F859EA07030BD1284611F0EE
:1094C00089FBBAF1000F36D0304622B0BDE8F04734
:1094D00003F022BE68467F420AF07AF95C4B11A87D
:1094E000009502935B4BCDF82C9003930C970AF0F8
:1094F0006FF92369CDE91C971193B8F10E0F0FD8BE
:10950000DFE808F0081C252C3238495B69787F8732
:1095100090999F00504B01930023CDE908330A93A3
:1095200000222521304600F051F968460AF096F9EC
:1095300011A80AF093F922B0BDE8F087464B204607
:10954000019309F091FF0023CDE90800E7E7424BC2
:109550002046019309F088FF4042F4E73F4B204644
:10956000019309F091FFEEE73C4B2046019309F08F
:109570008BFFF1E7384F20460025019709F074FF73
:109580000A951297CDE90800204609F06DFFCDE954
:10959000195540420FE0304F20460025019709F051
:1095A00063FF40420A951297CDE90800204609F072
:1095B0005BFFCDE919551B90B2E7284F20460025E7
:1095C000019709F061FF0A951297CDE9080020463E
:1095D00009F05AFFDBE7214F20460025019709F0EB
:1095E00053FF40420A951297CDE90800204609F042
:1095F0004BFFDEE71A4B01930023CDE90833FF232D
:109600008DE7174B1293FF23CDE9193300231B93EA
:1096100086E7114B2046129309F026FF0023CDE97F
:109620001933B6E70C4B2046129309F01DFF0023B7
:10963000CDE91933BFE7094B2046129309F024FF07
:10964000ECE7064B2046129309F01EFFEFE700BF40
:1096500037AC016081AB01607BAB016075AB016031
:109660006DAB016013B5044678B909F0F7FE044606
:1096700058B9094B02204FF4DF7208490093084B98
:109680000AF0A6FB204602B010BDD4F85401002811
:10969000D4BF00200120F6E7B8740260B173026005
:1096A000CE74026070B5044600F0E6FAB8B963689B
:1096B000002198680E4611F0DFFA0546E5B921460B
:1096C000284611F0E6FA024698B163682946986880
:1096D00011F0D2FA002844D1012A4FD00AE00068E4
:1096E00083680BB1217A9847237E98075FD4D90706
:1096F000DDD50022104670BD2B683BB9636801368A
:109700009868314611F0B8FA0546D7E795F9082070
:109710002B7A002AF2DA802B04D023F08003227AFD
:109720009342EBD16B682046E3602B689847237E19
:109730009A073CD4DB07E1D5DBE790F90820037AF0
:10974000002A13DB13B1227A9A420FD14368E360F7
:10975000036820469847237E9E0728D4D80705D55E
:10976000C7E7012AC6D10368002BE6D1013563683B
:109770002946986811F080FA0028F4D1606843689F
:10978000ABB1237E590712D4237A233B012B10D986
:109790004FF4804111F01EFF48B1237A113BDBB238
:1097A0001B2B06D8084A22FA03F3DA0701D5012257
:1097B000A0E7636820465B686360FFF773FF431EA2
:1097C0005A425A4196E700BFFF270F0B10B588B0E9
:1097D000B8B100230C4C8DF80C10CDE904329DF883
:1097E0001C3023F00703CDE901008DF81C3001A8DF
:1097F000236820600693FFF755FF069B236008B09F
:1098000010BD0120FBE700BF78BD2820074B1B6877
:1098100003B970475A68824202D01A68824203D163
:109820001A7E42F001021A765B69F1E778BD2820C2
:109830002DE9FF4104460F4616461D4602F02EF85C
:10984000A268937E591C61F305039376D4F80880CF
:1098500098F81A0000F03F0000EB40008100D8F8B3
:109860000C000AF04FFBC8F80C00A368DA6862B974
:10987000194BA622194903200293194B0193194B46
:109880000093194B0AF0A4FAFEE79B7E6FF00B0CD5
:109890000C2003F03F0310FB03C3D750A368997E4D
:1098A000DB6801F03F0110FB01C10B441E72A3688D
:1098B0009A7EDB6802F03F0210FB02C213445D6037
:1098C000A268937E03F03F0310FB03C0D3681844E3
:1098D00004B0BDE8F08100BF787502604375026096
:1098E00086750260A87502603176026007B5037A5A
:1098F000013B0F2B03D8006903B05DF804FB054B57
:1099000002204FF48D7204490093044B0AF060FA70
:109910000020F1E7C8750260437502601E760260A0
:1099200007B5037A143B052B03D8006903B05DF833
:1099300004FB054B02204FF49B7204490093044B37
:109940000AF046FA0020F1E7C8750260437502602C
:109950000876026007B5027A0B46132A09D102691C
:10996000B2F900109942B8BF1946118003B05DF8F2
:1099700004FB054B40F26512044902200093044B9E
:109980000AF026FAF2E700BFC8750260437502606C
:10999000ED7502602021014818F0A5BC84BF282085
:1099A0001FB5114818F0A7FC044660B90F4B3522CB
:1099B0000F49032002930F4B01930F4B00930F4B62
:1099C0000AF006FAFEE7042118F08DFC0023204679
:1099D000C4E90333C4E90533237F23F00F0343F0C5
:1099E0000C03237704B010BD84BF28207875026073
:1099F000457602607A760260A8750260A6760260FB
:109A0000014B1868704700BF7CBD282010B5044684
:109A1000064A074911F083F963692BB120B9204642
:109A20000121BDE81040184710BD00BF3924026075
:109A30002D24026010B504460649074A11F06FF95B
:109A40006369014623B118B92046BDE810401847A4
:109A500010BD00BF33240260412402607FB50C4674
:109A60000546002840D0084611F0DFF9284618F0D6
:109A7000DDFC014628BB204611F0C0FD40B1A368C3
:109A80009B6853B1DB681B68A34206D111F0B9F99A
:109A9000A36813B9204601F001FFA36828469D6022
:109AA00018F06DFC064698B9104B8F221049032020
:109AB0000293104B0193104B0093104B0AF088F95E
:109AC000FEE70B68A3420FD0284618F0B5FCD0E79C
:109AD0000460284618F0AAFC864205D1284604B046
:109AE000BDE8704011F08DB904B070BD78750260AA
:109AF0004576026088760260A875026095760260FD
:109B000040788307C0F3400042BF024B00221A6036
:109B1000704700BF80BD28204279930713D50023EA
:109B200090F8441022F0030263F3030103634271CF
:109B3000054A036480F844101360C0E90A33C0E9A1
:109B40001233C0E90733704780BD28202DE9F34167
:109B50000446406A63781A0711D5454B03211A68F9
:109B6000FFF734FE2046FFF7CBFF00286CD1637867
:109B700060F3C303C4E90900C4E911006370606ABB
:109B80003C4DE66A286000286ED0394F08213A68BB
:109B9000FFF71CFE2046FFF7B3FF002854D1002E2C
:109BA00044D04FF48078054660620190C4E911000A
:109BB0006E220021304613F0B0FB28446D220021B4
:109BC00087B205B2304613F0A8FB03B23046002B33
:109BD000B8BFFF331B1213FB08F30FFA83F813F01F
:109BE000C3FE06460028E3D115B9B8F5807F14D02E
:109BF0004FF480367D4201AB04F11C002DB296FB80
:109C0000F8F636B22946324609F09AFE01AB3246E2
:109C1000294604F1200009F093FE204601F052FA93
:109C2000204602B0BDE8F041FFF76ABF63782868BC
:109C3000DB073A680BD53A6807212868FFF7C6FDAD
:109C40002046FFF75DFF58B102B0BDE8F081042166
:109C5000FFF7BCFD2046FFF753FF0028EBD0F3E7EA
:109C60006062C4E91100EFE7002EEDD0D5E700BF38
:109C700084BD282080BD2820014B1868704700BF94
:109C800084BD282038B50D46044600283ED04379CF
:109C900043F002034371214B1B68834202BF204BF8
:109CA00000221A6003681B78013B012B12D821B9EE
:109CB000416381620023E3620CE0436B8B4204BF8B
:109CC00000234363836A8B4204BF00238362C36A19
:109CD0008B42EFD038BD437943F0020343710368F0
:109CE0001B78013B012B11D81DB945638562C46205
:109CF0000CE0436BAB4204BF00234363836AAB4277
:109D000004BF00238362C36AAB42F0D009F030FC89
:109D10000028E0D1024B1860DCE700BF84BD28209A
:109D200080BD2820014B1868704700BF80BD2820E7
:109D30002DE9F84304468A4D406A637828601B0782
:109D400028D4884E33681B681F6928BB04F10408B7
:109D50003846FFF72FFB414611F087F9286070B9AC
:109D60003846FFF70DFB414611F07FF9286030B906
:109D70003846FFF7D1FA414611F077F92860A36A17
:109D800073B100232046E36101F09CF92046FFF700
:109D9000B7FE28B1BDE8F883E36A002B00F0D78056
:109DA000606A2A686368904240F0DE80A389A188D7
:109DB000E288C91AE389286809B2D21AB4F91C30BA
:109DC00012B2A1820B44E28203EBD3735B10A38334
:109DD000B4F91E30134403EBD3735B10E383E369E0
:109DE00023620028D6D032680221FFF7EFFC20461C
:109DF000FFF786FE0028CDD133685B791807C9D4F8
:109E0000204600F055FE2046FFF77AFE0028C1D11B
:109E1000E36A002B56D194F84130D90752D4676ACF
:109E2000002F4FD04FF40041384611F0D3FB0028EB
:109E300040F02A813268B4F914E01368B4F916C00E
:109E4000997E8EEAEE73A3EBEE739BB28B4207D240
:109E50008CEAEC73A3EBEC739BB2994288BFE0638E
:109E6000A18FE38F7144634409B21BB281EAE17CA4
:109E7000A187E387ACEBE17C10681FFA8CFC90F8BB
:109E80001BE083EAE370F445A0EBE37080B201D8F5
:109E9000864517D2844540F2FC800029CCBF0223BE
:109EA0000123B4F840101B01384621F4F87143F443
:109EB00080730B430C21A4F84030FFF787FC204649
:109EC000FFF71EFE2046FFF71BFE00287FF462AF5F
:109ED000E36A002B7FF45EAF6378DA0720D4606C0E
:109EE00017F09AFE326813689B8B984210D90521AF
:109EF0002868FFF76BFC2046FFF702FE00287FF47E
:109F000049AF637843F00103637017F07DFEA064EE
:109F1000E36A002B7FF43EAF6378DB077FF53AAF4F
:109F2000A06C17F079FE32681368DB8B98427FF6DD
:109F300031AF06212868FFF749FC2046FFF7E0FD16
:109F400000287FF427AF17F05FFEA06422E74FF4EC
:109F5000005111F03FFB00287FF422AFF6E600BF6E
:109F600080BD282084BD2820E360002850D12B68C4
:109F7000C4E90933002B3FF419AF17F045FE6378AD
:109F8000002260646FF300030121E2636370B4F8A0
:109F90004030286823F4FF7323F00103C4E905224D
:109FA000A4F840303268FFF711FC2046FFF7A8FD07
:109FB00000287FF4EFAED6F8008098F805301F0730
:109FC0003FF5E8AE0421286811F004FBC8B1286809
:109FD000D8F83430834214D011F010FB8146D8F801
:109FE000340008F10407E8B9B9F1000F2AD0286855
:109FF00010F09DFF3846FFF783FD10B92B68C8F8B5
:10A0000034302046FFF77CFD00283FF4CFAEC1E698
:10A0100032680321FFF7DAFB2046FFF771FD0028C5
:10A02000A5D0B7E611F0EAFA81450346DCD0D8F8AE
:10A03000340023BBC8B92868B9F1000FD7D1326802
:10A040000E2106E0D8F83400326828B932680E21B3
:10A050002868FFF7BBFBCDE70F21FFF7B7FB3846BA
:10A06000FFF74EFD0028F1D0CBE732680F21FFF754
:10A07000ADFB3846FFF744FD0028DCD0C1E70028DF
:10A08000D9D032681021F2E7384613F06DFC07464C
:10A09000C6E6002BCCBF0823042302E72DE9F04FCE
:10A0A000C06887B0A64E036830601B69002B00F0C3
:10A0B000CB80FFF731FD43795B0700F1C580036872
:10A0C0001B695B69002B40F0BF809E4D02A9306880
:10A0D00009F058FA30689DF81790FFF71DFD00232E
:10A0E0002B609DF81630012B0371036805D11C69A4
:10A0F00017F08AFDC4F8640106E01A78042A03D137
:10A10000BDF91420002AF2D1346822681378012B9B
:10A1100040F084801269BDF90800BDF90A10A082E0
:10A12000E18213681F7CBF060AD51B881B1A013BFE
:10A13000ADF8083013685B885B1A013BADF80A3054
:10A1400013681B7CD9060BD5BDF80830BDF90A1081
:10A15000ADF80A3013685B885B1A013BADF8083034
:10A16000BDF90830002B09DA01934FF4B372764B36
:10A17000022076490093764B09F02AFE2368BDF948
:10A180000870186909F070F987420BDBBDF90830D7
:10A1900040F269126D49022001936E4B00936C4BA3
:10A1A00009F016FEBDF90A30002B09DA01934FF4CD
:10A1B000B672694B022065490093654B09F008FEB1
:10A1C0002368BDF90A70186909F05EF987420BDB54
:10A1D000BDF90A3040F26F125C49022001935F4BD7
:10A1E00000935B4B09F0F4FD206D48B12269029B9E
:10A1F0009A4205D0BDF90A20BDF9081011F04CFFB4
:10A20000029B201DA3602379012B04D1FFF790FD51
:10A21000A36823610DE0FFF799FCF9E7022B40F0FA
:10A220001D819DF816106379012903F008020ED1F3
:10A23000A2B13068FFF770FCB9F1000F7FF446AFB0
:10A24000C6F80090C5F8009007B0BDE8F08F2AB1BD
:10A25000002223F00903A26463712272676D002F4C
:10A26000E7D0384610F029FE28600028E1D0802190
:10A2700011F0BEF9039AE3688246E2609DF816B0D9
:10A2800094F80880BBF1010F84F808B044D1B8F10C
:10A29000000F65D117F0B8FC0399A06409290ED10D
:10A2A0003846414610F022FE3846FFF7AFFB201D2E
:10A2B000FFF726FC0028BCD100232B60B9E70B294F
:10A2C00007D13846414610F011FE3846FFF7B2FB81
:10A2D000EDE7BAF1000FEFD10A2904F10404384682
:10A2E0000DD110F0EFFD2046FFF70AFC0028A0D1A9
:10A2F000326859462868FFF769FA2046D8E71B29D3
:10A3000040F0848010F0DEFD2046FFF7F9FB0028C6
:10A310008FD132682021EDE732680028CCD1BBF123
:10A32000000FC9D1B8F1010FC6D10A2B039370D029
:10A330000022637962F30003A2646371BCE700BF8B
:10A3400084BD282080BD282013770260B676026085
:10A35000CC770260367702605D77026080770260BA
:10A360000028A9D1B8F1010FA6D10A2A19D0637922
:10A37000DB0724D4A06C17F04FFC23689B8B98421A
:10A38000637919D943F001036371039B0A2B93D1BD
:10A3900017F03AFC3268E06405212868FFF716FAE6
:10A3A00085E7326802212868FFF710FA201DFFF7C1
:10A3B000A7FB0028DBD03CE7D8077FF57DAFE06C3A
:10A3C00017F02AFC2368DB8B98427FF675AF17F0F5
:10A3D0001BFC0399E06404340A2902D13268062187
:10A3E00088E7092907D13846002110F07FFD38465B
:10A3F000FFF70CFB81E70B2907D13846002110F04D
:10A4000075FD3846FFF716FB77E7384610F05AFD22
:10A4100073E7271D08212868FFF7D8F93846FFF7AA
:10A420006FFB00287FF405AF63792868D90732688D
:10A430000BD5326807212868FFF7C8F93846FFF7BF
:10A440005FFB00283FF474AFF3E60421FFF7BEF989
:10A450003846FFF755FB0028EBD0EAE6042B40F026
:10A46000C7819DF816106379012903F0080240D1D5
:10A47000002A7FF4DEAE9DF8163094F80880676DF0
:10A480002372039BE360002F3FF4D3AE384610F0F5
:10A4900014FD286000283FF4CCAE9DF8163013B1AF
:10A4A0000023ADF81430384610F007FD286000286E
:10A4B0003FF4BFAE9DF81630012B40F0CD80B8F1CF
:10A4C000000F52D117F0A0FB0399A0640A2923D1F1
:10A4D000286811F056FAA8B1384610F06DFD002832
:10A4E00000F09980326801212868FFF76FF9201D7C
:10A4F00033E0002ABFD0002223F00903A264637175
:10A500002272B8E71021286811F064F80028E3D11E
:10A51000384610F051FDE5E7142905D1BDF8143097
:10A52000013BADF8143076E0132903D1BDF81430A7
:10A530000133F6E71B2904F10408384612D110F064
:10A54000C1FC4046FFF7DCFA00287FF472AE3268A7
:10A5500020212868FFF73AF94046FFF7D1FA002892
:10A5600059D066E610F0AEFCF6E7B8F1010F52D113
:10A570006379DB070FD5E06C17F04EFB2368DB8BAC
:10A58000984248D917F040FB0399E0640A2959D151
:10A5900032680621A8E7A06C17F03EFB23689B8B6E
:10A5A0009842637935D943F00103637117F02CFBAE
:10A5B000039BE0640A2B27D1286811F0E2F990B1DF
:10A5C000384610F0FEFC01281ED9384610F0F4FC85
:10A5D00080F001013846C9B210F088FC20212868BB
:10A5E00010F0EFFF10E01021286810F0F3FF0028B2
:10A5F000E6D1326805212868FFF7E8F8201DFFF74B
:10A600007FFA00287FF415AE637943F0010363718C
:10A6100001E0D807AFD44FF0000ABDF91430C5F8F7
:10A6200000A0002B3FF405AE384610F0C5FCBDF984
:10A6300014308046002800F0B280534580F29A80A2
:10A64000043491E014293FF469AF13293FF46EAF4D
:10A65000384610F037FC4AE7002BDCD1B8F1010F87
:10A66000D9D1039B0A2B2DD111F08BF980BB10217E
:10A67000286810F0AFFF58BB04F1040832680821C5
:10A680002868FFF7A3F84046FFF73AFA00287FF45E
:10A69000D0AD6379D90704D4326804212868FFF764
:10A6A00095F84046FFF72CFA00287FF4C2AD3268D7
:10A6B00007212868FFF78AF84046FFF721FA0028AB
:10A6C0007FF4B7AD00226379A26462F300039EE7D2
:10A6D000384610F071FC637998B3DA0727D404F197
:10A6E0000408326808212868FFF770F84046FFF731
:10A6F00007FA00287FF49DAD326804212868FFF72F
:10A7000065F84046FFF7FCF900287FF492AD326807
:10A7100007212868FFF75AF84046FFF7F1F90028AB
:10A720007FF487AD0A21384610F0CCFBC4E73846E9
:10A7300010F047FC0128D2D92021286810F041FFF1
:10A74000C0E7DB07BED40121384610F0CFFBB9E7E4
:10A750001421384610F0B6FB2046FFF7D1F9002847
:10A760007FF467AD0AF1010ABDF914305B429A45E6
:10A77000EEDB5EE53FF45DAD04340BE013213846BB
:10A7800010F0A0FB2046FFF7BBF900287FF451AD85
:10A790000AF1010ABDF914309A45EFDB49E5002BB7
:10A7A00012DA04340AE03846FFF744F92046FFF78E
:10A7B000A7F900287FF43DAD08F10108BDF9143078
:10A7C0005B429845EFDB34E53FF433AD04340AE0F7
:10A7D0003846FFF71BF92046FFF792F900287FF46F
:10A7E00028AD08F10108BDF914309845F0DB20E5EB
:10A7F000032B7FF41EADA36D4BB91E4B40F2033209
:10A800001D49022000931D4B09F0E2FA11E5049A5C
:10A81000271D03EB820133F922A09DF81630B1F910
:10A820000280012B0AD1B4F91030534503D1B4F999
:10A830001230434502D03846FFF788F93846FFF713
:10A840005FF900287FF4F5ACA4F808A03846A4F816
:10A850000A809DF81630012B08D1FFF769FA3846B7
:10A86000FFF74EF900283FF4D3ACE2E4FFF76EF9AE
:10A87000F5E700BFA7770260B6760260BA7702609C
:10A880002DE9F04F87B005469B46CDE9041212F042
:10A8900003F8064618B9002007B0BDE8F08F122271
:10A8A000002128464FF0000912F037FD132203B2B1
:10A8B000002107462846039341F6FF7412F02DFD50
:10A8C000804603B22846029313F060F80190019B82
:10A8D000994506D141F6FF739C42DCD0604200B23C
:10A8E000DAE7AB682B491B6853F829A0504610F0F3
:10A8F00077FE28B94FF48051504610F06BFE20B916
:10A90000234609F101091C46E1E7022E20D0032E5F
:10A9100024D0012EF4D1AB8ABAF914103B44594427
:10A92000049A1BB288B209B29142E9DB059A9142BE
:10A93000E6DCC31A84EAE4711BB2A1EBE47183EA9A
:10A94000E37089B2A0EBE37080B28842D8D2D8E736
:10A950002B8BBAF91810A3EB0803E0E7BAF818300C
:10A96000BAF814100133039A5B1AC3F3C03000FA2B
:10A9700083F3288B01EB63010130AB8A09B2C01A63
:10A980003B4400B2801A029A801A00EBD07003EBAD
:10A990006003C4E7010004002DE9F04F87B00546CD
:10A9A0009B46CDE9041211F07DFF064618B9002040
:10A9B00007B0BDE8F08F1022002128464FF00009B3
:10A9C00012F0ABFC112203B2002107462846039384
:10A9D00041F6FF7412F0A1FC804603B228460293B0
:10A9E00012F0D4FF0190019B994506D141F6FF7307
:10A9F0009C42DCD0604200B2DAE7AB682B491B68AE
:10AA000053F829A0504610F0EBFD28B94FF48051BF
:10AA1000504610F0DFFD20B9234609F101091C461C
:10AA2000E1E7022E20D0032E24D0012EF4D1EB8AB0
:10AA3000BAF916103B445944049A1BB288B209B2C1
:10AA40009142E9DB059A9142E6DCC31A84EAE4719B
:10AA50001BB2A1EBE47183EAE37089B2A0EBE3706F
:10AA600080B28842D8D2D8E76B8BBAF91A10A3EB20
:10AA70000803E0E7BAF81A30BAF816100133039A5F
:10AA80005B1AC3F3C03000FA83F3688B01EB6301F8
:10AA90000130EB8A09B2C01A3B4400B2801A029A14
:10AAA000801A00EBD07003EB6003C4E701000400E0
:10AAB0002DE9F04F43698DB00446002B00F01C8255
:10AAC000C56A002D40F08781FFF7D6F80368666AF3
:10AAD000A8461A7E238B05920392A28A04951344FA
:10AAE000E28A02952383638B13446383002E00F074
:10AAF00036810023B1464FF4807A9B460A936E223A
:10AB00000021484612F009FC58446D22002183B20E
:10AB10000FFA80FB4846069312F0FFFB00B20AFBD7
:10AB200000F04FEA202A484612F01EFF069B81469D
:10AB30000028E4D1A2690B92BBF1000F02D1BAF553
:10AB4000807F09D059424FF480320AAB0BA809B27A
:10AB500092FBFAF208F0F4FEBDF92C201021BDF9A9
:10AB60002E303046002AB8BF5242002BB8BF5B429D
:10AB700092B29BB29A42029B88BF01230293049B2C
:10AB800098BF0123049310F025FDC0B94FF48071E4
:10AB9000304610F01FFD18B9029B002B40F0DF80FB
:10ABA0004FF40071304610F015FD18B9049B002BCE
:10ABB00040F0D580304612F0D7FE064696E7304684
:10ABC00011F062FE029B10F0010F14BF1946002124
:10ABD00010F0020F099114BF1A460022049B10F0D6
:10ABE000040F089214BF9A464FF0000A10F0080FA5
:10ABF000304614BF99464FF0000911F065FE0690EB
:10AC0000304601F0A7FB0790304601F0F5FB834684
:10AC1000304601F059FC069B0999002BDDE907320B
:10AC200001DC002B14DDBAF1000F04D0BDF92EC0F9
:10AC3000039FBC451EDAB9F1000F09D0059FBDF98D
:10AC40002EE0C7F1000CE645DCBF35464FF00C089E
:10AC5000BBF1000F12DC002810DC0699002946DC4D
:10AC6000002B35DC002891DD002A8FD04FF0000941
:10AC7000CA466AE135464FF00C08E9E721B1BDF953
:10AC80002CC0039FBC451BDA4AB1059FBDF92CE0DF
:10AC9000C7F1000CE645DCBF35464FF00308069FC0
:10ACA000002F32DC002B0FDCBBF1000FDADD0028B7
:10ACB00000F33E8100293FF469AF4FF0000934E111
:10ACC00035464FF00308EAE7BBF1000F00F3288197
:10ACD000002800F3EF81B9F1000F3FF457AF059B57
:10ACE000BDF92E205B429A423FF750AF2CE0002B7B
:10ACF00000F3098100281DDD002A40F02D81BAF102
:10AD0000000F3FF443AF914603E1002B00F3F780BF
:10AD1000BBF1000FEEDD4FF00009002800F30C81BD
:10AD2000002900F0F280BDF92C30039A9342C0F262
:10AD3000EC8009E0BAF1000F3FF428AFBDF92E30E6
:10AD4000039A9342FFF622AF029B002B94F8403007
:10AD50000CBF0C22032262F3030384F84030002D61
:10AD600000F0CA8094F8403000278021284668F31C
:10AD70000303E562A76184F8403010F02BFC002843
:10AD800040F0ED8041F6FF73BB4A04F134001146F8
:10AD9000009316F0A1FFB4F9343013B94EF2010359
:10ADA000A386B4F93830002B00F06181B4F9363055
:10ADB00013B94EF20103E386B4F93A3013B941F600
:10ADC000FF736387002209212846FEF7FFFC6378A2
:10ADD000980700F19180A8464FF4807900276E22F1
:10ADE0000021404612F099FA38446D22002186B2C3
:10ADF00007B2404612F091FA03B24046002BB8BFAA
:10AE0000FF331B1213FB09F30FFA83F912F0ACFDA9
:10AE100080460028E3D117B9B9F5807F0DD04FF4F3
:10AE200080320023714204F114000B930BAB09B282
:10AE300092FBF9F212B208F083FD94F840602846C4
:10AE400006F00F06032E40F0198101F03DFB074686
:10AE5000284601F0D1FA3B46024600962846B4F94E
:10AE6000141010F03DF90746284611F00DFD10F0C2
:10AE7000010600F01881002681075CBF27EAE7770A
:10AE80003FB210F0040302D1002E00F3118102073B
:10AE900002D426EAE67636B2B4F91A202846B4F986
:10AEA0003630B1189942BCBF9B1A1EB2B4F93A3081
:10AEB000B1189942C8BF9B1AB4F91820C8BF1EB276
:10AEC000B918B4F934309942BCBF9B1A1FB2B4F917
:10AED0003830B9189942C8BF9B1A3246C8BF1FB252
:10AEE000394611F0F3FC63789B0705D4238B1F448C
:10AEF000638B1E44278366830DB0BDE8F08FBBF1E2
:10AF0000000F3FF70AAF00281DDCBAF1000F3FF435
:10AF1000E2AEBDF92E30039A9342FFF6DCAE13E7A2
:10AF2000002807DC00293FF4D6AE4FF0000AFAE60D
:10AF30004FF000094FF0000A29B1BDF92C300399F8
:10AF40008B42BFF601AF002ADFD0059BBDF92C2054
:10AF50005B429A42D9DCF7E64FF00009F5E7284654
:10AF600011F0A0FC022812D003283CD0012850D1B7
:10AF7000E98A41F6FF723B462846013109B2FFF7E4
:10AF80000BFDE086EA8A013A3B4612B20BE03B46F3
:10AF900041F6FF72B5F91A102846FFF7FDFC3B4653
:10AFA000E086B5F91A2034492846FFF7F5FC60879A
:10AFB000284611F071FC022831D003283CD001282A
:10AFC00052D1002341F6FF72B5F914102846FFF75D
:10AFD00057FC0023A086B5F9142027492846FFF71F
:10AFE0004FFC2087D7E66B8B2846EE8A01339B1BEC
:10AFF000C3F3C03202FA83F341F6FF7206EB630635
:10B000003B46B6B2711C09B2FFF7C6FC721EE08661
:10B01000BAE74EF2010341F6FF70E386C7E700236B
:10B0200041F6FF72B5F918102846FFF729FC0023F6
:10B03000A086B5F91820D0E72B8B2846AE8A0133BD
:10B040009B1BC3F3C03202FA83F341F6FF7206EB97
:10B0500063060023B6B2711C09B2FFF711FC721E21
:10B060000023A08612B2B8E74EF20103A38641F690
:10B07000FF7323879AE600BF01E0FFFF11F024FC75
:10B0800006462846002701F065F90C2203462846AB
:10B0900000923246B4F9161010F022F806462846FF
:10B0A00011F0F2FBE8E6002F7FF7E6AE3746EEE65A
:10B0B0001E46F1E6002A3FF40EAE059BBDF92C209A
:10B0C0005B4229E72DE9F74FC56A0446002D00F0E1
:10B0D000C18090F840301B0700F0BC80FEF7CCFD2B
:10B0E00003688146402128465F7E10F073FA00B95C
:10B0F000E061284611F0D0FB8046284611F0D2FBD3
:10B1000094F84060834606F00F060C2E77D100229B
:10B11000B4F91EA0A283A8BBC7F164076423284624
:10B120000AFB07F797FBF3F7E78301F013F90746EC
:10B13000284611F0C9FB3B46024600962846B4F962
:10B140001E100FF0CDFF5B460246E08359462846AD
:10B1500001F016FAE369002B7CD1284611F0B4FB0C
:10B160000646284601F0F6F8002E00F3E38000289A
:10B1700038DD002E36D0012332460021284601F06A
:10B18000FFF92FE0FEF778FD0368002264215B7E63
:10B190001646C3F16403BAF1000F27D1B4F91A209F
:10B1A0002846B4F93630B118A4F81EA09942BCBFA5
:10B1B0009B1A1EB2B4F93A30B11899426449C8BF1B
:10B1C0009B1A41F6FF72C8BF1EB23346FFF7E4FB7D
:10B1D00006440123002132B2284601F0D1F9E36987
:10B1E000002B37D1B8F1000F6BD188E056440AFB31
:10B1F00003FA9AFBF1FA36B20FFA8AFACBE7032E7A
:10B2000040F091800022B4F91CA0E283B8F1000F55
:10B2100023D1C7F16407642328460AFB07F797FB8D
:10B22000F3F7A78301F0E8F80746284601F04CF948
:10B230003A46034600962846B4F91C100FF050FF1A
:10B2400043460146A0834246284601F099F9E36946
:10B25000002B50D003B0BDE8F08FFEF70DFD036862
:10B2600000225B7E16466422C3F16403BAF1000F2C
:10B2700038D1B4F918202846B4F93430B118A4F8FC
:10B280001CA09942BCBF9B1A1EB2B4F93830B11849
:10B2900099422F49C8BF9B1A41F6FF72C8BF1EB220
:10B2A0003346FFF7EDFA81190123002209B228463F
:10B2B00001F066F9E369002BCCD1BBF1000F3FF43C
:10B2C0004CAF4A460A212846FEF780FA637813F00D
:10B2D000020301BF94F84020E36263F3030284F8A1
:10B2E0004020B7E756440AFB03FA9AFBF2FA36B25B
:10B2F0000FFA8AFABAE7BBF1000F3FF42EAF2846E7
:10B3000001F07AF80646284601F0DEF8002E18DC37
:10B310000028D6DD002ED4D0012300223146284655
:10B3200001F02EF9CDE7E369002B93D100287FF4DB
:10B3300059AF12E70028BFF655AF4042012302B2D1
:10B340001BE70028BDDA40420123002201B2E6E7F4
:10B3500001E0FFFF2DE9F0470546A2B00FF0B3FC76
:10B36000064628460FF0ABFC122E044653D1284661
:10B370000FF0ADFC03780546022B08D01722002100
:10B38000204611F0CAFF064620B102232B7022B0DE
:10B39000BDE8F08701460B22204611F0BEFF69226E
:10B3A0000FFA80F83146204611F0B7FF07466A22AF
:10B3B0003146204611F0B1FFB4F91620B4F918E077
:10B3C000BBB2B4F91AC080B2A18A121A6044C91A79
:10B3D0007344ADF842204246ADF8401010A9ADF8D4
:10B3E0004430ADF84600686816F0B4FD08B9012392
:10B3F000CCE721223146204611F08FFFC0B2FC2855
:10B40000F5D960223146204611F087FFC0B2FC28F2
:10B41000EDD92E70BBE7152E40F0868004AF28468C
:10B42000FEF77EFA0646384603F0FEFE342200217F
:10B43000204611F072FF28B19DF82D3043F0010332
:10B440008DF82D303A46002120460DF1080810F005
:10B4500004FB69220021204611F05FFF05466A22A5
:10B460000021204611F059FFB4F91AC0B4F9162092
:10B47000ABB2A18A80B2B4F918E00025121AC91A39
:10B4800060447344ADF808103146ADF80E0010A8C2
:10B49000ADF80C30ADF80A2010F0E6FCC14B10AA54
:10B4A0001A212046119312951497CDF84C801D95C2
:10B4B000FEF78CF917222946204611F02EFF68B3BB
:10B4C000BDF9103053B3424639463046DDF81CA072
:10B4D000079513F09CF9182008F03AFD814604F115
:10B4E00014012B46BDF9102003F06EFC04F5907199
:10B4F000484603F0E3FABAF1000F05D110AA1B2168
:10B500002046FEF763F942E78DF813508DF82C5072
:10B510008DF834508DF83E50CDF81CA04246394687
:10B52000304613F074F9E9E7182E7FF430AF28465F
:10B53000FEF7F6F902AA06466946204611F08EFA91
:10B54000684616F0DAFB002800F0BC8004AD2846FF
:10B5500003F06AFE21224FF48031204611F0DDFE17
:10B56000C0B202288DF8130007D920224FF4803191
:10B57000204611F0D2FE8DF8140031224FF48031B4
:10B58000204611F0CAFEC0B202288DF82C0013D953
:10B5900032224FF48031204611F0BFFE00B2002865
:10B5A000ADF82A0040F3F58030224FF48031204678
:10B5B00011F0B3FE8DF8280045224FF4803120466B
:10B5C00011F0ABFEC0B202288DF83E001BD940221C
:10B5D0004FF48031204611F0A0FE00B20028ADF8F3
:10B5E000360040F3DA8043224FF48031204611F0D8
:10B5F00094FE4422ADF83C004FF48031204611F017
:10B600008CFE8DF835004FF48031204612F059F948
:10B61000FC280DD89DF8133013FB00F31B128DF896
:10B6200013304343C3F307238DF82C308DF83E309D
:10B630009DF82C209DF8133013439DF83E201343B2
:10B6400046D00B224FF48031204611F066FE314681
:10B65000ADF8100010A810F007FC524B6846149586
:10B660001193022312934FF480331D9316F045FB80
:10B6700080B110AA1A212046CDF84CD0FEF7A6F8CA
:10B680006A462946304613F0C2F810AA1B2120460C
:10B69000FEF79CF802A816F030FBC8B102AB10AA66
:10B6A0001A2120461393FEF791F802AB2946304643
:10B6B0001A46139313F0ABF810AA1B212046FEF78D
:10B6C00085F805E002A816F018FB00287FF43EAFCD
:10B6D00017220021204611F020FE50B104F5907091
:10B6E00003F042FA054620B113F050F8284608F05E
:10B6F000AFFC34220021204611F00FFE00283FF459
:10B7000046AE0DF110080025404603F08DFD42467F
:10B71000294620468DF813508DF825508DF8345069
:10B720008DF83E5010F099F969222946204611F013
:10B73000F4FD07466A222946204611F0EEFDB4F9D1
:10B740001AC0B4F91620BBB2A18A80B2B4F918E0CD
:10B75000121AC91A60447344ADF808103146ADF8A6
:10B760000E0010A8ADF80C30ADF80A2010F07CFBEC
:10B770000C4B10AA1A21204611930123CDF85080BA
:10B78000129302AB1D951393FEF720F802AA4146CF
:10B79000C6E600238DF82C300EE700238DF83E30EE
:10B7A00031E700BFC457026013B5164C23784BB184
:10B7B000154B6622154902200093154B08F008FB33
:10B7C00002B010BD16F090FE08F07EFE08F06EF993
:10B7D00007F0E4FFFEF7DEF812F058FA01F0CAF9BC
:10B7E0004FF4B4710B4816F07EFD5C210A4816F048
:10B7F0007AFD12F0BFF904F0D9F916F0CEF9012361
:10B800002370DDE705C4282012780260DF7702602C
:10B810005B780260B4BF2820A8BF282001460448F6
:10B8200010B500F073F8044610F0BFF8204610BDC4
:10B83000C457026010B508460C46FDF7E7FF00202C
:10B8400001F09EF9144A0021204611F029FE012042
:10B8500001F096F90021204607F0D0FF20460FF0B6
:10B86000CDFE10B120460FF0E0FAA3689BB1186836
:10B8700020B108F03DFBA36800221A60A368D868D5
:10B8800020B108F035FBA3680022DA60A06808F058
:10B890002FFB0023A36010BDFFFF0F0030B58568AC
:10B8A00085B0044625BB134A1C201368013313607E
:10B8B00008F016FBA06068B90F4B4FF4B7720F4940
:10B8C000032002930E4B01930E4B00930E4B08F096
:10B8D0007FFAFEE71C22294617F025FEA268537E58
:10B8E00043F00F035376A268137E43F003031376ED
:10B8F00005B030BD88BD282078750260DF77026012
:10B900002A780260A875026041780260F7B50D469A
:10B91000074602463A493AB19669314202D0C6F327
:10B920000F1602E01268F6E71646304608F0D8FA1D
:10B930000446B0B13246002117F0F5FDC4E90075A8
:10B94000002D36D107F08AFD054670B92D4B022037
:10B950003A222D4900932D4B08F03AFA204608F080
:10B96000C7FA0024204603B0F0BDC06898B904208F
:10B9700008F0B6FA0123E86004606B6200252846EF
:10B98000656107F071FD01382083284607F07CFDD2
:10B9900001386083E6E7696A01316962890008F06D
:10B9A000B1FA6B6AE86003F18043013B40F8234041
:10B9B000E4E7AB6813B92846FFF770FFAE68336859
:10B9C00053B9042008F08CFA3060AB6801221B6880
:10B9D0001C60AB685A60C5E7736801337360AE687A
:10B9E00071683068890008F08DFA3060AA68536881
:10B9F000126803F18043013B42F82340B2E700BFE5
:10BA0000F0FF0F009C78026063780260D6780260D5
:10BA100038B50B4905460FF0E3FD044608B1002098
:10BA200038BD284611F0A0FF0028F8D00A22214690
:10BA300011F073FC80B2003818BF0120F0E700BF9E
:10BA400001000600F0B5144F85B0144D06463B6862
:10BA50000C4628680133D9003B6008F053FA0346CE
:10BA6000286068B90E4B40F247120E49032002933A
:10BA70000D4B01930D4B00930D4B08F0A9F9FEE718
:10BA8000386800F10052013A43F832602B6803EB4A
:10BA9000C2035C6005B0F0BD8CBD282068BF2820C3
:10BAA00078750260EE78026025790260A875026000
:10BAB0003D790260054B07B52C2101AA0193FDF7E2
:10BAC00085FEBDF9040003B05DF804FB000001E051
:10BAD0002DE9F04F87B08046FFF79AFF0546002812
:10BAE00040F02381404611F03FFF29460722009095
:10BAF000404611F012FC294604B20822404611F0DB
:10BB00000CFC009B05B23BB92A462146404607B0D3
:10BB1000BDE8F04F10F071BD009810F05CFB0746D7
:10BB2000009810F06EFB04F4C0430646B3F5005FC6
:10BB30000FD124F4C043B3F5FA6F0ADCB3F57A7F72
:10BB40004FF06402C8BFC3F57A737B4393FBF2F3F3
:10BB50001CB205F4C043B3F5005F0FD125F4C04318
:10BB6000B3F5FA6F0ADCB3F57A7F4FF06402C8BF11
:10BB7000C3F57A73734393FBF2F31DB26B2200217A
:10BB8000404611F0CAFB6C220FFA80FB00214046B0
:10BB900011F0C3FBB8F8143000B20193B8F81830B4
:10BBA000019A01339BB2A3EB020A0493B8F8163052
:10BBB0000FFA8AFA0293B8F81A30029A01339BB24C
:10BBC000A3EB020903930BF4C0430FFA89F9B3F511
:10BBD000005F11D12BF4C043B3F5FA6F0CDCB3F561
:10BBE0007A7F4FF06402C8BFC3F57A7303FB0AF390
:10BBF00093FBF2F30FFA83FB00F4C043B3F5005F4D
:10BC000010D120F4C043B3F5FA6F0BDCB3F57A7FA3
:10BC10004FF06402C8BFC3F57A7303FB09F393FBCB
:10BC2000F2F318B25C44054409220021A3B2404655
:10BC30001FFA85FB059311F070FB10F0FF0024B292
:10BC40002DB2059B0CD10098029310F04EF90128FB
:10BC5000029B7FF459AF019A0499541A3C4420E0A6
:10BC600001283FF451AF023807283FF64DAF01A23B
:10BC700052F820F095BC006057BC0060BBBC00606F
:10BC8000A9BC0060C9BC0060EFBC0060E3BC006000
:10BC9000FFBC00600AEBDA7407EBD7776410C4EBE3
:10BCA00067041C4424B22FE70AEBDA7407EBD7775A
:10BCB0006410C4EB67041C4424B2DDE902329D1A0F
:10BCC00035445D442DB21FE7019A0499541A3C444F
:10BCD0001C44DDE9023224B29B1A33445B441DB29A
:10BCE00012E7019A0499521A3A4413441CB209EB20
:10BCF000D97506EBD6766D10C5EB6605E1E70AEB64
:10BD0000DA7A09EBD97907EBD7774FEA6A0A06EBBB
:10BD1000D6764FEA6909CAEB670AC9EB660953444C
:10BD2000CB441CB20FFA8BF5EEE607B0BDE8F08FFE
:10BD30002DE9F04F90F823308FB0044603F00C0348
:10BD40000C2B03D100200FB0BDE8F08F11F00CFEDA
:10BD500007460028F6D0204600F04EFB94F823104A
:10BD6000059011F0080120D0268BA38A0136F61A1F
:10BD7000002336B20193204610F0A6FD94F823105C
:10BD8000069011F0040100F03B81658BE38A0135D8
:10BD9000ED1A019B2DB2002B00F069810023204693
:10BDA000DDE9051210F031FE61E10122204611F0BB
:10BDB000B4FA42F2D17805B23846A5EB08014B42FD
:10BDC0004B41019305F4C043B3F5005F41D125F425
:10BDD000C046B6F5FA6F3CDC10F0FDF9454502901F
:10BDE00040F0E18000222046114600F057FC20463A
:10BDF00010F082F8064620461FFA86FA10F083F803
:10BE000010FA86F6204610F085F88244B6B2204635
:10BE10001FFA8AFAFFF74EFE06EB0A050544204694
:10BE200011F0B4FD039020462DB210F05EF8012809
:10BE300029D00FFA8AF34FF00008DFF8BC91049381
:10BE4000039B434572D16C4B994509D04E4436B2A1
:10BE500028E010F0C0F942F2D17302909D42C1D0A7
:10BE600002220021204611F058FA032206B20021D6
:10BE7000204611F052FA314602B2029B284610F0D9
:10BE8000A8FC064677E733B24FF00009DFF8688177
:10BE90000493039B4B450CD1574B9845E0D0D044BD
:10BEA0000FFA88F6544B9E42DAD0B542B8BF3546F9
:10BEB000D6E7A36851491B6853F829B058460FF0DC
:10BEC0008FFB80BB5846FFF7A3FD014658B90922F6
:10BED000584611F022FAC0B208280ED840F2491292
:10BEE000C240D20709D5B4F91820BBF91430D31ACF
:10BEF00001334345B8BF434613E0072200215846AB
:10BF000011F00BFA00B270B9BBF81820BBF814306E
:10BF100001320499D31A9AB201FA83F3984502DCEC
:10BF2000B3180FFA83F809F10109B2E7A36833499E
:10BF30001B6853F828B058460FF052FB80BB584698
:10BF4000FFF766FD014650B90922584611F0E5F9A0
:10BF5000C0B207280DD89322C240D30709D5BBF938
:10BF60001830B4F914209B1A01334B45B8BF4B4627
:10BF700014E008220021584611F0CFF900B278B938
:10BF8000BBF81820BBF8143001320499D31A9AB2C6
:10BF900001FA83F3994503DC0AEB02030FFA83F9F4
:10BFA00008F101084CE797F8231011F0080116D1A9
:10BFB0000122384611F0B1F900B240450FD12046B8
:10BFC0000FF09AFF064620460FF0A4FF8519204681
:10BFD000ADB20FF098FF304405442DB240E7B6F5FE
:10BFE0007A7F3346029AC8BFC6F57A7353436422F8
:10BFF00093FBF2F31DB233E701E0FFFF0100040001
:10C000000422204611F089F90FFA80FA00F4C040AA
:10C01000B0F5005F384605D12AF4C045B5F5FA6F92
:10C0200040F38D8010F0EDF842F2D17302909A4502
:10C0300000F08C80554605220021204611F06DF954
:10C0400006220FFA80F80021204611F066F9029BC3
:10C0500002B24146284610F0BCFB019B0546002B6E
:10C060007FF49CAE42F2D1739A453FF497AE238B96
:10C07000A28A01339B1A1BB29E4207D1638BE28ACC
:10C0800001339B1A1BB29D423FF45CAE204604F183
:10C09000140910F094FAA38A0CA93846ADF8283098
:10C0A000E38AADF82A30238BADF82C30638BADF8E2
:10C0B0002E3010F0BCF800220CA90AA815F04AFF97
:10C0C000804610B9384611F058F8E38A2046B6B2D7
:10C0D000013B2B4463830FF008FF01280AAA4FF0AD
:10C0E000290108BF238B204615BFA38A013303F122
:10C0F000FF339B1B16BFF618A3822683FDF766FB52
:10C10000224622213846FDF761FB204610F057FAFF
:10C1100094F8223000220CA943F00203484684F828
:10C12000223015F017FFB8F1000F00D110B13846DA
:10C1300011F023F820460FF0A6FE012003E642F29C
:10C14000D17810F05EF80290C24572D100222046EC
:10C150004FF0000B114600F0B7FA20460FF0CCFE6E
:10C16000054620460FF0E4FE1FFA85F810FA85F523
:10C170002046ABB203932BB207930FF0D2FE80445C
:10C1800020461FFA88F3DFF8FC80049310F07FF854
:10C19000DDE903329D180544204611F0F7FB0890B5
:10C1A0002DB2089B5B450AD1364B98453FF443AF0F
:10C1B000049B43441BB29D42B8BF1D463BE7A368A6
:10C1C00031491B6853F82B9048460FF009FA68BBB9
:10C1D0004846FFF71DFC014640B909900922484630
:10C1E00011F09BF80999C0B2032809D8B9F91A309F
:10C1F000B4F916209B1A01334345B8BF434613E0F8
:10C200000822484611F089F800B278B9B9F81A2026
:10C21000B9F8163001320799D31A9AB201FA83F3AA
:10C22000984503DC039B13440FFA83F80BF1010BD1
:10C23000B7E797F8231011F0040117D1042238460C
:10C2400011F06BF800B2404510D120460FF054FEBB
:10C25000804620460FF06CFE00EB08052046ADB28C
:10C260000FF05FFE404405442DB2E4E6B5F57A7F59
:10C27000029BC8BFC5F57A755D43642395FBF3F552
:10C28000F2E700BF01E0FFFF0100040070B50446C3
:10C29000002511F07BFB0646B54233D194F82230DD
:10C2A000D90721D56FF30003204684F82230FFF729
:10C2B0003FFD2046FFF70CFCB5B10A2200212046C5
:10C2C00011F02BF880B278B1134B1B6883420BD36B
:10C2D00000F10050114B01381B6803EBC00253F80A
:10C2E000303020465168984794F822309A0711D58B
:10C2F0006FF341032046002184F82230BDE87040EE
:10C3000010F05BBFA3681B6853F825000135FFF7E9
:10C31000BDFFC1E770BD00BF8CBD282068BF2820CD
:10C3200038B50B4D2B7853B901232B7011F014FB4A
:10C33000044694F8223013F0040201D12A7038BD6B
:10C340006FF38203204684F82230FFF79FFFF0E767
:10C3500006C428202DE9F8430646002411F016FBF8
:10C36000234D0746DFF88C90BC4230D110220021CB
:10C37000304610F0D2FF112200210446304610F062
:10C38000CCFF322207460021304610F0C6FF184B82
:10C3900080469D4204D03B18728B9B1A2B441DB2E1
:10C3A00030460FF074FF814630460FF00EFFE31960
:10C3B00003EB48034B441B1A304610F07FFA9BB244
:10C3C000181A00B2A842B8BF2846BDE8F883B3687F
:10C3D00049461B6853F8248040460FF001F920B904
:10C3E000B8F91A309D42B8BF1D460134BCE700BF02
:10C3F00001E0FFFF010004002DE9F84F0021054690
:10C4000010F01BFA012806D0A86810B1008A40423B
:10C4100000B2BDE8F88F13220021284641F6FF79CB
:10C4200010F07BFF1222002107462846002610F05C
:10C4300074FF002132220446284610F06EFF804629
:10C44000284611F0A3FA1E498246B24527D141F68B
:10C45000FF73A4B21FFA88F8284699451CBF04EB65
:10C460000806AB8A3C440CBF164EF61804EB480491
:10C470001CBFA6EB090636B2FFF71CFB8146284617
:10C480004C440FF09CFE03462846A4B210F010FA6C
:10C490000444E01A00B2B042B8BF3046B9E7AB6816
:10C4A0001B6853F826B058460FF09AF8044920B993
:10C4B000BBF914309945A8BF99460136C5E700BFBE
:10C4C0000100040001E0FFFF2DE9F84300210646CA
:10C4D00010F0B3F9012805D1B06808B1B0F9100027
:10C4E000BDE8F8833046002411F050FA224D07468B
:10C4F000DFF88890A7422FD113220021304610F098
:10C500000CFF122200210446304610F006FF3222B2
:10C5100007460021304610F000FF174B80469D4231
:10C5200004D02318328B9B1A2B441DB23046FFF7E0
:10C53000C1FA814630460FF042FEE31903EB48038F
:10C540004B441B1A304610F0B3F99BB2181A00B2D4
:10C55000A842B8BF2846C3E7B36849461B6853F8EA
:10C56000248040460FF03CF820B9B8F918309D42BD
:10C57000B8BF1D460134BDE701E0FFFF0100040024
:10C58000F0B5164693B004460D4651EA06025ED059
:10C59000012B5ED100F090FD074601A807F018F9C5
:10C5A0003A4B0194049345B3384606F05DFF2A46A2
:10C5B000002140F35D0015F04CFBB0F5C87F034649
:10C5C000204628BF4FF4C87301AA0921C82B38BFE1
:10C5D000C8230C9310F06CF94342281ACDE90933B3
:10C5E0002B4B0B90204602932A4B0893FDF7EEF855
:10C5F00001282CD101A807F031F946B3384606F0DE
:10C6000043FF3246002140F35D0015F022FBB0F5F8
:10C61000C87F01AA4FF0090128BF4FF4C870C8288D
:10C6200038BFC8200C90204610F048F94342301A19
:10C63000CDE90933184B0B9020460293154B089314
:10C64000FDF7C4F8012802D101A807F007F913B0DB
:10C65000F0BD114907F0D2F80D49204607F0CEF899
:10C66000002209212046FDF7B1F80128EFD132461A
:10C670002946204610F02AF90128E8D100220A2193
:10C68000204613B0BDE8F040FDF7A0B847C80160F0
:10C690002BC901606F1C026013C9016070B50446AC
:10C6A0000E460849154607F0A9F8204610F000F993
:10C6B000811B2B462046002209B2BDE8704010F0D5
:10C6C00040B900BF2BC9016070B504460E46084949
:10C6D000154607F093F8204610F0F0F8821B2B4621
:10C6E000204612B20021BDE8704010F02AB900BF08
:10C6F00013C901602DE9F04F8BB0074608469146FB
:10C700000291039311F030F9102105460EF062FFFB
:10C71000002800F05B81284610F0B6F8009028460B
:10C7200010F0C0F88346002800F0D680029B03F189
:10C73000140A32220021284610F0EFFD064610228E
:10C740000021284610F0E9FD1122B3B2002110FAB1
:10C7500086F62846019310F0E0FD019BB6B2B9F8C9
:10C7600002801844BAF80610A6EB080483B218FA3F
:10C7700080F82846089104931FFA88F8EB8A1C4435
:10C78000BAF80230E41AA3B224B205936B8BA8EB7B
:10C79000030209930A4412B207920FF016FD002C0F
:10C7A000099B0690DDE90721C0F2A380002AC0F2B0
:10C7B00095800024BBF1020F00F0A980BBF1030FAC
:10C7C00000F0AB80BBF1010F05D1EC8ABAF8023062
:10C7D0003444E41A24B2284610F05EF8824608B1C8
:10C7E000029F143712220021284610F096FD019B6B
:10C7F0001322002103EB0008284610F08EFDB9F843
:10C800000010019B1FFA88F8B7F804C01844A8EB81
:10C810000106AB8A1FFA80FB11FA80F01E443B88A8
:10C8200080B2F61A2B8BB2B2C11A36B26144002E16
:10C8300009B2C0F299800029C0F28A8000262846F9
:10C840000FF0BDFCBAF1020F00F09C80BAF1030FAB
:10C8500000F09D80BAF1010F04D1AE8A3B884644B6
:10C86000F61A36B25D49284606F0C8FF07465C490D
:10C87000284606F0C3FF002F40F0A080002840F0BB
:10C880009D80009BD80740F1A480009B9907009BE6
:10C8900058BF06EAE6765A07009B58BF24EAE474BC
:10C8A000039A1B07B9F8023058BF04EAE474002A5F
:10C8B00000F09280B9F800203244A9F80020224606
:10C8C0001344314622462846A9F80230039B0BB098
:10C8D000BDE8F04FFFF754BEBA462AE7002C3FF4FC
:10C8E00068AF28460FF0EAFF059B9842BFF662AF9B
:10C8F0005FE7002A7FF75DAFA3EB080328465B1ACA
:10C900001CB2FFF727FDE0427FF554AF51E7049BCF
:10C910006C8BE41ABAF806305BE7049B0699334443
:10C92000BAF80220CB1AC3F3C03101FA83F3E98AC3
:10C930000E44B61A06EB6306BAF8063001339B1AAA
:10C94000C3F3C03202FA83F3A6EB630634B242E7C4
:10C95000002E3FF473AF28460192FFF74DFD019A78
:10C960009042BFF66CAF69E700297FF767AF1B1AEB
:10C970002846A3EB0C031EB2FFF7A6FDF0427FF59D
:10C980005EAF5BE72E8BBB88A6EB0B0668E7BB8828
:10C990003A88AE8A013346449B1AD844B61AC3F388
:10C9A000C032A0EB080002FA83F3A6EB6306C0F3E3
:10C9B000C03303FA80F006EB600652E700220A213A
:10C9C0002846FCF703FF01283FF45BAF0BB0BDE83E
:10C9D000F08F26EAE67658E7039A71E713C90160FB
:10C9E0002BC901602DE9F84F064626480D4617462B
:10C9F00098464FF6FF7B15F01CFD04460CB9BDE8C8
:10CA0000F88F4445FBD021461E4815F019FD2368D8
:10CA10008146B3421CD1A368AB4202D0B5F5702F5A
:10CA200016D1A388BB4201D05F4511D14FF0000A57
:10CA3000728CC2F3051292450CD30021204606F0F9
:10CA4000DDFE1048214615F0B6FC204607F050FAEE
:10CA50004C46D3E7F0684FEACA0C00EBCA02D17922
:10CA60008B070CD5B5F5702F04D05268C2F31702AE
:10CA7000954204D1A18850F80C0007F0B7FB0AF1E9
:10CA8000010AD5E76CBF28202DE9FF41438C0446FD
:10CA90000F46C068C3F305130022934219D801332F
:10CAA000628C03F03F0363F30912D900628407F03C
:10CAB00029FAE060F0B92A4B4FF40A7229490320A1
:10CAC0000293294B0193294B0093294B07F080F9DE
:10CAD000FEE700EBC201D500CE79F60708D549681C
:10CAE000C1F31701B94203D1405904B0BDE8F08148
:10CAF0000132D2E7658CC5F30515013DE268EE0011
:10CB000005BB91190023082042F835304B60D4F85A
:10CB10000C8007F0E5F948F83500E36853F8350074
:10CB200015F0E6FCE3683344DA7942F00102DA7189
:10CB3000E36833445A6867F317025A60E36853F8AE
:10CB40003500D2E7A6F1080302EB060C1344D979AD
:10CB50008907D6D193E803008CE80300CDE700BF36
:10CB6000787502605079026089790260A875026068
:10CB7000BD7902601421014815F0B5BB6CBF2820B7
:10CB8000014B1870704700BF7D842820774B2DE93A
:10CB9000F0471B7804460E461546002B00F0A38094
:10CBA0000FF00DFD284607F06FFC00F00409284641
:10CBB00006F47F0607F068FC00F00207284607F03D
:10CBC00063FC00F00108284607F05EFC00F0100A44
:10CBD000B9F1000F50D0B6F5702F3AD05EB30422F1
:10CBE0000021204642F2D17A10F097FB00B2504566
:10CBF00007D001220021204610F08FFB00B25045E3
:10CC000007D100222A212046FCF7E0FD20460FF044
:10CC100087FA4FF6FF739D425DD120460FF033F93E
:10CC200020460FF0CCFCB6F5803F5CD02046BDE836
:10CC3000F04710F00CBB32462A212046FCF7C6FD17
:10CC400020460FF06DFA4FF6FF739D423AD1204611
:10CC50000CE000222A212046FCF7B8FD20460FF008
:10CC60005FFA4FF6FF7320469D422CD110F07CFEF8
:10CC7000A8B10FF055FA2AE0B6F5702F4FF6FF7302
:10CC800001D0002EC5D19D42E1D0BAF1000F09D1EB
:10CC9000002F5CD12046BDE8F0470FF090BCBAF100
:10CCA000000FBAD06E220021204610F036FB0FFA9A
:10CCB00080FABAF1000F18D0A368002B45D14FF0CD
:10CCC000020A29E0204610F04FFE0028D1D1BAF127
:10CCD000000F9ED0E6E7002F39D120460FF06FFC01
:10CCE000B8F1000F3DD1BDE8F0876D2251462046D6
:10CCF00010F013FB00B2B0F5807FDDD16122514608
:10CD0000204610F00AFBC0B2FF280DD0A3680BB17B
:10CD1000012015E04FF0010A2046FEF7BFFDA36891
:10CD20009A7E6AF387120EE068225146204610F080
:10CD3000F4FA10F0FF00A368E9D1002B3FF469AFCB
:10CD40009A7E60F387129A7663E70220F8E720461E
:10CD50000FF099F820460FF032FCB8F1000FC2D066
:10CD600061E7B9F1000F7FF45EAFBCE77D84282056
:10CD70002DE9F34106680B4605460022718CC1F38C
:10CD80000511914240D9F068D70000EBC20494F835
:10CD900007C01CF0020F05D06468C4F3170CAC6820
:10CDA000A44501D00132ECE7A988622954D04DD8BE
:10CDB00036292CD81F293ED9A1F120040122A4B282
:10CDC000A240354C14406CBB12F4C01F33D0FE2B74
:10CDD00040DCEC6801AAC05915F08EFB002858D041
:10CDE000019BB3EB040818BF4FF00108F36822461B
:10CDF000A988D85907F042FBB8F1000F04D0AA88DF
:10CE0000A9682868FFF7C2FE02B0BDE8F081552985
:10CE10000FD843290FD9A1F14404204AA4B2E2401B
:10CE2000D20708D5002B22DC2B7B002463F30704F8
:10CE3000D0E75729CBD0002BCBD0FF2B0AD0D5E998
:10CE40000342121B5A4304EB2224C3E76729BED0D6
:10CE50006829EFE72C69BDE7D5E903420CB9144610
:10CE6000B8E7002AB6D07F2BC8BF1446B2E7FE2B26
:10CE700095F810C003DD00246CF30704AAE713F053
:10CE8000800F2A7B4FF0000418BF624662F307044C
:10CE9000A0E74FF00108A9E70500410009000200E2
:10CEA0002DE9F041046827482568A78815F0BEFAE7
:10CEB000244E014619B96A8CC2F305123DE0A14225
:10CEC0000BD00A6823689A4207D18A68A3689A42FD
:10CED00003D18A88A3889A4231D0304615F0ACFA43
:10CEE0000146E7E7EB68CE0003EBC103D879800782
:10CEF00022D55B68A068C3F3170383421CD1214687
:10CF0000104815F058FA204606F0F2FFEC68394652
:10CF1000A05904EB060807F069F9EB68985915F079
:10CF200037FB60B1D8F804202846A15922F07F428F
:10CF3000BDE8F04110F0B4BA01318A42D2D8BDE860
:10CF4000F08100BF6CBF28202DE9F047984696B0CD
:10CF500090F8223004461E9E0F4643F008030284D8
:10CF6000154680F82230328910F0D7F9A4F82080D5
:10CF7000824632893946204610F0CFF994F82230A3
:10CF8000824581466FF3C30384F822307FD0258425
:10CF900039463289204610F0C0F905463946204608
:10CFA000A4F8208010F070F92A463189006807F053
:10CFB00065FA33890B2B22D147F6FF739D4201D0CE
:10CFC00099451CD120460FF0FAF800EBD07040F3E1
:10CFD0004F0820460FF0F9F847F6FF7200EBD073C8
:10CFE000954243F34F0325D198451BDA08F101051B
:10CFF00091452DB203D108F101080FFA88F92548AF
:10D0000015F079F98046D0B9234B40F263122349D9
:10D0100003200293224B0193224B0093224B06F0F4
:10D02000D7FEFEE75D1C91452DB2E8D101330FFA22
:10D0300083F9E4E79145E2D19845F7DADBE7C0E907
:10D040000359046033898760838005A806F0C0FB1C
:10D05000FF22164B05A80F92328806931092728811
:10D06000134B5242CDF8148007931192114BF26882
:10D07000089300230C929DF85620CDE90D3363F3FD
:10D08000000233698DF856200B9306F0E7FB16B0CB
:10D09000BDE8F0876CBF2820787502605079026087
:10D0A00036780260A87502609D79026071CD0060DB
:10D0B00061D40160A1CE006037B54368054613B165
:10D0C00010F04AFC0546104815F0B0F9044678B156
:10D0D000426A002305E0E16851F82310A94210D00C
:10D0E00001339A42F7D12146074815F0A5F9EDE73B
:10D0F000064B40F21912064902200093054B06F038
:10D1000067FE204603B030BDB4BF2820057A026018
:10D11000CD790260337A026037B504460FF04FFADA
:10D1200020469CB165688DB110F050FC284610F087
:10D1300024F8002222212846FCF748FB0022242163
:10D14000284603B0BDE83040FCF740BBFFF7B4FF12
:10D150000546A0B103692046A34204D003B0BDE850
:10D16000304010F033BC10F031FC064B4822064929
:10D1700000930220054B06F02BFE00232B6103B029
:10D1800030BD00BF157A0260CD790260437A02603B
:10D190002DE9F04F0D4693B08046012128460EF050
:10D1A00019FA0646002840F08D8028460EF098FEB9
:10D1B000074630B92946404613B0BDE8F04F10F09D
:10D1C000DABC61223146284610F0A7F85FFA80FAEF
:10D1D000BAF1010F76D90DF11C0928460EF04EFE6A
:10D1E0000446494628460EF0C1FF224621464846DD
:10D1F00014F091FD022F55D10BAC0DF1240B3246EA
:10D20000334699E8030084E80300214628460FF0DE
:10D21000C9F82246D8F80810584614F09CFD00289A
:10D2200050D00DAC324601239BE8030084E8030094
:10D23000214628460FF0B6F84A462146204614F00B
:10D240008AFD00283ED005AB05F1140B002294E8BE
:10D25000030005AC83E803005946204614F07AFE2B
:10D2600098B300230DAA122128468DF834300E946D
:10D27000FCF7ACFA9DF83490B9F1000918BF4FF0F3
:10D280000109012F2146404608BF49F002094A46DC
:10D2900001F0CAFB0446D8B9854B40F2E232009354
:10D2A000844B0BE0012F04D10DAC4A46D8F808108E
:10D2B000C4E7814B4FF468720093804B8049022091
:10D2C00006F086FD13B0BDE8F08F4FF00109D8E7F6
:10D2D0006F220021284610F020F8702206B20021AB
:10D2E000284610F01AF806F4C04307B2B3F5005F01
:10D2F00014D126F4C043B3F5FA6F0FDC2E8BB3F5CF
:10D300007A7FAA8A06F10106C8BFC3F57A73B61AF6
:10D3100036B25E43642396FBF3F636B207F4C0439D
:10D32000B3F5005F14D127F4C043B3F5FA6F0FDCF7
:10D330006F8BB3F57A7FEA8A07F10107C8BFC3F59F
:10D340007A73BF1A3FB25F43642397FBF3F73FB290
:10D350000DA810F0BDFC6E22002128468DF83EA0DD
:10D360000FF0DBFF03B2B3F5616F40F38580A0F5EA
:10D37000616003B26D2200212846ADF834300FF011
:10D38000CCFF6822ADF83600002128460FF0C5FF1B
:10D390009DF83F309DF8442019F0020A60F3030322
:10D3A0008DF83F30474B1B681B681B7CC3F3C003E1
:10D3B00063F300028DF8442010D004F1080394E8D0
:10D3C000030083E80300628A63891344B4F90620EA
:10D3D000013B1BB29342A8BF1346E381B4F90A2074
:10D3E000BDF91A309A4242DCBAF1000F25D0B9F1EA
:10D3F000020F16D004F10803002259461846039381
:10D4000014F0A8FD039B00283CD0002212212846DE
:10D410000C938DF82C200BAAFCF7D8F99DF82C3032
:10D4200083BB0022B4F90E104046B4F9063099428D
:10D430002146C8BFE38110F098FC2946404610F011
:10D440009AFBD8F80420AB8A404611885B1A214623
:10D450003344ADF83830EB8A52889B1A0DAA3B440E
:10D46000ADF83A3010F085FCBAF1000F11D1214629
:10D47000404610F082FC25E7002BBFF67BAF00F59D
:10D48000616076E7228A638913440122013BE381CC
:10D49000C8E7E389628A0133013A9BB21A44638187
:10D4A0001BB2E281BDF91A209A42A0DADFE700BF81
:10D4B000A47A0260087C0260827A0260F97B0260D2
:10D4C0004E7A026090BD28202DE9F84306460D46AD
:10D4D00029B91F4B1868FBF71FFF054640B13046BE
:10D4E0002946FFF755FE284610F03EFA044608B9D3
:10D4F000BDE8F8830027204610F048FA8046B94678
:10D50000474513D13246172120462546FCF75EF9E0
:10D51000324618212046FCF759F932461921204697
:10D52000FCF754F9204610F01FFADFE7A3681B68E8
:10D5300053F82710B9F1000F06D16B1AD3F1000987
:10D5400049EB03090137DBE73046FFF721FEF9E736
:10D5500090BD28202DE9F04F854C0546A7B02068E6
:10D5600014F04FFBEB6806460BB12846984733682A
:10D57000002B3BD16E682068FBF7CEFE014630469B
:10D5800010F0BFFA236807465E69002E44D10028D8
:10D5900040F09580206805F067FF0646206805F09A
:10D5A00073FF01380022731E00B21BB211460090B7
:10D5B00018A814F091FB2B6B002B44D12368D86A78
:10D5C00000286AD017A902F025FA01285BD11AA811
:10D5D00010F07EFB23681AA9284693F829208DF8BD
:10D5E000722018AADB6A00F0F7FD41E0236870683A
:10D5F0001B68F268B3F90010B3F9023010B14B4365
:10D600009A42B7D122683369002BB3D01068836A7D
:10D61000002BF8D09847F5E73146686810F071FAAA
:10D620000646002F4BD10028B4D0236893F8282059
:10D63000D10751D45B691BB331462846FFF744FF3D
:10D64000F7B1394653E01AA801F0EEFD23681AA994
:10D650002846DA6A1D9293F829208DF87D2093F8E8
:10D660002A308DF86B2018AA8DF86C302B6B9847F8
:10D67000236893F82820D0072DD45E69002EDBD1D3
:10D6800023681F69DDE73B4B40F2F7223A4902204D
:10D6900000933A4B06F09CFBEAE71AA801F0C4FDA0
:10D6A00023681AA9284693F82A208DF86C2093F84D
:10D6B00029306A688DF86B3011F0A9F8D8E7236833
:10D6C00093F82820D20708D45B69002BB8D0002E2D
:10D6D00008BF1E46B0E700261F6939462846FFF7F7
:10D6E000F3FE2368596929B1002E18BF3146284638
:10D6F000FFF7EAFE2068FBF743FE01462846FFF7E6
:10D70000E3FE2068FBF756FE01462846FFF7DCFEE5
:10D7100023681846079314F074FA079B07461B68A2
:10D72000DD6B6B6B0BB1284698473B684BB9012307
:10D7300020683B610268D2689169CE0720D400233B
:10D7400021E07B68002BF2D023681A681388528886
:10D7500013FB02F3FA689A42E9D022683B69002B76
:10D76000E5D01068836A002BF8D09847F5E700BF32
:10D7700090BD2820C87A02604E7A0260BD7B0260AC
:10D7800092699407DBD57B617B690E93079B1B68CD
:10D790005A69C2B11A7C12F0300FD5E9005400F07A
:10D7A000B781510740F1B4810668337C03F006026B
:10D7B000062A1BD1A64B40F29E42A64903200093A5
:10D7C000A54B06F005FB3A686AB17B685BB1079927
:10D7D0000968097CC90701D50E9921B1B9688A4247
:10D7E00018BF1346BB6027B0BDE8F08F03F03002CE
:10D7F000202A34D1A388681E2288013361889B1AAD
:10D80000E2880132521A13FB02539C465A1BACEBBE
:10D810000301013A91421BD3738830466188013B72
:10D82000B4F906205B1A2188E3807388013B9B1AB8
:10D83000B4F9042063803388013B5B1A2146A3803E
:10D840003388013B9B1A2A46238010F042F9BAE73D
:10D8500013F8012D10F8011F19700270D6E7DA06CF
:10D86000B1D514F0CEF92388B4F904200993531CE0
:10D87000049009989BB2B4F900100A931B1A98B24D
:10D880000FFA83FAB4F902300B900F936388059373
:10D89000E388059801331B1A1BB206934FF42053FB
:10D8A0000698B3FBFAF38342A8BF03461093337C78
:10D8B00003F03003102B23D1738809995A1E521A92
:10D8C000E2800A9A9B1A63800AEBDA734FF0000B2E
:10D8D0005B10CDF80CB014930AF1010303EBD37382
:10D8E0005B1013932AEAEA731593069B5B450ADCE7
:10D8F000039B002B3FF467AF184606F0A9FB62E7D5
:10D900006180E280E0E7069B109AA3EB0B03934251
:10D91000A8BF1346049A08930123BDF92080136120
:10D92000BBF1000F40F09A80069B9A4500F3968069
:10D93000337CD846584603F0300311930B9B013BD0
:10D940009BB20D9303B2149A9A4243DD0D9B4FF0A4
:10D95000000CA3EB000E0FFA8EFE0EFB0AF31293DF
:10D9600020E00D9902EB08090AFB02E2CB1A0892AB
:10D97000129A19B202FA83F3119A0AFB0101302AB2
:10D9800015F809200C9217D16A5C05F80920089A4D
:10D9900015F8039005F80190A95CE9540C9BAB5471
:10D9A0000CF1010C0FFA8CF213991FFA8CF38A42D6
:10D9B000D7DB0130D044C5E7089AAA5C05F80920F6
:10D9C000089A15F8039005F802906A5CEA540C9BDB
:10D9D0006B54E5E7337C03F03003102B2AD10F9B07
:10D9E0000B9A2380059B013B1344A380D04608EB90
:10D9F0000B03069A9A4200F38380049B9B69DB0722
:10DA00007ED5049B9B6998077AD50123049A214609
:10DA100030465361039A002A08BF2A4610F059F88D
:10DA2000049B1B69002B6DD108FB0A55D8440FFAE3
:10DA300088FB5AE73388059A013B9B1A099A9BB2E7
:10DA40000132A38013440A9A9B1A2380CEE700BFB9
:10DA5000E87A02604E7A0260AD7B0260039B23B9D4
:10DA60004FF4205006F074FA0390307CAE4600214B
:10DA700000F030030C930AFB08F3A3EB0809013B09
:10DA8000A3EB09030D930AB2904510DC337C1FFA17
:10DA90008BF1BDF8202003F03003102B25D1059B1E
:10DAA000194489B2218001391144A1809FE70C9B60
:10DAB0004FF0000C302B0ABF0D9B01EB09025A1AE4
:10DAC0000FFA8CF39A4503DC159B01319E44DAE78B
:10DAD0001EF80C300CF1010C039883540C9B302B76
:10DAE0000CBF4244A2EB0802EAE733880598013BE9
:10DAF0001B1A5B1A9BB2A38001339B1A238076E723
:10DB0000002383E7B36A002B8AD03046984787E723
:10DB10002A462146184698E670B50D4686B004465A
:10DB200018B905F09BFC044680B12046FBF79AFD2E
:10DB300060B194F8283013F0040309D0334BD42299
:10DB4000334903200093334B06F042F906B070BD11
:10DB500015B9A4F85051F9E72046029305F084FC6A
:10DB6000013802AEADF80C00204605F08DFC0138FE
:10DB700032462946ADF80E0004A814F0ECF800284F
:10DB8000E4D02068037C9B070ED504F1300396E8AF
:10DB9000030083E8030001236068A4F850310028E3
:10DBA000D4D014F007FDD1E783690BB104A99847DD
:10DBB0000025B4F85031AAB293420BD81F2B15D8C8
:10DBC00004EBC303049A1A63059A5A63B4F85031FC
:10DBD0000133E1E7A9B2002204A80135063104EBC4
:10DBE000C10114F0B7F90028E3D0AFE70023A4F88F
:10DBF0005031BDF808302386BDF80A306386BDF881
:10DC00000C30A386BDF80E30E386DFE7107B0260A0
:10DC10004E7A0260EC7B0260014B1868704700BFCF
:10DC200090BD28202DE9F04F95B0054613F0ECFF8C
:10DC30000023AE4C06900B9345B3EB682846236057
:10DC400014F0B3FC23681869FEF76AFB236858696F
:10DC500008B1FEF765FB2368D869FEF761FB23680E
:10DC6000186AFEF75DFB23681A69002A40F0F88005
:10DC7000A3F8502102209E4B40F23D129D49009393
:10DC80009D4B06F0A5F815B0BDE8F08F05F0E6FB5A
:10DC90002060D7E7304490F83051002D00F0A2808A
:10DCA00001362068B0F850319E42F3D303681A7CE5
:10DCB000D5072ED5DB685B685BB300F5AC7014F05C
:10DCC000CEFB30BB206800260368DB68D3F80080F9
:10DCD000D3F808B0C34508BFD3F8048005F0C4FBEF
:10DCE0002022074600210CA815F01DFC2368B3F87C
:10DCF000502103F5AC709642C0F0B68014F096FB4C
:10DD000005462068002D40F0FB8000F5AC7014F053
:10DD10007BFB7A4B00221A602368B3F85021002A5B
:10DD200033D002F1FF3803F5987212F8081021B1D0
:10DD3000B8F10108F9D24FF000081868436B03B13D
:10DD4000984723680DF130091A68D1680A7E6FF38D
:10DD500000020A761A68D1680A7E6FF341020A76D9
:10DD600093F8282042F0040283F82820002304932B
:10DD70002568049AB5F850319A42C0F2D38095F8DC
:10DD800028306FF3820385F828302368B3F85021D8
:10DD9000FAB11B681A7CD20700F1D28125684FF4D2
:10DDA0008072002105F1300015F0BDFB202200211A
:10DDB00005F5987015F0B7FB00230698A5F85031CB
:10DDC00013F02AFF23680B901868436A002B40F079
:10DDD000D88106F061F913F0FDFE15B0BDE8F04FF3
:10DDE00000F0D6BE4FEAC60A0AF130092068B0F842
:10DDF00050319D42BFF454AF431993F830316BBB9F
:10DE0000AE422BD04FEAC50B0BF1300B00EB0B01F0
:10DE1000484414F082F808B321680CA801EB0B0207
:10DE2000494413F0C3FF0CA813F067FF0490206867
:10DE3000484413F062FF07462068584413F05DFF22
:10DE4000049B0744BB4209D223680C9903EB0A02E6
:10DE50002B4411630D99516383F830810135C5E777
:10DE600000264FF001081CE7334493F830310BB122
:10DE700001363BE74FEAC60914F0D8FA054609F126
:10DE80003009206800F5AC70002DF1D0294614F05F
:10DE9000D3FA2268824629464A440CA814F0A3F813
:10DEA0000346581C1FD0002211E02946CDE9043258
:10DEB00014F03CFA0CAB059A844603EBC20E013217
:10DEC000049BBEE80300CCF80000CCF8041051B26B
:10DED00020688B4200F5AC70E7DC294614F06BFA41
:10DEE000284606F005F85546CBE700BF90BD282030
:10DEF000397B02604E7A0260D87B026094BD282094
:10DF0000036859463A46D86B2B46CDF80080CDE9D8
:10DF10000175866BB0472068294600F5AC7014F097
:10DF20008BFAEDE6049BEB1893F83031002B48D1C7
:10DF3000049B434505D12B68DA68137E43F0010347
:10DF400013762B68DA68137E6FF341031376049B14
:10DF5000DF0007F1300305932B68DE6BDB689B68FD
:10DF600033602B681B7C990738D0284605F07CFA73
:10DF70000746206805F088FA013800227B1E00B2AF
:10DF80001BB211460090484613F0A6FE2368C6F85F
:10DF900004901B681A7CDB6812F0020F15D01A7E01
:10DFA00042F002021A76C6F808903046FFF7D2FA1D
:10DFB000059B2068184413F0A0FE744A13680344BC
:10DFC0001360049B01330493D2E699691A7E61F3CE
:10DFD00041021A76059B1D44B560E6E72F442846AA
:10DFE000B7F834A03B8E0AF1010A7A8EAAEB030A35
:10DFF000B7F9363003F1010B07930FFA8AFAABEB4E
:10E00000020B05F041FA079B0FFA8BFB834261DBA1
:10E01000206805F039FA451E2DB223681A68D368C6
:10E02000DB68B3FBFAFA9369DA45A8BFDA4653B363
:10E0300000230FFA8AFB0C93ADF834305B460BF1EA
:10E04000FF3B226849460FFA8BFB0793ADF836B0C9
:10E05000106882699047BDF93610BDF83220013151
:10E06000079B8A1A12B2924537DABBF1000FE5DC42
:10E07000474B4FF0000A40F23342464900930220DA
:10E08000454B05F0A5FE1FFA8AF2B7F932004FF0B2
:10E09000000B531E079300EB0A032168013BAB42C0
:10E0A0001FDD5D4584D03B8EADF83030BB8EADF8C2
:10E0B0003200ADF83430ADF83650C6E901990B683E
:10E0C000DB689B6833600B68DA68137E43F00203F9
:10E0D00013766AE7B7F936509FE7002BC8DD8A460A
:10E0E000D1E73B8EDDF81CC0ADF83030BB8EADF80B
:10E0F0003200ADF8343083B21CFA80F0ADF836004F
:10E10000C6E901990868C06880683060BDF93600CA
:10E11000A8428346A8BFAB46A842ADF836B005DB9F
:10E120000868C168087E40F0020008763046CDE9F4
:10E130000832FFF70FFADDE90832134418B2AAE7F4
:10E14000DB685B68002B3FF429AE002512E010FA73
:10E1500085F3AEB293F830315BB900F5AC7006369A
:10E1600014F00DF92368024603EBC60303CB1060DD
:10E17000516001352068ABB2B0F850219A42E6D820
:10E180000CE6024A0B991268984722E694BD2820B3
:10E19000537B02604E7A0260CC7B026038B5054644
:10E1A0000FF069FD044650B128460021044A0FF0E3
:10E1B00077F929462046BDE838400FF04DBD38BDFF
:10E1C000FFFF0F000438C0B20A289ABF014B185C49
:10E1D00000207047997C02602DE9F04F04468DB015
:10E1E000884615461E467BB9954B42220093954BB7
:10E1F0009549022005F0ECFD944A294620460DB0D1
:10E20000BDE8F04F0FF047BD8F7A022F16D9C769CE
:10E210006FB93046D8F80C2098F8081001F058F87B
:10E22000064670B98A4B54220093864BE0E7B84704
:10E23000012803D098F80A30022BEAD80DB0BDE8C7
:10E24000F08F077D07F01F0210460FF04DFD38BB21
:10E250000E2A17461CD0142A04D010460FF04CFD8D
:10E26000071DFFB2336AEBB1794B4FF485727649E3
:10E2700002200093774B05F0ABFD326A2946204619
:10E280000FF009FD30460DB0BDE8F04F10F077BB40
:10E29000D8F80030B3F1807FE4D00527B061E1E722
:10E2A0000627DFE7B369002B56D0D8F80030B5F960
:10E2B00000C0B5F902E0B3F1807FB5F90410B5F9FB
:10E2C0000620ADF820C0ADF822E0ADF82410ADF87E
:10E2D000262027D040460132013130F9043BA2EB21
:10E2E0000E02A1EB0C01019012B2B8F8020009B2C3
:10E2F000009008A810F09FFA2A88BDF82030BDF8D9
:10E3000022101344ADF820306B881944ADF8221068
:10E31000BDF824100A44ADF82420BDF8262013448B
:10E32000ADF826300DF1280908AAA168484613F077
:10E3300012FD18B9304610F022FB7FE7D4F808A090
:10E340002A46C4F80890414600972046B3690FF06A
:10E35000EAFCC4F808A095E72A46A16806A813F0CD
:10E36000FAFC0028E6D0BDF81C30BDF818200133B7
:10E370009B1A1BB25800049305F0EAFDA368012123
:10E380008146039308A8069B0893079B099313F003
:10E39000AFFCBDF91830B5F90020BDF91AA0B5F9E8
:10E3A00002109B1AAAEB010B1BB20593BDF91E309C
:10E3B0009A4505DD039B4846A36005F049FE61E7E9
:10E3C00008AA03990AA813F0C6FC002834D0049BBD
:10E3D0000FFA8BF205993046CDF8009010F0BFFA95
:10E3E000012814D0304610F0CAFA1B4B40F24D12EF
:10E3F000154902200093174B05F0EAFC484605F04A
:10E4000027FE304610F0BBFA039BA3600AE70AAB75
:10E4100008AA41462046A3604B4600970BF1010B2A
:10E420000FF081FCBDF822300133ADF82230BDF889
:10E4300026300133ADF826300AF1010AB6E700BFF5
:10E44000497C0260B47C0260117C0260617C0260E5
:10E45000697C0260A47C02607A7C026010B51422A0
:10E46000044600210C3015F05EF8FF2305202376CA
:10E47000054B23604FF6FF73C4E9013305F0F8FA4A
:10E480000023A073637610BDEC5702602DE9F04FB6
:10E49000B3B083460C46154605930B7EDDF8F0803D
:10E4A000022B40F2C6800B68049353B99F4B522253
:10E4B0003C939F4B9F49022033B0BDE8F04F05F0DD
:10E4C00087BC036A23B99C4B57223C93984BF1E7D6
:10E4D0000F461EAE0FCF0FC697E80F0086E80F005D
:10E4E000059B002B00F0A5801B78002B00F0A1807D
:10E4F000DBF80820294617A813F02DFC002800F0AF
:10E500009880A37E0893E37E980700F19580AB88FE
:10E510002A8801339B1A1BB2049AB5F90200B2F99A
:10E520000890B4F91020B4F916104A440A922A88C7
:10E53000ADF84C20B4F914201092421892B2ADF804
:10E540004E20B8F1000F40F0888000261BB20B93DC
:10E55000E37EDDE9041001930023304400930B9B1C
:10E56000B4F9122006F052F98719BDF94E30DBF8E4
:10E5700008204B44B2F902209342059BC0F28E80E2
:10E580009819089B022B40F0BA80E37EB91B049ACD
:10E590000093B4F9123014F0B7F8AB882A8801332D
:10E5A0009B1A1BB2181ABDF84C3000EBD07003EB6D
:10E5B0006003ADF84C3063680693A3680793DDE908
:10E5C0000632934288BFCDE90623237F990719D0ED
:10E5D0001BA80FF0F0FB237B9DF875208DF86C30A5
:10E5E000049B93F90E30002B08BF0123ADF86E3069
:10E5F000237E8DF87430237FC3F3C20363F30102DB
:10E600008DF8752026A84FF0000800F00DFEA37BC2
:10E61000CDF838808DF89C30BDF94C30CDF8248091
:10E620000F93059B33440D93059B9B5D002B40F09E
:10E63000858033B0BDE8F08F029341F6FF730599F2
:10E6400026A80193B4F910300093B4F9123022686F
:10E6500006F00AFABDF998305EE700297FF475AF3D
:10E660000028BFF672AFD8F80810091A0A980029D6
:10E67000C0F50070B8BF4942B1EB400FC4BF4FF0C6
:10E68000FF31C8F80010D8F80060002EFFF65DAF2B
:10E69000D8F804100A44ADF84E2057E703EB070AF8
:10E6A000E37E049901930023504600930B9BB4F939
:10E6B000122006F0ABF8BDF84E300A9A38441344E5
:10E6C0001BB2ADF84E30B8F1000F11D013F5806FCA
:10E6D0000EDBD8F80020002A0ADAC8F80070B5F975
:10E6E00002209B1AC8F80430B5F90230C8F8083087
:10E6F0009AF800303E46002B9BD0074635E7089B32
:10E70000032B7FF458AFE37EB91B049A0093B4F94E
:10E71000123013F0F9FFAB882A8801339B1ABDF839
:10E720004C201BB21B1A134443E700BFFA7C026063
:10E730004D7D0260C07C02600C7D0260BDF84C30F3
:10E74000109A1344ADF84C30002399461493BB1B28
:10E7500011931499119B8B4200F28680237F9A07B4
:10E7600022D50F9B1BA958468DF86C80ADF8583008
:10E77000BDF96E3003EBD372BDF84E3003EB62038C
:10E780002268B2F9082002EBD27203EB6203BDF8F3
:10E790004C201BB2ADF8642016AAADF85A30ADF883
:10E7A000663019AB0FF010FB237FDB071ED50F9BE4
:10E7B00058462268ADF85830BDF84E30118952895C
:10E7C0000B441BA98DF86C809B1A049A92F90D20BA
:10E7D0009B1ABDF84C201BB2ADF8642016AAADF808
:10E7E0005A30ADF8663019AB0FF0EEFA059B04997C
:10E7F000DE19E37E01930023304600930B9BB4F9AE
:10E80000122006F003F82B88014607EB0009ADF84B
:10E810004C30089B022B40F0EF80E37E3046049A98
:10E820000093B4F9123013F06FFFAB882A880133DC
:10E830009B1A1BB2181ABDF84C3000EBD07003EBDA
:10E840006003ADF84C30BDF84E303E460A9A134492
:10E85000DBF808201BB2B2F906209A42ADF84E3020
:10E86000FFF6E7AE4F46DCE6069A4FF6FF739A4294
:10E870001DD0079A9A421AD06A4B314405981B68FA
:10E880009847824614AB16AA15A90D9806F0D2F83F
:10E89000E37E13F0010300F0A580159A232A13D11B
:10E8A000B9F1000F06D1149A9946099251E74FF039
:10E8B000000AE7E7B9F1010F4DD0B9F1020F00F0FE
:10E8C000988094F80C804AE0B9F1010F40F08A80FA
:10E8D000202A7FF43EAF149B099A9B1A072B38D14C
:10E8E0000D9B09999A185858C0F30723C0F3074A9B
:10E8F000C0F3076919900C93C0B29388ADF86830E3
:10E900000FF01CFA01469DF830000FF017FA00EBEB
:10E9100001115FFA8AF00FF011FA82465FFA89F06E
:10E920000FF00CFA00EB0A199DF868000FF006FAD8
:10E9300082469DF869000FF001FA00EB0A1049EADF
:10E94000000941EA0901C1F3C0134FF002090E9317
:10E95000FFE6237BF9E794F80C804FF00009049858
:10E96000DDE9151204F048FB069A4FF6FF730C9090
:10E970009A4221D0079A9A421ED0069B53451BD833
:10E98000524519D9BDF94C30618AADF86430013B6C
:10E99000BDF94E200B4426A9ADF86620013A034488
:10E9A0005846ADF868300A9B1A44ADF86A2019AA97
:10E9B0000FF02DFF94F80D80159B13AA1EA9584641
:10E9C0008DF884800FF0CCF90C9B002B3FF4C1AE86
:10E9D000BDF84C30628ADDF830A013449A44ADF89B
:10E9E0004CA0B6E6B9F1020F7FF46BAFDDF83880CA
:10E9F000B5E74FF00009ACE6089B032B7FF423AF8B
:10EA0000E37E3046049A0093B4F9123013F07CFE92
:10EA1000AB882A8801339B1ABDF84C201BB21B1A05
:10EA200013440EE75C842820F0B50546C06B85B022
:10EA30000E461746002834D0E86C05F051FA04461B
:10EA400060B9194B2B22194903200293184B0193EB
:10EA5000184B0093184B05F0BBF9FEE7EA6C002158
:10EA600014F061FDFFF7D8F82B683A4623626B6813
:10EA7000E361AB68A36103681B7CC3F3801384F874
:10EA8000243023463068716803C32846EB6B214667
:10EA90009847054610B9204605F02AFA284605B0E1
:10EAA000F0BD0546FAE700BF787502605B7D026045
:10EAB000957D0260A8750260A77D026037B50023CE
:10EAC0000C4A52F8335002EBC3046DB10133102BE2
:10EAD000F7D1094B02205A2208490093084B05F050
:10EAE00077F94FF0FF3003E042F83300D8B26160AD
:10EAF00003B030BDC8BD2820F57D0260BC7D02603A
:10EB00005F7E02602DE9F3470746884691469A46A4
:10EB10000B4E0024356825B90134E0B202B0BDE8DF
:10EB2000F087009553462D684A4641463846A84727
:10EB30000028F3D0022806F1080608BF0124E9E7FF
:10EB4000C8BD2820421C03464FF000011BBF054AE8
:10EB500052F83000084642F833101CBF02EBC302E3
:10EB600051607047C8BD2820F8B500240646074DFF
:10EB700027466B68B34203D120B22F68FFF7E2FF4C
:10EB800001340835102CF4D13846F8BDC8BD282012
:10EB900038B5074C0025206808B105F0A9F90735FC
:10EBA00020461C211C340FF01CF91C2DF3D138BD5C
:10EBB00048BE282070B5134E0446336818B9181E95
:10EBC00018BF012070BD002556F8353023B9013536
:10EBD000102DF9D10020F5E71A79022A01D0012081
:10EBE000F0E703F10801B3F910209B7C2046DB0716
:10EBF00004D513F094FA0028E9D1F0E713F0AAF94C
:10EC0000F9E700BFC8BD28202DE9F8431546BDF936
:10EC100020600F462C21044698469DF824900FF062
:10EC2000E0F8B54206D1B9F1030F0BD1013D013E29
:10EC30002DB236B2B54205DD2A46354616463A466D
:10EC400047469046227CA8EB0703E681761B69F3D2
:10EC5000010283EAE3713348227486EAE672A1EB8B
:10EC6000E3712781A2EBE6726581A4F80C809142E2
:10EC700094F828206782D4BF00210121A58261F386
:10EC800000020021206084F82820D2072171C4E905
:10EC9000061125D533B14FF4801292FBF3F2724383
:10ECA0009212E26136B14FF4801292FBF6F25343B6
:10ECB0009B12A361E069237C811094F8282013F053
:10ECC0000303206224D0012B22D0022B1AD100286A
:10ECD0001DDD42F0020284F828206162BDE8F8835D
:10ECE00036B14FF4801292FBF6F25A439212A261AF
:10ECF00033B14FF4801292FBF3F373439B12E36141
:10ED0000A069D8E700280BDD6FF34102E3E7002399
:10ED100063F34102002884F82820B8BF4942DCE7A9
:10ED20000123F5E707DE01602DE9F34140F26715A5
:10ED3000BDF920C017461A46AB420E460446A8BF8E
:10ED40002B466545A8BF654623EAE37325EAE575CA
:10ED50009D42A9B230DA01F5B470C01AB32A80B26C
:10ED60004FF00108A381D4BF00220122A4F868005B
:10ED7000BCF1B30F1348E58126816781206084F8D8
:10ED8000048006DDB439B32994BF4FF000084FF07A
:10ED90000108314604F1100000923A460FF010FDD0
:10EDA0002B463A46314604F13C00CDF8208002B0B3
:10EDB000BDE8F0410FF004BDE81A0028B8BF40429A
:10EDC000CCE700BF13E201602DE9F04F9046CA88FE
:10EDD000074648880132B1F9004093B00026121A64
:10EDE00088883C81013012B2001B00B28242A8BF69
:10EDF0000246B8EB620F4FEA6200B1F902207A8155
:10EE0000C8BF0FFA80F8B1F9042028EAE875B8F114
:10EE1000000FBA81B1F906203D82FA81BA7C63F312
:10EE20000002AD4B3B604FF00203BA743B7103DC50
:10EE30007E6113B0BDE8F08FA84B19461A46B1F9B0
:10EE40001800A84217D11C20B8F10F0F00FB0623B1
:10EE5000CCBF45F30F15012500FB0622596901318E
:10EE600059611B692B44B3F57A7FA8BF4FF47A73BD
:10EE700013617A61DDE701361C31042EDFD10024F5
:10EE80005A692AB9ECB1196922699142B8BF1C4686
:10EE9000013E03F11C03F3D1002C37D11C2005F0F7
:10EEA0001FF8044678B98E4B40F205228D490320A5
:10EEB00002938D4B01938D4B00938D4B04F088FF93
:10EEC000FEE71C46E4E71C210EF08BFF4FF0FF33FA
:10EED00023617C612068258308B105F009F80620CC
:10EEE00005F1010905FB000004F0FAFF2060E8B914
:10EEF0007B4B40F25B527B49032002937D4B019395
:10EF00007A4B00937C4B04F063FFFEE76369B8F132
:10EF10000F0F03F101036361CCBF45F30F1301230E
:10EF2000B3F57A7FA8BF4FF47A73D1E700EB4503BE
:10EF30000422B8F1010F606003F1020302EB8507C0
:10EF4000E36000EB0703A3600AD1B423037000233E
:10EF5000E2681380E268A2F80280A268138068E782
:10EF60004FEAC90004F0F4FFC219AB00C3F101017C
:10EF70000FFA83FA43F38D0309B20A930023059134
:10EF80009B4699460E93D14524DC0DF1280E0DF1D8
:10EF9000380C0027BDF8141006910599002963DC90
:10EFA0000699033101EB490109B2059109F101010B
:10EFB0000FFA81F9D1450ADC4FEAAA0101374EF870
:10EFC000041B042F0AF003014CF8041BE2D1042FA8
:10EFD0009C4656D003F1004C40F2D32115FB01F5BD
:10EFE0000CF1FF3C30F91CE0A9124FEA4C07BEEBD4
:10EFF000A52F03D132F91CC061451AD0C5F309050C
:10F0000009B20237B5F5007FC153CCBFC5F58065A5
:10F010006D43D153C8BF6D436168D2BFED0BED1393
:10F02000C5F10F05CD546568E95C0901E954013368
:10F030001BB29D1E1946002D80F2C68099B2002B8E
:10F0400001F1FF35D4BF00232B46E56819440023A6
:10F0500009B22B808B420FFA86FCC0F2C68013B037
:10F06000BDE8F04F04F0F4BF0699A9EB0A0805319A
:10F0700001EB480109B205910AF1FF310FFA81FA5B
:10F0800094E7DDF828805F009BB20FFA88F10993BE
:10F09000013306910FFA8BFE9DF844101BB20791C5
:10F0A0000D9988452AD10699C15322F807E00E9997
:10F0B000079F0F4439460F9F3944109F39446768B2
:10F0C00007F80C10676817F80C10090107F80C1006
:10F0D0000BF1010B57E700BF17E5016048BE282080
:10F0E00078750260BC7D02601B7E0260A8750260BC
:10F0F000467E0260297E0260387E026008F1FF31A0
:10F1000009B208910B99884523D00699C15322F87A
:10F1100007E00E9F616801F80C70676817F80C1023
:10F12000090107F80C100899079F20F813100F9990
:10F1300022F813E00F443946109F043139446768C0
:10F14000F9546768F95C0901F954099B02331BB251
:10F15000BEE70C998845DDF818800E9920F80780E5
:10F1600022F807E018D0DDF83C806768414407F8D2
:10F170000C10676817F80C10090107F80C105900FB
:10F18000089FDDF81CC0475222F801E0109967681B
:10F190008C4461460831D3E70F9F01EB07081099B3
:10F1A0008844616801F80C80676817F80C10090141
:10F1B00007F80C105900089F4752079F22F801E0FA
:10F1C0000C376168CF54BCE732F9157020F8117024
:10F1D00030F9157022F81170676817F805C0013D05
:10F1E00007F801C0013109B225E7E5684FEA4C0E86
:10F1F00025F81C30A56830F8137025F81C7032F91A
:10F200001350654501D18B4201DB013622E7A76827
:10F2100030F91350013337F80E804545A8BF4546F5
:10F2200027F80E50EBE700BF3022002110B504464E
:10F2300014F079F940F2FF2340F201122381074BC9
:10F24000A2802361FF23E370637584F8243084F87F
:10F250002E3041F6FF63A38310BD00BFEC57026060
:10F26000F0B585B0BDF92850BDF92C609DF834701B
:10F2700060B9114B2922114903200293104B0193CD
:10F28000104B0093104B04F0A3FDFEE7C46A54B981
:10F290000E4B2B22094902200A930B4B05B0BDE807
:10F2A000F04004F095BDA4460D97CDE90A5605B08F
:10F2B000BDE8F040604700BFAE7E0260707E026035
:10F2C000BB7E0260A8750260ED7E0260CC7E0260AB
:10F2D0002DE9F34104460F469046174D12F094FC79
:10F2E0002146064643463A46284600F0BFFB044600
:10F2F00098B9124B7D22124902200093114B04F061
:10F3000067FD28222146284614F00DF94FF00043EE
:10F310002046AB6202B0BDE8F0810023AB62EB692E
:10F320000BB10548F6E7304612F076FC08B1E8610B
:10F33000F7E70123EB61F4E73CBF2820387F026048
:10F34000FF7E0260627F026030B5084687B00D46DE
:10F3500014460EF0DBFCD8B92B78C3F30403043B4E
:10F36000DBB2102B41D82B682268C3F38A2363F3E6
:10F37000942222606B886288C3F34A1363F34F12AE
:10F38000237862802A7862F30403237001202DE041
:10F3900001282DD1284604F0FFFC1D49F3F7FAF8A7
:10F3A00018BB0222294603A804F074FCB8B902ABCA
:10F3B0000422214603A804F07FFB054603A812F0AF
:10F3C00028FF15B9029B042B09D0124B40F22912D9
:10F3D0000093114B1149022004F0FAFC05E0237858
:10F3E0001C3303F01F03102BD0D9002007B030BD11
:10F3F000022806D1236803F47872094B1343236073
:10F40000C4E7084B4FF49D720093034BE2E700BF43
:10F41000757F0260B47F0260CC810260797F0260F8
:10F420000B042000D87F02602DE9F04F087D9B4639
:10F430008BB00E4600F01E031446BDF95080042B1D
:10F4400003D000F01F03062B3AD1377C012F04D0E4
:10F45000002738460BB0BDE8F08F00F01F00D6F84B
:10F460002490FEF7AFFE716905460022C1F38A21A0
:10F470001BFB014141434846C910043112F0E8FE2C
:10F4800048B1B84B4FF409720093B74BB74902200B
:10F4900004F09EFCDCE7C5F3C705069006AB1599A2
:10F4A00015FB08F548462A4604F006FB10B9069BF2
:10F4B0009D42CED0AE4B40F22B220093AA4BE5E703
:10F4C000A3F10B02032A00F2B4804FF47F4306AA93
:10F4D000ADF81030A3F5AD039146A3F5285305937D
:10F4E000A44B03F110071868083353F8041C1546A1
:10F4F000BB4203C52A46F6D1317A00231AB29045A1
:10F5000014DC307D00F01F00FEF75CFE0123824614
:10F510008340013B9BB20293337D03F01F030B3BFF
:10F52000032B55D8DFE803F0072D3D4B159A02F861
:10F5300013100133E2E77569E110E4430DF110099E
:10F54000C5F38A2504F007040735EB101D4603FBBD
:10F550000B112846D6F824B0039104F0F9FC0746B5
:10F5600000283FF476AF337C0399ABBB73689A688D
:10F570000A44159BCAF1080000215D1C4FFA80FE69
:10F580004FE07569A110E4430DF11409C5F38A2514
:10F5900004F0030403356400AB101D4603FB0B119C
:10F5A000D7E775696110E443C5F38A2504F00104C7
:10F5B0000135A4006B101D4603FB0B11C9E77569EB
:10F5C000C5F38A210D461BFB01410024A146C0E77B
:10F5D000002421462546F9E700220431584612F05E
:10F5E00037FE2A4600233946584604F065FA3A4663
:10F5F000BFE7137896F814C0234102980CF01F0C53
:10F60000A4EB0A040340BCF10E0F64B2DBB218BFD6
:10F6100019F80330002C05F81130BCBF74460132D4
:10F6200001310BB29845E4DC3846012704F010FDA7
:10F630000FE7073B032B00F28F8000F01F0001272C
:10F64000FEF7C0FD337D8740824603F01F03013F74
:10F65000073BBFB2032B52D8DFE803F0022737473E
:10F660007569E310E443C5F38A2504F00704073500
:10F67000EA1002FB0B33154603F108012846D6F8C1
:10F6800024B0029104F064FC814600283FF4E0AE0F
:10F69000337C0299BBBB73689A680A44159BCAF114
:10F6A00008060025591C76B251E07569A310E443A1
:10F6B000C5F38A2504F0030403356400AA1002FB95
:10F6C0000B33154603F11001D8E775696310E44365
:10F6D000C5F38A2504F001040135A4006A1002FB79
:10F6E0000B33154603F14001C8E77569C5F38A235A
:10F6F0001BFB034B1D4600240BF58061BEE7002178
:10F700000C460D46BAE700220431584612F0A0FD1F
:10F710002A4600234946584604F0CEF94A46BDE73A
:10F7200013780135DBF80C0002312341A4EB0A0405
:10F730003B4064B2DBB2002CC05CBCBF344601323B
:10F7400001F8030CDBF81000C35C01F8023C2BB29B
:10F750009845E5DC484668E7074B4FF4FC72009398
:10F76000064B93E6FE7F026065810260797F02604E
:10F7700021800260F73D0260448002608D8102605A
:10F78000F0B50B7C89B007460C46012B5FD1486869
:10F7900004F002FB9449F2F7FDFE00285DD102223D
:10F7A000616805A804F076FA48B1904B4FF4A8724E
:10F7B00000938F4B8F49022004F00AFB4DE0656AED
:10F7C000B5B9142004F08CFB606268B98A4B40F232
:10F7D0005712884903200293884B0193884B00936A
:10F7E000834B04F0F5FAFEE71422294613F09BFE42
:10F7F00005AB626A03CB1060516018689060237D8E
:10F8000003F01F000E282BD1237C002B39D0636915
:10F810000126E28AC3F38A23C2F34A1213FB02F3DE
:10F820005E43304604F05CFB0546B0B1676A0022D7
:10F830000421384612F00CFD002332462946384692
:10F8400004F03AF958B3284604F052FB05E0002BC7
:10F85000D5D14B689B68002BD1D1002009B0F0BDF9
:10F86000031F102B00F2B580DFE803F01C1C1C20E6
:10F870002020201A1A1AB3B3B3B3B3B30900237C00
:10F880001BB963689B68A3610AE063690326E28A87
:10F89000C3F38A23C2F34A1213FB02F3C0E7A56144
:10F8A0000120DBE7237C002BFAD1EAE7FEF78AFC94
:10F8B0000126656A8640B5B9142004F011FB606228
:10F8C00068B94D4B4FF4CE724A49032002934B4B1B
:10F8D00001934B4B0093464B04F07AFAFEE7142257
:10F8E000294613F020FE656A304604F0F9FAE86014
:10F8F00068B9414B4FF4D3723E4903200293414B08
:10F9000001933F4B00933A4B04F062FAFEE7304616
:10F9100004F0E6FA286168B9374B4FF4D4723549E0
:10F9200003200293384B0193354B0093304B04F086
:10F930004FFAFEE7EB686BB9344B4FF4D5722D49A3
:10F94000032000932A4B04F043FA214638460EF078
:10F95000EEFF82E7237C012B20D10024002204212A
:10F96000284612F075FCB4429AD00023042205A95F
:10F97000284604F0A1F89DF815309DF81410DB0915
:10F98000EA6843EAD1139DF8161043EAD1131355E0
:10F990009DF817202B691A550134E4E763680020AD
:10F9A0009A68B04202F104023FF47AAF12F8033CC5
:10F9B00012F8044CDB09E96843EAD41312F8024C4C
:10F9C00043EAD4130B5412F8011C2B69195401306B
:10F9D000E7E7214638460EF0AAFF0D4B4FF4E872D8
:10F9E0000093034BE6E600BF757F02607E800260F5
:10F9F000AF810260797F026078750260A980026041
:10FA0000A8750260C0800260DB800260F280026044
:10FA10001B81026000232DE9F0410F4606460B6072
:10FA200018B900252846BDE8F0810EF06FF910B92D
:10FA3000B368002BF5D00C48002512F0F7FCDFF876
:10FA400028800446002CEDD0236833B13A46314675
:10FA50002046984701280546E4D02146404612F04A
:10FA6000EBFC0446EEE700BF78BF28202DE9FF47F6
:10FA70000F4616460021282204461D4613F053FD6A
:10FA800027B90026304604B0BDE8F08738460EF0AE
:10FA90003DF938B9BB68002BF3D026722074E560BD
:10FAA00067601CE0012826722074E560F8D13846B2
:10FAB000F2F782FD013004F013FA606060B9224B66
:10FAC0007D22224903200293214B0193214B009375
:10FAD000214B04F07DF9FEE73946F2F765FD00267B
:10FAE0001E4812F0A3FC04F114080546B246DFF8E4
:10FAF0006C9035B9237C012BC4D1606804F0F8F90F
:10FB0000C0E72B68D3B16A68C2B14246394628467D
:10FB100098470128064611D1256021466B68284682
:10FB2000984701280646ADD0C8F800A0C4F820A028
:10FB3000C4F818A0C4F824A0C4F81CA0294648465C
:10FB400012F07AFC0546D4E778750260797F02608E
:10FB500044810260A8750260FF81026078BF28209E
:10FB60001FB50C4812F0C7FB044660B90A4BD022FF
:10FB70000A49032002930A4B01930A4B00930A4B54
:10FB800004F026F9FEE71422002113F0CCFC2046F5
:10FB900004B010BD78BF282078750260797F0260BC
:10FBA00055810260A8750260E98102601FB51421C9
:10FBB0000E4812F098FBFFF7D3FF60B90C4B4022C0
:10FBC0000C49032002930C4B01930C4B00930C4BFC
:10FBD00004F0FEF8FEE70B4B03600B4B43600B4B4E
:10FBE00083600B4BC36005B05DF804FB78BF282031
:10FBF00078750260797F026055810260A8750260A5
:10FC00001382026049F3006081F7006029F400600C
:10FC10002FE901602DE9F04FD1F80CA091B0814699
:10FC20000F460B7CBAF1000F02D0002B00F0898048
:10FC3000012BD9F80430D9F808200EA8396808BF7C
:10FC40004FF0000AB3F90440B3F9005012F083F802
:10FC5000002876D00134641B23B20593FDF7DCFF46
:10FC600002680546D9F80040D369ABB9D9F8040059
:10FC7000BDF93A10B0F90230B0F90000C91A059B7D
:10FC80005943BDF938301B1A107C40064ABF5B004F
:10FC90005B1803EB41031C447E68002E54D0386887
:10FCA0008388B0F900100133B0F902005B1A1BB26F
:10FCB0000793BDF93A30181ABDF938305B1A079925
:10FCC00001FB00331E44BAF1000F52D0137C1B0716
:10FCD0003CD57869BDF93A108388B0F9002001332A
:10FCE0009B1A1BB20893B0F90230C91ABDF938301B
:10FCF0009B1A089A02FB01339A44D9F804300EA8E3
:10FD00005A8819885242494212B209B212F012F8C6
:10FD10002B6897F81890DB697D68002B00F0DD8078
:10FD2000002D79D13B7A8DF81830FDF775FF8346A9
:10FD3000BAF1000F3AD1BDF93A50BDF93E309D42BB
:10FD40001ADD11B0BDE8F08F0796BCE7786911F0B5
:10FD5000D4FF0AF1FF32CAF101018B189842B8DDD5
:10FD600012F8013F802B4FF0FF3398BF0023137030
:10FD7000F3E7CDF820A0C0E7BDF938602FB2BDF998
:10FD80003C309E4201DD0135D7E7DBF8000021461B
:10FD90009DF81830CDF808908DF8043033B20097F4
:10FDA0000136D0F81C80059AC047E8E7BDF83C70E2
:10FDB000BDF838300137BDF83E60FF1A0136BDF896
:10FDC0003A303FB2F61A36B2AE42BADD4FF0000812
:10FDD0001CE01AF80820BAB119FB02F2DBF80000A7
:10FDE000BDF838302146120A434402929DF818208B
:10FDF0001BB28DF80420BDF83A202A4412B20092BA
:10FE0000C2699446059AE04708F101084745E0DCDD
:10FE1000089B01359A44D7E7FDF7FEFEBDF83C503C
:10FE2000BDF838300135BDF83A200690ED1ABDF81E
:10FE30003E3001332DB29B1A0FFA83FBBAF1000F4B
:10FE400022D04FF00008C3457FF77BAF00273BE08F
:10FE5000069B21461868CDF80890F25DBDF8383051
:10FE60008DF80420BDF83A203B44013752441BB2C0
:10FE700012B20092059AD0F81C80C047BD42E7DC60
:10FE8000079B0AF1010A1E44D3457FF75AAF0027AA
:10FE9000F4E71AF80720B2B119FB02F2069B2146DB
:10FEA000120A1868BDF838300292F25D3B448DF8B2
:10FEB00004201BB2BDF83A20424412B20092C2693B
:10FEC0009446059AE0470137BD42E2DC089B08F101
:10FED00001089A44079B1E44B5E7BDF83C20BDF8D5
:10FEE000381001327B7E521ABDF83A100FFA82FBAD
:10FEF000BDF83E200132521A12B20692002B40F099
:10FF0000EA81002D40F004813A7A1646BAF1000FDA
:10FF100038D1B9F1FC0F1CD819F0800F6FEA090035
:10FF20004FF0000714BFD6B21E4602F0010240B2E5
:10FF300006998F42BFF605AF611EC4F1010C19E0AE
:10FF400020465A4631460AF1010A12F034F9059B5F
:10FF50001C44069B9A45F3DBF3E64D789D4207D09F
:10FF6000002862F300082B46ACBF5FFA88F62E46E5
:10FF700001F8016F0CEB0105AB45EEDC059901378B
:10FF80000C44D5E7B9F1FC0FD2B240F28E80059B4C
:10FF9000ABF10407A3EB0B0C089BA3EB0B0E069B2A
:10FFA0009D42BFF6CEAE5046002107E010F8018B0F
:10FFB000B8F1FF0F13D126700134013159450346C2
:10FFC00002DA10F0030FF1D18F420FDAC91AC81804
:10FFD00083455BDC644403EB0E0A0135DFE718F070
:10FFE000800F237818BF13462370E5E753F8040BFE
:10FFF0000434B0F1FF3F09D104F8046C04F8036C39
:02000004600199
:1000000004F8026C04F8016C0431DDE70028FBD031
:1000100013F8048CB8F1FF0F1DD104F8046C13F829
:10002000038CB8F1FF0F1FD104F8036C13F8028C96
:10003000B8F1FF0F21D104F8026C13F8018CB8F16C
:10004000FF0FDFD018F0800F14F8010C18BF104616
:1000500004F8010CD8E718F0800F14F8040C18BF4E
:10006000104604F8040CDAE718F0800F14F8030CBB
:1000700018BF104604F8030CD8E718F0800F14F8E6
:10008000020C18BF104604F8020CD6E713F8018BD7
:10009000B8F1FF0F02D12670013498E718F0800FF5
:1000A000207818BF10462070F6E708991846277880
:1000B0001E46A1EB0B0CB846BBF1000FA8BFDC44F9
:1000C00006998E42BFF63DAE002118E01AF80150A5
:1000D000A5B19D4214F801E00BD0FF2D16D015FB01
:1000E00009F0000A10F0800F2B4614BF9046F0462E
:1000F00001E07745F6D1774604F801800131594592
:10010000E4DB0599E24401360C44D9E74846E9E7C7
:10011000BAF1000F2CD1B9F1FC0F14D851464FFAA7
:1001200089F5069B9942BFF60CAE621E002317E0CC
:10013000314620465A460AF1010A13F0CCF9059BD4
:100140001C44079B1E44069B9A45F1DBF9E5F75CCE
:100150000133507830EA250028BF384602F8010FF5
:100160005B45F4DB059B01311C44079B1E44D8E72B
:10017000B9F1FD0F40F2A980ABF104089E46069B41
:100180009E45BFF6DEAD50462346002211E015F035
:10019000800F197818BF3946197008E085070BD011
:1001A00010F8015B1DB1FF2DB75CF0D11F7001325B
:1001B00001335A450146F1DBB018A31890450CDC19
:1001C0000139A3185A4555DB059B0EF1010E1C445D
:1001D000079B1E44089B9A44D1E70D6855B301352F
:1001E00008D105781D7045785D7085789D70C5785B
:1001F000DD701FE00F782FB1FF2F90F800C01ED1E7
:1002000083F800C04F782FB1FF2F90F801C01DD1A7
:1002100083F801C08F782FB1FF2F90F802C01CD156
:1002200083F802C0CF782FB1FF2F90F803C01BD105
:1002300083F803C00431043204300433BEE717F0FE
:10024000800F1D7818BF65461D70DBE717F0800F23
:100250005D7818BF65465D70DCE717F0800F9D780C
:1002600018BF65469D70DDE717F0800FDD7818BF79
:100270006546BDE711F8015F1DB1FF2DB75C03D1E5
:100280001F70013201339DE715F0800F187818BFF9
:1002900038461870F5E71AF8012062B1FC2A755C3F
:1002A000605C96BF19FB02F24A46120A12F0800FF8
:1002B00018BF2846605401315945ECDB059A0133DB
:1002C0001444079A1644089A9244069A9342BFF639
:1002D00038AD0021F0E7013BDBB2002D69D1387A5F
:1002E000022B8DF824000FD8764A267852F8237016
:1002F000BAF1000F26D14A463146B847069B9A45C7
:10030000BFF61FAD254615E06F4B40F22D2200933E
:100310006E4B6F49022003F05BFD12E595F80080FB
:10032000B04504D04A4641469DF82400B8474646A9
:1003300005F8010B2B1B9B45F0DC059B0AF1010A1C
:100340001C44DBE79AF800203146FC2A96BF12FBDA
:1003500009F24A46120AB84700230793DDE906125C
:100360008A42BFF6EEAC0AF1FF38254616E018F8CF
:10037000012F92B19A4202D12978B1420CD0FC2AC5
:1003800029789DF8240096BF12FB09F24A46120A0A
:10039000B84798F800302E78287001352A1B93450D
:1003A000E5DC059A1444089A9244079A01320792B0
:1003B000D4E7022B17D8474A257852F823300993FF
:1003C0003378BAF1000F34D1184608934A46099B96
:1003D00029469847089B069A9245BFF6B2AC04F1AD
:1003E000FF3800271CE0384B40F2853200933A4B2F
:1003F0008FE7F25D089298F801200A92089A9A42D3
:1004000002D10A9A954207D0099B4A469DF82810C6
:100410009DF820009847089B01370A9D08F8010FB6
:100420005F45E6DB059A0AF1010A1444079A16446F
:10043000D1E79AF8002018460A932946FC2A099B1E
:1004400096BF19FB02F2C8464FEA12284246984767
:1004500000230B930A9B0B9A06998A42BFF671AC54
:10046000002722E01AF80720F2B1F15DFC2A0A9178
:1004700098BF19FB02F2E15D8CBF4A46120A0C914B
:100480000A99994204D10C998D4201D1904508D026
:10049000099B9DF830109DF828000D9298470A9B03
:1004A0000D9A0C9D9046E05501375F45DADB059AC1
:1004B0001444079A1644089A92440B9A01320B92FC
:1004C000C9E700BFE057026068820260998202605B
:1004D00028820260E05702608D82026008B50B46F8
:1004E00058220021184613F01EF8104A4261104AA3
:1004F0000261104A0263104A0262104A8261104A85
:100500004262104A8262104AC262104A4263104A32
:100510008263104AC263104A0264104A4264104A5D
:100520008264104A42652C22C26408BD27EA016039
:100530000507026035010260590A016033F7016066
:10054000BD0E01601516016049160260AFF601602C
:10055000B1F601603109016041FB01609DFB016062
:100560002FFC016015FC00602DE9F843DFF8508096
:1005700006460F461546D8F80030FBB1114B1C68F3
:10058000E4B1DFF84490636833F0404316D0394655
:100590002046B047012803D105B12C60BDE8F8839F
:1005A000D8F8003053B1B4F90C30033323F003030F
:1005B00010331C44D9F800309C42E4D30020EDE70E
:1005C0009CBD2820C4BD282098BD28202DE9F041DD
:1005D000436805460A68C3F31D0393422FD1B0F95F
:1005E0000C40184B03341F6824F003043E1A04F136
:1005F0001008C4F1FF2404F57F04B6EB080604F1EB
:10060000F00427441F600CD0324600EB080112F0C2
:1006100062FF2A46974207D142460021A81912F0EC
:1006200082FF0120BDE8F081936823449360B2F912
:100630000C30033323F0030310331A44EAE700209D
:10064000F0E700BF98BD282030B5114D044685B0B5
:10065000286803F04DFC204603F042FC0D4A286058
:10066000106060B90C4BF4220C49032002930C4B30
:1006700001930C4B00930C4B03F0AAFBFEE72246C0
:10068000002112F050FF094B1C6005B030BD00BFC7
:10069000C4BD282098BD282078750260A68202601B
:1006A000E9820260A8750260578302609CBD282021
:1006B000F7B5437813FB01F3B2EB232F4FEA232660
:1006C00002DC007803B0F0BD05796C1E00EB44033A
:1006D0005B7813FB01F3B2EB232F4FDA012D0BD81C
:1006E000284B4FF4A372284903200193274B009312
:1006F000274B03F06DFBFEE7C37813FB01F3B2EB6E
:10070000232F4FEA2325EBDC0378002B837814BFDB
:100710004FF0FF314FF07F41002BA2EB0603A5EB1A
:10072000060248F281051BB214BF4FF0FF344FF0B0
:100730007F44C3EB0323E0B2C4F30727C4F30744A9
:1007400093FBF2F3DE43CAB2DBB2F6B2724303FBB1
:100750000022C1F30720C1F3074110FB06F06A43F2
:1007600011FB06F103FB070003FB04116843694317
:10077000800F40EA927040EA9170A3E710F81400ED
:10078000A0E700BF04830260A68202600B830260C0
:10079000338302602DE9F04F44798BB007460D4654
:1007A00014F00704164623D0554C207818B9FFF7EB
:1007B0004BFF012323707A7987EA650907A951481D
:1007C00002F00702022A14BF33462B4608AA83EA26
:1007D0000903079300230893FFF7C6FE01284FF093
:1007E000000309D1089C63685A1C62F31D0363600F
:1007F00020460BB0BDE8F08F7A79DFF80C8102F06B
:100800000702DFF808B1D8F80040022A14BF3246C8
:100810002A46AE42DFF8F8A0B8BF2E460592DBF8B4
:100820000020F51CDAF80010A21A25F00305103597
:10083000A81888422DD2E27963F3C712E271059BB2
:10084000A681002683EA09032360636803F000435E
:10085000002B43F00102ACBFD8F8003004F11003C4
:100860006260059AB8BFA360E281A1BF03F11002E4
:100870005B19A260C8F8003035B2B4F90E10A94275
:10088000B6DD2A463846FFF713FFA36801365855F0
:10089000F2E78D421ED84FF0FF342A44DAF80030D8
:1008A0009A4206D8D8F80040E3796FF3C713E37192
:1008B000C5E7002209A917480994FFF755FE002251
:1008C00009A91548FFF750FED8F80020DBF80030E2
:1008D000D21AE2E7284603F003FB044660B90F4B47
:1008E000C0220F49032002930E4B01930E4B00933D
:1008F0000E4B03F06DFAFEE7C37943F08003D6E7B1
:1009000007C4282019F7016098BD2820C4BD2820FD
:100910009CBD282007F70160CD0501607875026055
:10092000A682026026830260A87502604983026085
:10093000D307F0B5064685B00C4609D5424B2E22AA
:10094000424902200093424B03F042FA002431E076
:1009500012F002054BD08B6A4FF4C042084662F396
:100960001E038B6211F0C9F9A36AC3F31E02904201
:100970003CBF60F31E03A362A06A20F0004003F0B6
:10098000AFFA6061C8B104F1080394E8030083E89A
:100990000300A289638801322189E381521AA36A84
:1009A00012B2C3F31E0393FBF2F303EBD372638221
:1009B00052102282204605B0F0BD4FF440653A2225
:1009C000224902200295A36AC3F31E030193214B1F
:1009D00000931F4B03F0FCF9A36A284665F31E033E
:1009E000A36203F07DFA60610028CCD1AEE701F18B
:1009F0000807D1E9000187E80300204611F07DF9DE
:100A0000A36A60F31E0320F00040A36203F068FABB
:100A1000A26A2946606122F0004212F084FD94F837
:100A20002B3065F3C71384F82B306369002B8DD00E
:100A3000B760C6E90037FDF7EFF803681A7C65F385
:100A400086121A74B6E700BFB28302607283026036
:100A500045840260E78302602DE9F04F8946A3B028
:100A60001D461446059000232A4612A9D9F8000015
:100A700002F04EFA002846D11F2D41D94FF6FF0350
:100A80009D423DD042F20C039D4239D0B84B6922C1
:100A9000B849022000930195B74B03F099F92188DA
:100AA000BDF8523062881944BDF85430BDF850008A
:100AB0001A44BDF84E3010FA82F013FA81F312B2E4
:100AC00000B21BB209B2009010A811F005F916A8E7
:100AD000FEF7AAFB022310AA16A98DF85B308DF849
:100AE0007C308DF886308DF86D3099F80C30059893
:100AF0008DF870300123ADF87230059B1B69984763
:100B000023B0BDE8F08FBDF85020002AF8D0BDF822
:100B10004E000028F4D0BDF8523021881944059BBE
:100B20009B681FFA81FB0EB200FA81F1B3F9000055
:100B30008142E5DBB3F90410B142E1DBBDF85410AA
:100B4000D9F8007011446088401A398908447989BD
:100B5000401A81B204B202FA80F0B3F902200A917D
:100B60009042CDDBB3F90630A342C9DB2946129887
:100B700002F0B0F940B9814B902200937E4B7D4941
:100B8000022003F025F9BBE7129B1B7B9B0704D0D7
:100B90007B4B98220093784BF1E79DF8563099F8FB
:100BA000181003F00F03032B00F0FA80013B072B12
:100BB00000F2D380DFE813F0D600FA00D100F40091
:100BC000D100D100D1000800FF2208254FF4807326
:100BD00004926C4AFC29029211D8DFF8ACC19CF84F
:100BE00000208A4240F0E880684A1268AA4240F039
:100BF000E380664B8CF800101D60654B0293059BEB
:100C0000BDF84E809B6806EB080CBDF850A0B3F908
:100C1000007005FB08F1B3F90420BE42B4BFBF1B4E
:100C200000279445C8BF961BB3F90220D8BF46469B
:100C3000B3F90630C8BF01369442B4BF121B00227C
:100C4000039204EB0A029A424FF01C02C8BF1B1B1E
:100C500007FB05F4D4BFCDF820A001330AFB08FA46
:100C6000B844C8BF0893039BA8EB060803FB0144E4
:100C7000002100EBD40316A804F00704069312F039
:100C800052FC99F80C308DF8603099F818308DF8D6
:100C9000703099F81C30C3F3C2038DF87130FCF743
:100CA000BBFF02F0E1FB8245A8BF82465046CDF86B
:100CB00024A003F04DF90BEB070307900BF1FF3B6A
:100CC000199098B2B3441BB2C0F101000A9A03997B
:100CD0000FFA8BFC10FA8BFBADF838300A44ADF8F4
:100CE0004030089B0FFA8BF011B2ADF83CC013FAFC
:100CF00082F20A9010A8ADF83A10ADF83E10A6EBBB
:100D0000070AADF84210ADF844C0ADF84620FDF733
:100D100051FF0EAB0C9016931B93C5F108030B9378
:100D200005FB08F34FF000080D93089B039A9342CC
:100D300053DCBDF93E30BDF93A209A4209D0013B5F
:100D400016A90598ADF83E3002238DF868300EF0F4
:100D500098FC079803F07CF9D2E60E4BD82200935A
:100D60000D4B0CE780220125022304920B4A31E748
:100D70009E8402605D84026079850260CC8402609A
:100D8000F98402608B85026008C52820A0BD282058
:100D900008C428204A850260668502609F8602603A
:100DA000F022042510230492414A13E7C0220225B1
:100DB000042304923F4A0DE7029FDFF8FCE03B4426
:100DC00017F8012BFF2A16BF12FB01F20A46120A7E
:100DD000BB420EF8012BF3D10BE7049B394623FAF3
:100DE00004F2079B03EB080B58468E4232DC0C9B47
:100DF000B742D4BFD1464FF000097BB1BDF93810DE
:100E000058460A9BBDF93E20FDF77CFE01468DF851
:100E1000680018B90A9A584612F085FBD144099B1C
:100E2000C1444B4533D9B742D4BF534600239844FD
:100E3000BDF83E3001331BB2ADF83E300D9B1C4473
:100E4000069B03EBD40304F007040693039B0133D2
:100E500003936AE7069B0131DDF82CC01B78ACEBED
:100E6000040C134033FA0CF31CBFDDF808C01CF867
:100E7000033000F8013B0B9BA34293BF069B641910
:100E8000EA40049A9EBF013300240693ADE7022393
:100E900016A905984FF000088DF868300EF0F1FBA8
:100EA000BDF83E3001331BB2ADF83A30C4E700BFA5
:100EB0008B8602609B86026008C428202DE9F04FD3
:100EC000C3B00C46CDE90323B1F902300290002BE8
:100ED00000F0E7800A7A022A40F2E380039AB2F92E
:100EE0000050049AB2F90000039A8542B2F9021048
:100EF000049AB2F9022002D1914200F0D28003EBB1
:100F0000D3730DF1280AC3F34F038542D4BFC3EB5B
:100F10000506C3EB0006ADF828608542ACBF5E193C
:100F20001E189142D4BFC3EB0100C3EB02009142F3
:100F3000ACBF5B189B185146ADF82C60ADF82E3055
:100F4000029BADF82A0050469A6810F004FF002872
:100F500000F0A780029B9B680693029BC3F808A041
:100F6000039BB4F90250B3F90260049BB3F9028009
:100F7000039B464540F00E81049A013DB3F90030D1
:100F8000B6B2B2F9002019469342A8BF1146934267
:100F9000B8BF1346ADF8AC102BA95246013B08462A
:100FA000ADF8B03005F0010303EB6503F31A06EB6F
:100FB0006506ADF8AE30ADF8B26010F0CCFE00B30F
:100FC000B4F906302BA8002B6ED0B4F90430002BF6
:100FD0006AD04FF001090025FDF7ECFD1822002131
:100FE00037A812F0A0FA2BAB369323788DF8E030B7
:100FF000237A8DF8F030002D5ED036A902980EF0DD
:1010000040FB637A13F00C0F48D036A8FEF70CF9BA
:101010002378B4F902608DF8DC3047F6FF73751061
:10102000F643ADF8D830237A06F001068DF8DB30B0
:10103000637A5A0717D5039B1A88ABB2D11A1A44A0
:10104000ADF8AC10921B0399ADF8B0202BAA4988DB
:10105000C81A0B4436A99B1BADF8AE000298ADF838
:10106000B2300DF0D4FB637A1B0717D5049B1A88A6
:10107000ABB2D11A1A44ADF8AC10921B0499ADF87A
:10108000B0202BAA4988C81A0B4436A99B1BADF87F
:10109000AE000298ADF8B2300DF0B9FB029B069A93
:1010A0009A6043B0BDE8F08FFDF784FD80F0010544
:1010B0004FF00009EDB291E7BDF8B050BDF9AC605A
:1010C0000135BDF8AE30BDF9B2A0AD1BADF8B23000
:1010D0002DB2B9F1000F1AD0B4F90420B4F90630DA
:1010E000134496FBF3F203FB126636B228464FF028
:1010F000000B02F02DFF2BAB0746BDF9AE803990F7
:101100003B93D04505DD384602F0A2FF79E74E4615
:10111000ECE72A46FF21384612F005FA2B460FFA73
:1011200088F2BDF9AC103846FDF7ECFC8DF8E8000C
:10113000B9F1000F13D090B1314600230AE0B4F9A1
:1011400004208A421CDB13445B1A1BB201330132B8
:101150001BB211B29D42F2DC02238DF8E83036A9B1
:1011600002980EF08EFABDF8AE3008F10108013396
:10117000ADF8AE30BDF8B2300133ADF8B230C0E7F3
:10118000B4F9060002449142B6BF0A46002207F8AD
:1011900003B0DBE7B3F90070049BB3F900904F454F
:1011A00040F0A180013DBFB246452BA905F00103E7
:1011B0005246084603EB6503A7EB030307EB6507FD
:1011C000ADF8AC303346A8BF43464645ADF8B070E5
:1011D000B8BF4646ADF8AE30013EADF8B26010F093
:1011E000BAFD00283FF40DAFB4F906302BA81BB1AF
:1011F000B4F90430002B3DD1FDF7DCFC80F0010593
:101200004FF00009EDB21822002137A812F08BF937
:101210002BAB369323788DF8E030237A8DF8F030BD
:10122000002D7FF4EAAEBDF8B060BDF8AC300136F9
:10123000BDF9B2A0F61ABDF8AE3036B2ADF8B23094
:10124000304602F085FE2BAB8046BDF9AE7039907A
:101250003B93B9F1000F13D0B4F90630B4F9042070
:10126000134497FBF3F503FB15752DB2574509DDC4
:10127000404649E74FF001090025FDF79BFCC2E716
:101280004D46F3E73246FF21404612F04CF9334613
:101290003AB2BDF9AC104046FDF734FC8DF8E800D9
:1012A000B9F1000F0FD060B1B4F90420B4F90630E1
:1012B000AA42B8BF002013448DF8E8009D42A8BFA1
:1012C000002501352DB236A902980EF0DAF9BDF8E5
:1012D000AE3001370133ADF8AE30BDF8B230013376
:1012E000ADF8B230C2E7464505DB33464646984680
:1012F0003B464F469946A9EB0703C54A0793A8EB1F
:1013000006030893A9EB070383EAE37BABEBE37BDC
:10131000A8EB060383EAE37AAAEBE37AD345CBBFD3
:101320004FEA4A134FEA4B13B3FBFBF3B3FBFAF359
:10133000D25C3F2315FB0235C5F3CF12EB11B94543
:10134000D4BFC2EB0901C2EB07010593ADF8301021
:10135000B945ACBF02EB0901D119ADF83410B04565
:10136000D4BFC2EB0801C2EB0601B045ACBF42449A
:101370009219ADF832100CA9ADF836200AAA084629
:1013800010F0E9FC00283FF43CAE059BD34503F088
:10139000010101EB2521C5F30F2589B240F3DD8062
:1013A00011FA86FB11FA88F1A6EB050AA8EB0505F0
:1013B0000BB20FFA8BFB0593A9EB07030FFA8AFA1E
:1013C000002B4FF000032DB2019340F3B8804B4641
:1013D0005246394615A80095FDF716FC01235A46DA
:1013E0000193059B00934B46394620A8FDF70CFC62
:1013F000002115A8FDF762FB0021059020A8FDF74C
:101400005DFB94F809A009901AF0100A40F0C18021
:101410000322BDF82050BDF81CB039460192A9EB5B
:1014200007027B1B2BA816FA82F2C3441BB212B22E
:1014300000923246FDF7E8FB0222A9EB050349467C
:1014400001920FFA8BF21BB236A800924246FDF7CA
:10145000DBFB51462BA8FDF731FB5146834636A8EE
:10146000FDF72CFB0746BDF83450BDF83030013590
:10147000ED1AFCF7D1FB01F0F7FF06460CA82DB2E0
:1014800010F03BFC864203D90CA810F036FC06464F
:1014900030464FF0000902F05BFDBDF936303246B0
:1014A000FF2107938046BDF83230ADF8363012F098
:1014B0003AF8182200210FA812F035F822780CAB68
:1014C000BDF932A08DF84020227A0E938DF850207D
:1014D000CDF844801393079B9A455EDDBDF9363005
:1014E000BDF932209A4209D0013B0EA90298ADF80D
:1014F000363002238DF848300EF0C3F8404602F033
:10150000A7FD15A80DF042F920A80DF03FF9BBF199
:10151000FF3F02D02BA80DF039F9791C02D036A874
:101520000DF034F90598FDF70DFB0998FDF70AFB5E
:101530005846FDF707FB3846FDF704FB61E5059BC0
:101540005A46394615A800934B46FDF75DFB01232B
:101550005246CDE900534B4646E711FA89F3002283
:1015600011FA87F11FFA87FA1FFA89FB15A81BB237
:1015700009B2CDE900823246FDF746FB0122ABEB12
:101580000503AAEB0501CDE900821BB2324609B280
:101590002BE74FF0FF37BB4665E708EB0903BDF9C2
:1015A00030100FFA8AF208EB090008932B46FDF77A
:1015B000A9FA01468DF8480020B92A4608EB09002F
:1015C00011F0B1FFA94405EB09039E4207D9BDF80C
:1015D00036300133ADF836300AF1010A7BE74FF0BF
:1015E00002030EA902984FF000098DF848300EF062
:1015F00048F8BDF836303246FF21404601331BB271
:10160000ADF83230ADF8363011F08DFFE4E700BFB1
:10161000A18602602DE9F04F022B8DB016461D46C3
:10162000039007917CD9002A7AD09F00384602F0B7
:101630008FFC0446002873D0336803606B1E0025BE
:101640002A46910036F9228006EB820C081D06EB33
:10165000000E305E804505D1BCF902C0BEF9020023
:10166000844504D0715844F825100135ADB20132DB
:1016700092B29A42E5DB381FB6F90010325E331899
:10168000914205D1B6F90220B3F902309A4204D052
:10169000335844F825300135ADB2022D05D8204627
:1016A0000DB0BDE8F04F02F0D3BC794A08AB10682A
:1016B0005168224603C3002334F923100432BDF9D4
:1016C00020008142A8BF0146BDF92200ADF82010DC
:1016D00032F9021C8142A8BF0146BDF92400ADF8D1
:1016E000221034F9231001338142B8BF0146BDF9FD
:1016F0002600ADF8241032F9021C8142B8BF014621
:10170000ADF8261099B28D42D6D80AAE039B08A92F
:101710009A68304610F01FFB28B9204602F098FC6A
:101720000DB0BDE8F08F039B22469B680693039B98
:101730009E60012332F9021F002632F923008842FD
:10174000B8BF1EB203F10103B8BF014698B285428B
:10175000F3D82C20B346684302F0FAFB721E06F160
:101760000103029063D52A4404EB820C34F826006E
:1017700004EB8607DDF8089004EB8301BCF802C097
:101780007F884FF0000A34F82330ACEB070C49880F
:101790001B1AC91B1CFB03F3049334F822301B1AD9
:1017A00011FB03F30593DDE90432934243DBBBF104
:1017B000010806F1010748BFA844AF42A8BF0027AF
:1017C00004EB88024FEA8803B2F9020004EB8B02B3
:1017D0004FEA8B01B2F90220904214DB10D0E35E95
:1017E000615E8B420CD04FF0010CCDE9000C4846F5
:1017F000FDF70AFA484609F12C090299FDF75EF94E
:101800000AF1010AC34655451FD108AA0799039852
:101810000CF0FDFF0298FDF7A7F9029802F018FC02
:10182000204602F015FC039B069A9A6078E79D42D9
:10183000D8BF002398E70BF10108A845A8BF4FF0D7
:101840000008771E48BF7F19BAE704EB8702BB0088
:10185000B2F9020004EB8602B100B2F90220904214
:1018600013DB0FD0E35E615E8B420BD00026CDE927
:1018700000064846FDF7C8F9484609F12C090299C7
:10188000FDF71CF90AF1010A3E4655458BD8BCE725
:10189000E83D02602DE9F041CB6892B006460C4667
:1018A0001546002B63D04B7D022B60D90DF1180833
:1018B00082682946404610F04EFA002857D0B76893
:1018C000C6F80880E0680CF021FA022852D14FF0E7
:1018D000000841F6FF7305A8CDF80080CDE9013876
:1018E0004346D4E9031203F0BFF8AA882B880132DB
:1018F000BDF91410D21AC2F3C03000FA82F201EB23
:10190000D1700139A3EB600303EB62036A889BB2D9
:10191000ADF820300B44BDF91610ADF82430EB883B
:1019200001339B1AC3F3C03000FA83F301EBD1708B
:101930000139A2EB60020AA802EB630292B2ADF891
:1019400022200A44ADF82620FCF788FD236908AA66
:101950000AA930460A93237D8DF83430637DCDF893
:1019600000808DF84030E368FCF790FDB76012B05E
:10197000BDE8F08105A9E068FEF74CF8012840F0C9
:101980008E800AA80CF0A4F99DF83330A278BDF837
:10199000161062F303038DF83330237D8DF8303059
:1019A000A37D8DF83130637D8DF83230E37DABBBA4
:1019B000AB882A88013305989B1AC0F38A2EC0F39E
:1019C000C920C3F3C03C0EF1FF3E121AE8880CFA9E
:1019D00083F3C1F34A1C0130C1F3891102EB6302A6
:1019E0006B880CF1FF3CC01A5B1A92B20AA9C0F3D3
:1019F000C035ADF82020724405FA80F0ADF82420FF
:101A000008AA03EB600330469BB2ADF82230634472
:101A1000ADF82630E368FCF7DFFBA7E7C1F34A1116
:101A2000B5F902300139ADF822300B441BB2BDF9D3
:101A30002220ADF82630B5F906309A4296DC059A98
:101A4000B5F90030C2F38A22ADF82030013A1344D0
:101A5000BDF920201BB2ADF82430B5F904309A420C
:101A60000CDDBDF81630BDF82220C3F34A131A442A
:101A7000ADF82220BDF826201344D7E7E36808AA72
:101A80000AA93046FCF7A8FB059BBDF82020C3F34C
:101A90008A231A44ADF82020BDF82420D7E7054B4F
:101AA00040F28712044902200093044B02F090F99F
:101AB0005CE700BF01870260C28602602487026083
:101AC0002DE9F04F07468BB00D46904600210122CC
:101AD0000593BDF950B0DDF854900BF01EFC0422C4
:101AE0000446002138460BF018FCEA78960761D5C9
:101AF00012F0010F42F2D17255D024B2944255D067
:101B00008B4BDFF830A2049300224146CDF82480AD
:101B1000C9F81020C9F80020A9F80420C9E9022258
:101B200038460BF024FF099B04460693002850D04A
:101B3000069B434546D18049204609F051FD0146A8
:101B4000002840F0D3807D4B20461A880BF0E5FB3F
:101B500007909DF81C20002A00F0D680B9F80420D8
:101B6000D9F810005A440130A9F8042099F814203B
:101B7000C9F81000D20740F1A9801422504302F0A6
:101B8000E7F914220646002854D16D4B40F25B124F
:101B90006C49032002936C4B01936C4B00936C4B8C
:101BA00002F016F9FEE700B2904206D1EA786FF330
:101BB0004102EA70EA78D107A2D45E4BDFF870A147
:101BC0000493A1E74FF40001204609F003FD00282B
:101BD000B1D0B9F90420002AC4BFA2EB0B02A9F8C6
:101BE0000420D9F8102012B9B9F904300593059BE7
:101BF000099AA9F80230CCB1904517D1BA68384695
:101C0000E9781268C1F3800152F8284009AA0FF060
:101C1000B0FF5CB12046D047049BA9F800002046E5
:101C200098470122A9F80200C9F8082009980BB0CA
:101C3000BDE8F08FD9F80C1049B1D9F810305A43EB
:101C4000143A11F048FCD9F80C0002F001FAD9F866
:101C500010201421204601FB026242F8144CE9785E
:101C600011F001011ABF0222002105220BF055FBE1
:101C7000D9F81020142100B201FB026222F8100CE6
:101C80002046E97811F001011ABF03220021062243
:101C90000BF043FBD9F81020142100B201FB0262C3
:101CA00022F80E0CD9F8102001FB02609DF81C20D0
:101CB00040F8082CD9F8102001FB026212F8041C2D
:101CC0006FF3000102F8041CC9F80C602046D047ED
:101CD000B9F90020904202DD2046D0470246A9F81B
:101CE0000020D9F808200132C9F80820EA78069BBC
:101CF00012F0040F0CBF01214FF0FF3119440029ED
:101D00000991BFF60DAF64E7049B20469847EA7837
:101D1000930706D5B9F90420059B02449A423FF780
:101D200058AFB9F804205A441044A9F80400CDE78C
:101D3000BFC10160CBC1016001000600C4C32820FF
:101D4000787502603087026072870260A875026051
:101D5000A5870260A44B00212DE9F04FA3B01A889B
:101D600004460BF0DAFAC343C0F38002C0F3C000AC
:101D7000002103F0010343EA42039DF8632043EA94
:101D8000800322F00702204603F0070313438DF877
:101D90006330964B1A880BF0C0FA954B00218DF8F2
:101DA00060001A8820460BF0B8FA924B00218DF89B
:101DB00061001A8820460BF0B0FA1622C5B2002145
:101DC00020468DF862500BF0A8FA9DF86360C3B20C
:101DD00016F00108049340F0858015224146204604
:101DE0000BF09BFA142203B24146204607930BF0F6
:101DF00094FA03B2204605930AF003FA3222002136
:101E0000089020460BF089FA8146102200212046D6
:101E1000E78A1FFA89FA0BF080FA10FA89F920464E
:101E20004F440AF04BFD12220021BFB23F1A204658
:101E3000ADF85670A78A0BF070FA824420460AF07B
:101E400037FD5744BFB23F1AADF85870B8F1000FD4
:101E50005AD10DF1580B0122002120460BF05DFAFA
:101E6000042203B2002120460E930BF056FA03B26F
:101E70000D9342F2D173B8F1000F48D00D9A9A42F7
:101E800040F0908094F823305A0700F18B800023B3
:101E9000ADF85A3000279DF8636016F0040502D0B3
:101EA000A3685D68013D049B012B01D1F6073ED577
:101EB000A3685B68AB4202DD002D80F29D8042F298
:101EC000D1730E9A9A4202D00D9A9A4202D12046BC
:101ED000F9F72EFF00222B21204623B0BDE8F04F5A
:101EE000F7F774BC1422002120460BF016FA1522D5
:101EF00003B20021204607930BF00FFA03B22046ED
:101F000005930AF068F979E70DF1560BA3E70E9AED
:101F10009A4212D0049B012B44D1B5B10027012D68
:101F2000ADF85A7015D116F00405B9D12F46BBF89B
:101F300000301F44ABF80070BAE794F8233013F078
:101F4000080F049BE7D1012BA1D100230125ADF897
:101F50005A3016F004024FF000060DF1700818BF59
:101F6000A36837461CBF5A6802F1FF32A3685B685A
:101F7000934201DD002A1BDA16B1079BFF1A3FB21C
:101F80009DF863302046DB072AD50AF03AF90DF1B7
:101F90005A0301463A462846CDE900B333B20FF062
:101FA000A2FD78E70023ADF85A30002DD1D171E7BA
:101FB0009DF8843018A92046CDF804806FF3000303
:101FC00001368DF88430059B0093089BFFF778FD60
:101FD000BDF87030079902460B443B441FB2C5E779
:101FE0000AF0F9F8D3E700BFCCC32820CAC32820E1
:101FF000C8C32820C6C328209DF884302A4618A9C3
:10200000204643F001038DF884301CAB0193059BFF
:102010000093089BFFF754FD049B9DF86320012B60
:102020000C9008D1D0075FBFBBF80030BDF870102E
:102030005B1AABF80030BDF958304FF01409BDF908
:1020400072701193BDF956301995129302F0010385
:102050006C4A002B03936C4B08BF13466B4A1393D7
:1020600018BF11466A4B04BF194613460F93BDF8BB
:1020700074300B91FB1A1BB20A93DDE91F3A0693E9
:1020800009FB0A331093069A0021DDF828C0109B43
:1020900093424ED10026069A0996099B9A4558D13B
:1020A000002EF0D11622314620460BF036F93A4682
:1020B000C3B208999DF860000A930DF15E03ADF874
:1020C0005C60019317ABADF85E600093BDF97830AA
:1020D0000FF009FD039B53B10A9B012B07D120464A
:1020E0000AF079F8BDF85C301844ADF85C00294678
:1020F00020460BF03CFC054618B1199B0C9A9A42FD
:1021000062D1069801F0A4FF0499BDF81C300129A2
:10211000BDF85A20BBF8001040F0B08103980028A9
:1021200040F0AC811344CB1A1BB20C9DABF80030CD
:10213000BEE6137C1432DB0755BF52F8083C32F878
:102140000C3C5B18ACEB030354BF19B20FFA83FCD1
:102150009DE792F8108018F0010F30D159B92D4B3E
:1021600040F2AB122C49032001932C4B00932C4BD3
:1021700001F02EFEFEE79CFBF1F0B2F80CE0B2F9A4
:10218000063010FB0EF0A1EB0E0E00B20FFA8EF12E
:102190008342A8BF03469946B2F904309945B8BFB7
:1021A00099464845ACEB0903A2F808901CBF48F0DB
:1021B000010801260FFA83FC18BF82F81080099BE2
:1021C00014320133099368E71649284609F008FAE2
:1021D0009DF863300646C3F38003109328B119AA13
:1021E000194620460FF0C5FC85E70F4B01462846EF
:1021F0001A880BF092F8C0B2002800F0FD80069B10
:10220000F1E000BFF11C0260E71C0260CF1A02601F
:10221000DB1A026082870260308702600B830260F3
:102220009687026001000600C4C328201A4652F8AF
:10223000141B8D4240F0D580B3F9087095F8233017
:10224000039A23F00C03002A00F0D38043F0080324
:1022500005F1140685F823300B9B30469847B842A9
:1022600021D028460AF0ABF9AB8A39463046ADF8A2
:102270006830EB8AADF86A302B8BADF86C306B8B25
:10228000ADF86E30139B98471AAA29212846F7F714
:102290009DFA28460BF068FB2A462221F7F796FAAA
:1022A00028460AF08CF99DF86130012B00F0AB80D4
:1022B000022B40F0B180BDF9707005F114000F9B46
:1022C0000137984727F001073F1A07EBD77747F305
:1022D0004F07039B5BB10A9B012B08D1BDF95C60E2
:1022E00005F114000B9B9847361AADF85C606B2221
:1022F000002128460BF011F86C2200210FFA80F81B
:1023000028460BF00AF80FFA80F9284609F057FF23
:102310000646284609F059FF08F4C043B3F5005FAC
:102320000FD128F4C043B3F5FA6F0ADCB3F57A7F16
:10233000C8BFC3F57A735E43642396FBF3F60FFAC6
:1023400086F809F4C043B3F5005F0FD129F4C04308
:10235000B3F5FA6F0ADCB3F57A7FC8BFC3F57A73B9
:102360005843642390FBF3F00FFA80F9119BAE8A77
:10237000039A9E1B129B4644B5F81680A3EB0808EF
:10238000B6B2BBB2BDF85C70C8441FFA88F8002A28
:1023900044D03E4443441FFA86F936B21FFA83FA0A
:1023A0000FFA83F8002E57D028460AF008F9AB8AB6
:1023B00028464B44AB822B8B9944EB8A5344A5F8B7
:1023C0001890EB826B8B9A44A5F81AA00AF0F7F8E4
:1023D000002342463146284609F080FF039B5BB349
:1023E0003DE001361346099AB2427FF41FAF002741
:1023F00024E743F004032BE795F8233023F00C0384
:1024000085F823304FE7BDF8707005F114000F9B7D
:1024100098473F1A3FB25CE700275AE71E44B8448A
:102420001FFA86F936B21FFA88FA0FFA88F8002EDA
:10243000BAD1B8F1000F1CD10B9B05F114009847DD
:10244000059B1844BDF95E301844384407B219AAF8
:102450001099ADF85C70C4E6B8F1000F0CD10A9A7F
:10246000BDF95E30012AE7D1FF1A059BFF1A3FB282
:10247000EDE7DDF80C9097E7B14695E7BDF8700001
:10248000024413440B444FE608B500210F48F9F706
:10249000D9FA0F4B1880002001F038FE0D4B188040
:1024A000042001F033FE0C4B1880042001F02EFEB6
:1024B0000A4B1880042001F029FE094B18800420E3
:1024C00001F024FE074B188008BD00BF551D0160B8
:1024D000CEC32820CCC32820CAC32820C8C32820A4
:1024E000C6C32820C4C328202DE9F043099C054613
:1024F00018469DF82830DDE9076711B300222280D5
:10250000A446002106F1FF3E8E457DD806F100422B
:10251000013A34F8120037F8122010442288801A49
:1025200000B263B1023C002234F8023F37F81210C7
:102530000132EB1A9642A3EB01032380F4D1BDE8EC
:10254000F083A2F1040C5FFA8CFCBCF1020F03D8FB
:10255000012E084608BF0122BE4607EB46080021AF
:102560001FFA80FCF04589B216D14FF0000E062A02
:10257000C6D80FF2080858F822F000BFA525016060
:10258000AB250160BB25016001250160F1250160DB
:10259000D9250160C32501603EF9029B614449448D
:1025A00009B2DFE7A4F800E0AAE7A1EB0C0109B249
:1025B000691A01EBD171491001E0691A6144218067
:1025C0009EE7691A721EA4F800E0614412B209B2D3
:1025D00091FBF2F108B293E7691A32B2614409B291
:1025E00091FBF2F1C1F3C03208B202FA81F1E2E7E5
:1025F000691A721C8C4412B20FFA8CFC9CFBF2FC20
:102600000FFA8CF020807BE737F811200131BCF9FC
:102610000080024442442CF8022F75E72DE9F04F68
:10262000DFF81CA39DB004460021BAF80020C54E77
:102630000AF073FE05460021328820460AF06DFE3E
:10264000002D00F0E383002800F0E0830021204605
:102650000BF08DF90146002868D11C2215A810F056
:1026600062FF0026322220463146CDE912660AF08A
:1026700054FE0546122231462046AFB20AF04DFE06
:1026800010FA85F5102231462046ADB20AF045FE1B
:10269000A38A074420461D440AF00AF9BFB2ADB22E
:1026A0002D1A2046ABB20993ADF85030E38A1F448F
:1026B0000AF004F90696BFB23F1ABBB20A93ADF80E
:1026C0005230A3680699DDF854A0189FDDE916285A
:1026D00005925A689142C0F01982504601F0B8FC48
:1026E000059801F0B5FC404601F0B2FC384601F017
:1026F000AFFC0122002120460AF00FFE042205B2A1
:10270000002120460AF009FE42F2D17300B29D4238
:1027100001D0984202D12046F9F70AFB00222B2172
:1027200020461DB0BDE8F04FF7F750B832880021C1
:1027300020464FF0000B0AF0F0FD41F6FF7306460D
:1027400036F91B209A4240F0F8804FEA4B05CDF84D
:1027500068B0284601F0FCFB08901690284600253A
:1027600001F0F6FB059018905D4540F0F1800023E4
:1027700041F69A701D461A465A459FB240F02A818A
:102780001422002120460AF0C8FD0FFA80F82046E6
:1027900009F037FD0BF1FF3341F69A7C13FB08F388
:1027A0001F440023C21B4FF0FF301F4612B222EA23
:1027B000E2725F4540F02481461C07D0EB1A534378
:1027C000B3FBF5F3D21A059B23F81020BAF80020CA
:1027D0000021204600250AF0A0FD8246204609F08F
:1027E000FAFC41F6FF7309903AF915209A4240F03D
:1027F00019816E001995304601F0AAFB07901590DB
:10280000304601F0A5FB002680461790AE4240F00E
:102810000B81002341F69A711E461A46AA429FB2C6
:1028200040F041811522002120460AF076FD6B1E02
:10283000099A41F69A7C13FB00F3D31A0022DB1BA2
:1028400011464FF0FF371BB223EAE373A94240F071
:102850003F81791C06D0B21A5A43B2FBF6F29B1A9A
:1028600028F817301522002120460AF056FD1422C0
:1028700003B20021204609930AF04FFD03B216224D
:102880000021204606930AF048FDC7B2012200212C
:1028900020467B1E5F425F410AF03FFD042206B2E4
:1028A000002120460AF039FD42F2D1730FFA80F977
:1028B00020469E4209BF94F82360002686F0080651
:1028C000C6F3C00609F087FC1F4B82460021204654
:1028D0001A880AF022FD079B0095C2B23146504685
:1028E0000397CDE90183099BFFF7FEFD42F2D17307
:1028F000ADF86C002046994509BF94F82350002597
:1029000085F00405C5F3800509F07BFC0F4B0646F6
:10291000002120461A880AF000FD0023C2B2294691
:1029200003933046089B0293059BCDE900B3069BB9
:10293000FFF7DAFDADF86E0093E60BF1010BFFE651
:10294000E2C32820DEC32820E0C32820DCC32820DF
:1029500036F9152041F69A739A4239D14FF00009A1
:10296000644F26E0494620460BF001F86249804654
:1029700008F036FE0146D0B9604B069040461A88F2
:102980000AF0CBFC0699C0B2012810D15C4B40463E
:102990001A880AF0C2FCC0B2854208D1404609F04C
:1029A00014FCB84203DB404609F00FFC074609F16E
:1029B000010920460AF0EAFF8145D3D3002FADBFBD
:1029C000059B0023059A23F81570B8BF22F815302F
:1029D0000135C9E636F91210814205DDA5F5FC5531
:1029E0001B3D0D440132C7E6059B0DBF33F8123085
:1029F00023F81210C919DB1914BF0BB21BB2F1E78F
:102A000036F9171061450BDDA1F5FC5305981B3B0A
:102A10009BB203FB02F1B1FBF5F120F81710384629
:102A20000137C6E60135DFE63AF9162041F69A731A
:102A30009A4236D14FF000092E4F26E049462046F3
:102A40000AF095FF2C49069008F0CAFD0146D0B95E
:102A50002C4B0A901A8806980AF05FFC0A99C0B2BB
:102A6000012810D1284B06981A880AF056FCC0B2EB
:102A7000864208D1069809F0A2FBB84203DB06980B
:102A800009F09DFB074609F1010920460AF07EFF87
:102A90008145D3D3002FB6BF002328F8167028F83D
:102AA00016300136B2E63AF91200884205DDA6F585
:102AB000FC561B3E06440132B0E60DBF38F812301A
:102AC00028F81200C019DB1914BF03B21BB2F2E7D9
:102AD0003AF9110060450ADDA0F5FC500F461B389D
:102AE00082B202FB03F0B0FBF6F028F811000131CE
:102AF000ACE600BF01E0FFFF01000600D2C32820C2
:102B0000D4C32820D8C32820DAC328201B68069AFB
:102B1000C04953F82250284608F062FD06460028B6
:102B200040F05A81BC4B014628461A880AF0F5FB52
:102B3000BA4B834631461A8828460AF0EEFB10F05D
:102B4000FF030C9300F048811BF0FF0B00F0448161
:102B5000B34B314628461A880AF0DFFBB14AC3B2AC
:102B60003146128828460B930AF0D7FBAE4AC3B20F
:102B700031462846128807930AF0CFFBAB4A31460C
:102B80005FFA80F9284612880AF0C7FBC3B26FF0DB
:102B9000004008930B9B9B440F93834438F81B1011
:102BA0003AF81B200A443AF81310521A0C9993B2BF
:102BB0000D9313B20B93079B1944059B01442846C0
:102BC00033F8112037F811100A44079933F811101F
:102BD000521A314693B20E9313B216220C930AF096
:102BE0009CFBC0B20F9B012807D1B9F1000F2CD07C
:102BF000B9F1020F08BF4FF00009B5F81880B9F11C
:102C0000020FAA8A08F101086F8B3AF913B0A8EBFA
:102C1000020807F10107EA8A0FFA88F83AF8133038
:102C2000A7EB02073FB213D0B9F1030F1CD0B9F1E3
:102C3000010F08D10B9AA2EB080202EBD27203EB50
:102C400062030FFA83FB002311E04FF00209D4E77F
:102C50000D9A284613441FFA83F909F0B0FAA9EB3C
:102C600000090FFA89FBEEE7DDF82C80012395F8C7
:102C7000232063F3C30285F82320079A059B33F9C9
:102C8000129033F81230089A022A00F0A980032A21
:102C900000F0B280012A07D10C9AD21B02EBD2724B
:102CA00003EB62030FFA83F995F82330284666F3A5
:102CB000820385F8233009F082FA404500F09F80B6
:102CC000AB8A05F114062846ADF84030EB8AADF822
:102CD00042302B8BADF844306B8BADF8463009F0A9
:102CE0006EFC414630460EF0FEFF394630460EF08F
:102CF000FFFF284609F063FC10AA29212846F6F7B1
:102D000065FD28460AF030FE2A462221F6F75EFDD0
:102D10006B22002128460AF000FB6C22002107B23A
:102D200028460AF0FAFA0FFA80F8284609F047FA1E
:102D30000646284609F049FA07F4C043B3F5005F98
:102D40000ED127F4C043B3F5FA6F09DCB3F57A7FEF
:102D5000C8BFC3F57A735E43642396FBF3F637B2BC
:102D600008F4C043B3F5005F0FD128F4C043B3F5B6
:102D7000FA6F0ADCB3F57A7FC8BFC3F57A7358439C
:102D8000642390FBF3F00FFA80F8099BAE8A9E1B38
:102D90000A9B5E443E44EF8ADF1BB6B24F44474471
:102DA000BFB256EA070317D0284609F008FCAB8AE1
:102DB00028463344AB822B8B33442B83EB8A3B4432
:102DC000EB826B8B3B446B8309F0F9FB00233AB237
:102DD000284631B209F082FA069B0133069370E46B
:102DE0000E9A284613441FFA83F909F0EEF9A9EB6D
:102DF00000090FFA89F957E70C9F012654E7284686
:102E000009F0E3F9B8427FF45BAF81E71DB0BDE89C
:102E1000F08F00BF01000600D8C32820D2C32820AD
:102E2000DAC32820D4C32820D6C32820D0C3282022
:102E300008B500211B48F8F705FE1B4B188004203D
:102E400001F064F9194B1880042001F05FF9184B68
:102E50001880042001F05AF9164B1880042001F064
:102E600055F9154B1880042001F050F9134B1880C8
:102E7000042001F04BF9124B1880042001F046F9B0
:102E8000104B1880042001F041F90F4B18800420EA
:102E900001F03CF90D4B1880042001F037F90C4B80
:102EA000188008BD1D260160E4C32820E2C3282045
:102EB000DEC32820E0C32820DCC32820D2C328207A
:102EC000D4C32820D8C32820DAC32820D6C328207A
:102ED000D0C328201FB560B9084B3322084903200E
:102EE0000293084B0193084B0093084B00F070FFCE
:102EF000FEE7436805B05DF804EB1847AE7E02605C
:102F0000B4870260E8870260A875026042880260A8
:102F10002DE9F0460D4685B092469946074660B9C0
:102F20002F4B44222F49032002932F4B01932F4B09
:102F300000932F4B00F04CFFFEE701B30024064640
:102F40000C604B46524629463046D6F800C0E04752
:102F500028B1AB7BDB060DD5002C08BF3446766963
:102F6000002EEED1C4B126684B4652462946204673
:102F7000B047264601202E6005B0BDE8F086184B0C
:102F800045221849032002931A4B0193174B0093D3
:102F9000174B00F01DFFFEE7BAF11F0F1ED94FF6C9
:102FA000FF039A451AD042F20C039A4516D0B7F99E
:102FB000084004EBD474C4F34F04A31C9BB200205C
:102FC000EC80AB8028603B8968812B81AB7BA8813A
:102FD00023F01F0343F01103AB73CDE72346EEE765
:102FE000AE7E0260B4870260E8870260A875026066
:102FF0002C880260F787026000B5134689B060B97B
:103000000A4B8A220A49032002930A4B01930A4B76
:1030100000930A4B00F0DCFEFEE70A4604A9FFF726
:1030200077FFBDF8140009B05DF804FBAE7E0260C6
:10303000B487026007880260A87502601488026085
:10304000F0B50D4685B081B1046962697AB9678AC5
:1030500000204FF0140CC7F3080783B29F420CD82E
:103060001AB11560002263695A60002003E01368FA
:103070008B42ECD1506805B0F0BD0CFB00F6A368A4
:10308000013099199B59B1F804E0EB1A9E45E4D33D
:103090008A7C022A02D1C888184419E01AB9CA6881
:1030A000D05CCB88F8E7032A19D1ADF80E300DF1CA
:1030B0000E00174B0A8A0093022389680FF063FB06
:1030C00030B1A36833449A68DB88801A03EB600050
:1030D0006369002BCFD01D6063695860CBE7012A7C
:1030E00014D1ADF80E300DF10E00094B0A8A009391
:1030F000022389680FF047FB0028E9D0A368334416
:103100009A68801ADA68DB88105AC5E70020DFE782
:10311000CD1B0260092913B508BF20210469FFF700
:103120008FFF98B1E27C63683F2A07D853F83030AC
:103130002068C3F31303184402B010BD044B83226C
:10314000044902200093044B00F042FE0020F3E704
:10315000978802605B880260E7880260092A2DE98F
:10316000F0430D4685B014BF114620218046164617
:1031700099460769FFF764FF044670B3FB687BBBA1
:1031800000237968092E3A8A01EBC40102FB03F39C
:103190004A884FEA2313C2F30B1003F108030246D7
:1031A00004BF02B25200092E13444FEA1313AB803E
:1031B0004B792B810A79EA8091F906306B8191F97C
:1031C0000730AB81AB7BF97C23F01F03C1F34301D4
:1031D00043EA0103AB7360D0012005B0BDE8F08382
:1031E00049464046FFF72CFF0028C9D0D8F81030D8
:1031F000D3F80C80DB7C9B0639D498F80B303F2B3E
:103200001AD804EB0020D8F80090254BADF80C003C
:103210004946D8F8082003A80093022322F0404230
:103220000FF0B1FA03460028ABD0A0EB09035B1006
:10323000D8F80420D356A4E703F0C003402B9FD155
:1032400004EB0040D8F80090164B03904946D8F89C
:10325000082003A80093042322F040420FF093FAC1
:10326000034600288DD0A0EB09039B10E0E7D8F8B7
:1032700004301A5DD8F80830195C002A80D0002983
:103280003FF47EAFD8F80030013A98F80D000B44B7
:1032900000FB023313F9013C73E75200EA809BE71D
:1032A000A91B0260BB1B02604822002110B5044626
:1032B000083010F038F9094A4FF0FF33C4E9002311
:1032C0000023822262F3D0132361012384F8383073
:1032D000034BC4E910335823A36410BD4001F00030
:1032E000DD040160F0B5054685B050480FF003F8E5
:1032F000044660B94E4BA9224E49032002934E4B1F
:1033000001934E4B00934E4B00F062FDFEE7EB6BDA
:10331000B3B9A86C00F0E4FD064660B9444BB12295
:10332000444903200293474B0193444B0093444B81
:1033300000F04EFDFEE701462B6C28469847EE63F1
:103340004FF4B472002120463F4F10F0ECF80123F7
:10335000082104F5AC70C4F8543125600EF0C3FFA9
:1033600022461E2139483E683C6001F0BBF860608F
:1033700060B92F4BC4222F4903200293344B019391
:103380002E4B00932E4B00F023FDFEE72B7C9A077B
:1033900012D5E9682A886888C96812FB00F2914250
:1033A0000AD26FF34103CC22224902202B74294B0D
:1033B0000093234B00F00CFD01230020002E08BFDA
:1033C000264684F82A30FF2384F82930F8F726FAB5
:1033D00020610020F8F722FAE0610020F8F71EFAD9
:1033E0001D4A20620021E0690AF05AF81A4A206A50
:1033F00000210AF055F8E069022108F09CF8206AE3
:10340000022108F098F8E069002109F021FA002172
:10341000206A09F01DFA206909F0D1F860683E6061
:103420000FF0CDF8204605B0F0BD00BFB4BF282096
:10343000787502606BB80260A2B80260A87502607D
:1034400003B90260BB7E0260ACBD282025DC0060B1
:10345000AFB80260C8B80260FFFF0F00014B1868E8
:10346000704700BFACBD282010B9064B186840B1AA
:1034700003681A7CD20602D5B3F902007047B3F98B
:1034800000007047ACBD282010B9064B186840B149
:1034900003681A7CD20602D5B3F900007047B3F96D
:1034A00002007047ACBD282010B9054B186820B148
:1034B00003681869C0F3C91070478220704700BFC5
:1034C000ACBD28202022002110B5044610F02BF8B6
:1034D000024A034BC4E9062310BD00BF0A0A0332A7
:1034E0009001640030B5036985B005467BB9FFF7EC
:1034F000B5FF0446286150B9154B512215490220E9
:103500000093154B00F064FC204605B030BD134815
:103510000EF0F1FE044660B9114B57220D4903200D
:103520000293104B0193104B00930B4B00F050FC97
:10353000FEE75822002104300FF0F5FF0223224657
:103540001E210A482560637100F0CCFF6861DBE74B
:1035500050B9026018B90260E4B90260A8BF28201F
:1035600078750260A7B90260A87502609DA000602E
:103570000146034809B90EF059BF0EF05DBF00BF08
:10358000A8BF28200B46102213B504460021184678
:103590000FF0C9FF226803461278012A0DD1B4F951
:1035A00014200280B4F916204280206842686AB173
:1035B000194602B0BDE810401047022A02D1E26865
:1035C0005A60F2E7042AF0D10A22F9E7044BBD223F
:1035D000044902200093044B00F0FAFB02B010BD36
:1035E000B5B9026018B90260D5B9026008B5012208
:1035F000084B09481A700EF019FF084B20B91868DB
:10360000BDE808400EF0D1BF1868BDE808400EF0D4
:10361000D1BF00BF0AC5282090BF2820B0BD2820F8
:103620002DE9F843594F5A4E38680EF0F5FA3378C1
:103630000546584883F00103DFF85C81DFF85491B8
:1036400033700EF0F3FE044624B90EF0DDFA386054
:10365000BDE8F8830023327888F8003094F84230CF
:10366000C3F38001914200F08C8062F3820319075A
:10367000DAB284F842301AD4236B002B17DCEB4209
:1036800015D4D30709D463693BB120469847236A10
:1036900003442362A36A0344A362A3680BB12046D8
:1036A000984794F8423043F0080384F84230236B83
:1036B0002B44002B23632BDBE26A20469A42D4BFC3
:1036C00022632363E3699847636A0146834204D017
:1036D000636860620BB120689847D4E90B038342AA
:1036E00016DB94F84220B4F8403012F0020218D0F1
:1036F0005BBB214627480EF05EFEFFF777FFE368CD
:1037000003BB23690BB120469847204600F0F0FB2D
:1037100098F80030002B34D048460EF087FE04465F
:1037200092E7A16B43B14FF6FF7C634523D0013B89
:103730009BB2A4F84030F3B90029DAD0636B5B4246
:10374000236308E020469847DBE7E36BA16B5B420D
:1037500023630029DCD0B2FA82F294F84230A063ED
:10376000520962F34103226A84F84230A36AC4E931
:103770000A212362CCE7E36B5B4223630029C7D0B5
:10378000DCE7214648460EF057FEC8E7B4BD2820C6
:1037900009C5282090BF28200AC5282008B5442143
:1037A00007480EF0A0FD00221E21064800F09AFEF8
:1037B000054B1860FFF71AFF044B00221A7008BD72
:1037C00090BF282021360160B0BD28200AC52820DE
:1037D0004422002110B504460FF0A5FE64234FF4E7
:1037E000FA72C4E90A320123A4F84030024BE361C3
:1037F000012384F8423010BD2D1C02602DE9F843EE
:10380000054615480E464FF000080EF00FFEDFF893
:103810004890044614B94046BDE8F883214648461E
:103820000EF00AFE23680746AB4200D095B96368E4
:10383000B34200D076B9214648460EF0BCFD23695C
:103840000BB1204698474FF00108204600F050FB8E
:10385000FFF7CCFE3C46DDE790BF282030B541683D
:1038600085B0054611B10068FFF7C8FF20480EF08B
:10387000F6FD18B10EF0C8F91E4B18601C480EF08A
:103880003AFD044660B91C4B59221C49032002939F
:103890001B4B01931B4B00931B4B00F099FAFEE767
:1038A000442229460FF017FE2B68184AAB4294F8C1
:1038B0004230127808BF246062F3820384F84230F9
:1038C000DB070FD563693BB120469847236A034461
:1038D0002362A36A0344A36263681BB1206808B132
:1038E000216A9847FFF782FE204605B030BD00BF31
:1038F00090BF2820B4BD282078750260FAB9026014
:103900002EBA0260A87502603FBA026009C528207D
:1039100070B50A4E054609480C460EF087FD00B901
:1039200070BD0368AB4204D14368A342F8D0002CB9
:10393000F6D0014630460EF07FFDF0E790BF28201C
:103940002DE9F74F0446174698460D4611B9B2F5D2
:10395000807F18D0B8F800302288D21A638812B25B
:103960002280B8F802105B1A1BB2638075B9B8F8F0
:1039700000107A437B4301EB22222280B8F8022018
:1039800002EB2323638003B0BDE8F08F3549364A4C
:103990000B68AB423AD0B5F5616F53DDA5F56169AF
:1039A0004FF00A0B6FF0090399FBFBFA0AF10106CD
:1039B0000FFA8AF003FB0A9900F066FA019030B220
:1039C00000F062FA06460AF15A0009FB06F600B258
:1039D00000F05AFA00900AF15B0000B200F054FACD
:1039E000ABEB090C019B00990CFB03661E4A09FB1B
:1039F00000F31E480CFB01331A4996FBFBF693FBC0
:103A0000FBF376110D605B11166003601749B7F583
:103A1000807FB4F900000E681568B4F9023006FB27
:103A200000F1B8F8002005FB131106FB03F305FBBA
:103A300000330DD102EBA1222280B8F8022002EB64
:103A4000A3239FE7002DB4BF05F56169A946A7E749
:103A500079435F4302EBA1422280B8F8023003EBC6
:103A6000A7438FE750842820BCBD2820B8BD28205C
:103A7000122807B50ED9094B40F21D120190022001
:103A800000930749074B00F0A3F94FF0000003B083
:103A90005DF804FB044B185CF9E700BF82BA0260D2
:103AA0004DBA0260A9BA026096BA026004210148C8
:103AB0000EF019BC9CBF28202DE9F04F044689B0B8
:103AC0000E461546994613B10023C9F800306068C8
:103AD000002800F0B980D0F810B0BBF1000F00F062
:103AE000B68000230693B0F80280B8F1000F00F012
:103AF000A380A268D2F808A0D768D2E9001C8A4542
:103B00005CD3E2455AD2AAEB0101ACEB0A0A89B2B6
:103B1000A8EB01023944924528BF924655450CD87E
:103B20002A4630460FF0D7FC0695A2684FF00008F1
:103B3000069993680B4493601FE0304652460FF09D
:103B4000CAFC002360684545079306EB0A03A5EB12
:103B50000A0B059307AB0093066918D95B46059AD3
:103B60002168B0478046079B9A44AA4594BFCDF888
:103B700018A00695B8F1000FD7D0B9F1000F02D008
:103B8000069BC9F80030404609B0BDE8F08F4346B7
:103B90003A462168B047A368804605985A681A607B
:103BA000079AA16893450B6828BF934613441FFAF0
:103BB0008BF24B6039460FF08EFCD4E7454507D9B0
:103BC00006AB324600932B462168D8478046D1E7A2
:103BD000AFB94046059200F083F9059AD060A3681A
:103BE000DF6867B91B4BB7221B49032002931B4BAD
:103BF00001931B4B00931B4B00F0EAF8FEE70023F8
:103C000060683A46079307AB009343462168D0F8B3
:103C100010B0D847A36880463046C3F800A0A1681A
:103C2000079A0B68AA42134428BF2A464B603946BC
:103C300006920FF050FC9DE706AB324600932B46F0
:103C40002168D847804698E74FF00B089BE74FF074
:103C5000090898E778750260B9BA0260EBBA0260A9
:103C6000A8750260BFBB026038B5044608480EF074
:103C7000DDFB074D014609B9084638BD08680378E1
:103C8000A342FAD028460EF0D7FB0146F3E700BF67
:103C90009CBF2820F0B5064685B017460C4651B9A2
:103CA000344B02203C2234490093344B00F090F80E
:103CB0000B2005B0F0BD0878FFF7D6FF054650B9D8
:103CC0002F4B022044222C49009301942B4B00F0EF
:103CD0007FF80320EDE7436863B1984750B9294B5B
:103CE00002204A22244900930194244B00F070F8EA
:103CF0000120DEE7AB6853B9234B022050221E4956
:103D0000009301941D4B00F063F80920D1E762781D
:103D100028463A2A3A4614BF611CA11C9847431E04
:103D2000033324D8C6E900056B880BB90020C0E72F
:103D3000102000F0D5F8B06060B9144B60220E4935
:103D400003200293124B0193124B00930B4B00F094
:103D50003FF8FEE7102200210FF0E5FBB3684FF0BB
:103D6000FF321A606FF00102B3685A60DEE70C2080
:103D70009FE700BF09BB0260B9BA0260D1BB026015
:103D800027BB026053BB02607ABB02607875026099
:103D9000A9BB0260A875026010B50446EEF70CFCE2
:103DA00008B9074804E0235C2E2B02D101302044DF
:103DB00010BD2F2BF5D05C2BF3D00138F0E700BFFE
:103DC000DB630260014B1860704700BFD0BF282042
:103DD0002DE9F04FADF54D7D07460D469046099310
:103DE000831EDBB2032B3FD8D7AB08460B93EEF70D
:103DF000E3FB04461CB12B5D2F2B39D10134DFF8D6
:103E000078A00DF001FFDFF874900646DAF8003074
:103E100043B30DF1300B0B9BD69A4FF4807158468B
:103E2000254404F0FDF8099BCDF818804FF400718B
:103E300003934CA8CDE904B5D9F80030F31A0293E6
:103E40004FF47A73B6FBF3F203FB1263CDE9002360
:103E50000B4B0C4A53F8273003F0BCFDDAF8003066
:103E60004CA89847C9F800600DF54D7DBDE8F08F6E
:103E70005C2BC3D0013CBDE7D0BF2820CCBF28209D
:103E8000485D0260DCBB02604FF4B47390FBF3F258
:103E900002FB130000B20028B8BFC0180F4BB8BF18
:103EA00000B2592802DC33F91000704780B2A0F14B
:103EB0005A02592A03D8C0F1B40080B2F3E7A0F146
:103EC000B40292B2592A89BFC0F5B47033F8120017
:103ED00080B233F81000404200B270479A5E026030
:103EE00008B102F0AFB90148704700BF54842820E0
:103EF000034A904202D008B102F0CEB9704700BF29
:103F00005484282013B50E4C21B9FFF7F1FF204649
:103F100002B010BDA04205D1084602B0BDE8104075
:103F2000FFF7DEBF02F0A2F904460028EFD1054BEF
:103F3000D322054903200093044BFFF749FFE6E72E
:103F40005484282059BC026026BC026060BD026017
:103F5000F0B5054685B098B1344C00234FF0FF32E0
:103F6000271D04EBC306B179C80714D437F8330012
:103F7000A84210D306D141F0010154F83300B171C9
:103F800005B0F0BD561C01D15AB204E004EBC201E9
:103F900089888142F8D80133102BE2D1511C08D016
:103FA00004EBC20154F832008B7943F001038B71AA
:103FB000E6E7002604EBC607BB79DB071BD42946DE
:103FC00054F83600FFF79EFF68B9194B40F23712DC
:103FD000184903200293184B0193184B0093184B78
:103FE000FFF7F6FEFEE7BB79BD8043F0010344F81E
:103FF0003600BB71C4E70136102EDBD1114B4FF4F4
:10400000A1720C49032000930D4BFFF7E1FE0E4B0C
:1040100040F243120749029303200C4B0193074BD4
:104020000093074BFFF7D4FEFEE700BFB8BE282081
:1040300072BC026026BC02602C7E0260A875026021
:1040400051BD0260C3BC0260F2BC026020BD0260D0
:1040500000230D4A13B552F8334002EBC3018442EA
:1040600005D18B796FF300038B7102B010BD013362
:10407000102BF0D1054B4FF4AB7205490320009390
:10408000044BFFF7A5FEF0E7B8BE282026BD02606E
:1040900026BC02603EBD0260F8B50A4C00252746EA
:1040A0002E46206848B1FFF723FF266007EBC503C3
:1040B0009A7966F300029A71A68001350834102DB2
:1040C000EFD1F8BDB8BE282013B54FF6FF73828834
:1040D00004469A4209D10A4BAA220A4903200093B6
:1040E000094BFFF775FE02B010BDC379012B02D951
:1040F0000068FFF7FDFE002323606360F3E700BF65
:10410000A4BD02606FBD02600CBF02602DE9FF41DB
:104110002A4F06462A4D386818B92A4B1860702372
:104120002B8029884B1C13F4404F0BD0264BBD220B
:104130000093264B03202649FFF74AFE002004B0D7
:10414000BDE8F081DFF87C80A1F16F03D8F8002092
:104150009A421CD2503931F01F040CD11D4BC82299
:104160001B49032002931C4B01931C4B0093174BDC
:10417000FFF72EFEFEE72146FFF7C4FE20B9184BDD
:10418000CC220093114BD5E73860C8F800402B884B
:10419000013398B23B68288063B9124BD4220C4992
:1041A00003200293104B01930C4B0093074BFFF736
:1041B0000FFEFEE7034403F8716CC0E7C0BD282082
:1041C00078842820D4BF2820BDBD0260F5BE0260DF
:1041D0006FBD0260E3BD0260FFBD0260A8750260B2
:1041E00011BE0260AE7E02604BBE0260F7B54FF6B4
:1041F000FF72838804460F46934209D12F4BE32276
:104200002F49032000932F4BFFF7E2FD00200CE025
:10421000C0790028FAD0012809D1C3F30D038B42DD
:10422000F4D10023A380E371012003B0F0BD266820
:1042300001B2002306EB800535F81320C2F30D020E
:10424000BA4236D102280FD10122E2713BB96B8804
:10425000A380736823603046FFF74AFEE4E736F830
:104260002130A3803368F5E7013806235843FFF770
:1042700037FE0028CAD0E3790022023D2060013BCE
:104280001146DBB2E3719B0035F802CFBC450AD082
:1042900056F822C040F821C000EB410CB5F800E010
:1042A00001312CF803E0013294F807C09445EBD2B9
:1042B000D1E701339842BFD8A8E700BF7BBE0260B8
:1042C0006FBD0260E0BE0260362819D8212807D8E9
:1042D00006283CD020282FD0032838D00020704753
:1042E000A0F12202012392B293401A4A134228D12C
:1042F00048F28802134213D13328EFD10F207047C0
:10430000572822D00ED856280AD037380123124A0F
:1043100080B283401A40A2B9104A1A40002ADDD068
:10432000FF207047612802D85F28D7D9F8E76D28A9
:10433000D4D14FF4807070470123002063F307004D
:10434000704700206FF3070070470548704741F63B
:10435000FF707047014010000020414801C08010EC
:10436000EC5702602DE9F74317461E464FF6FF72E1
:10437000838804460D4693420BD13D4B40F2A51273
:104380003C49032000933C4BFFF722FD03B0BDE8FE
:10439000F08390F807E0C1F30D08BEF1010F44D996
:1043A0000EF1FF3300684FEA430C0CEB8E0C844493
:1043B0006246ACF1020C1188C1F30D01884508D1A9
:1043C00000EB830339462846B44603B0BDE8F0430A
:1043D0006047013BECD206210EFB0111FFF792FD75
:1043E00081460028D2D0E179206000EB81004A00AC
:1043F000014604300FF07DF8E1790131C9B28A003D
:10440000E17101F10041131F01394B4402EB4102FC
:104410004A4428463946B047012340460EF0BDF8CD
:104420008340A0791843A071B0E71CD1C3F30D03FA
:10443000434502D10346021DC4E70C20FFF750FD9F
:104440000028A3D0E379B4F804C0013321682060C8
:10445000DBB2E37100EB830220F823C00346023293
:1044600043F8041BD5E70123021DC3710346D0E7BF
:104470009FBE02606FBD0260C5BE0260014BFFF7C8
:1044800071BF00BFEB2402604FF6FF73984211D05A
:1044900098B1702802D8094B185C7047084B1A680D
:1044A00052B1A0F1710307499BB209688B4203D254
:1044B000D05C70471F207047002070471BBF026010
:1044C000C0BD2820D4BF282008B5182103480DF00E
:1044D0000AFF034B01221A7008BD00BFC0BF28208D
:1044E0000FC52820F0B5064685B013480F4615467F
:1044F0000DF001FF044660B9104BAC2210490320B7
:104500000293104B0193104B0093104BFFF760FC8C
:10451000FEE74FF0FF33076086600361037D6FF3B2
:10452000000303750DF070FB094B0122606020460B
:10453000E5601A7005B0F0BDC0BF28207875026034
:104540008CBF0260C1BF0260A8750260F9BF026043
:104550000CC5282010B50146044605480DF02BFF78
:10456000044B012220461A70BDE81040FFF7C0BC82
:10457000C0BF28200DC528202DE9F04F624E85B020
:1045800033782BB901233370604B1B782BB9337010
:104590000125284605B0BDE8F08F0DF035FB074634
:1045A00028B95B4A13680133642B46D81360DFF8DF
:1045B0006481DFF864A10023DFF860B15046DFF8C2
:1045C000609188F800308BF800300DF02FFF054621
:1045D000C9F80050002D3AD14F484FF0FF350DF08B
:1045E00025FFDFF834910446002C77D1DFF83481C1
:1045F00038460DF011FB4C4FD8F8003003443868B2
:10460000C8F800300DF008FBB0F5FA7F12D3642231
:10461000D8F800305343B3FBF0F0C0B2434B9042A4
:104620009CBF101AC4B21C700023C8F800300DF0F3
:10463000EBFA386000233370ABE73D4B10605E222D
:10464000009302203B4B3C49FFF7C2FBAFE72946F2
:1046500050460DF0F1FED9F800400546237DDB07FA
:10466000B6D460680DF0D8FA236898422AD323693B
:10467000002B1ADD013B23610DF0C6FAA2686060D1
:10468000EAB998F8003023B9236913B92046FFF737
:1046900061FF9BF800301BB998F80030002B97D0D1
:1046A000D9F80030002B86D196E703930DF0ACFAD1
:1046B000A2686060002AE4D0039B002BE1D0204672
:1046C0009047DEE798F80030002B81D12369002B5A
:1046D0007FF47EAF2046FFF73DFF79E7237D13F09F
:1046E00001080AD160680DF097FA236898422CBF40
:1046F00043461B1A9D4228BF1D46214648460DF0E1
:104700009BFE044670E700BF0BC528200FC528207C
:10471000E0BF28200DC52820C0BF28200CC52820B8
:1047200038BF2820DCBF2820D8BF28200EC528206D
:10473000D3BF026009C002608CBF0260F7B50B688E
:1047400006460C460425013B0C4F0B6020683B6875
:1047500030449847236838B1019301A9084B30468B
:104760001B68984703B0F0BD2BB1013D013B15F02C
:10477000FF052360EAD10020F4E700BF6C84282005
:10478000688428202DE9F041002405460F46DFF813
:1047900028802646BE4202D02B5D281913B9204638
:1047A000BDE8F081D8F8003001369847012838BFBD
:1047B000012054FA80F4EDE76C842820F7B500243A
:1047C00006460D46064F0194019BAB4202D320469C
:1047D00003B0F0BD3B6801A9304601349847F3E7C8
:1047E0006884282073B500240546074E0194019B78
:1047F000EB5C13B9204602B070BD336801A92846AE
:1048000001349847F3E700BF688428202DE9F04F72
:1048100091B0994680469DF86C30DDF868B0019102
:1048200006920593BBF1000F02D00023ABF80030D5
:10483000B8F1000F00F0F38098F80000D8B1019BA8
:10484000002B00F0EE80059B13F0060316D000202D
:1048500000E0013018F800300A2B00F0E4800D2B46
:1048600000F0E180002BF4D1BBF1000F03D04FF634
:10487000FF73ABF8003011B0BDE8F08F059A8DF8EA
:10488000333012F002020D930093079241F6FF724B
:1048900018BF91460D9B029343440393029B18F863
:1048A00003303BB3B9F1000F24DD079A41F6FF73E3
:1048B00000250EA9002A08BF4B4603984FF0FF348D
:1048C0002F4609932E46594BCDE90E551B68984744
:1048D0000E9B82462A460F93059B049503F0010325
:1048E0000A93039B995DE9B9631C6BD0029B264632
:1048F000002B6FD00D9D002D40F08C804B4B0DA9EF
:1049000040461B6898470146BBF1000F00F08580C8
:104910002A460198FEF770FB03B20093009BABF8A8
:1049200000307AE0414B0FA903981A689047049B26
:104930000246013308930A9B73B10B9051460DF167
:1049400033000DF0C8FE0B9A30B1089B9246DDE9AA
:104950000E6104930E91C4E7514601980B92FEF745
:104960004BFB074400B20B9A0028BFB2C2BF069BA4
:10497000FF18BFB2601C3FB205D1069BF91A099B14
:104980009942C8BF3446BAF10A0F16D0BAF10D0FDA
:1049900013D0AAF59C4045F2A51188420DD90021FB
:1049A000C8B2234B185C20B9B4F1FF3F08BF3D46A5
:1049B000CBE7824501F10101F2D1002E94D1611CB7
:1049C00094D13D46049B23B1BAF10D0F02D10A2ABE
:1049D00000D10E9E009BADB2A9EB05091D442BB280
:1049E0000FFA89F900930D9B002E83D01E4498F88E
:1049F00000300A2B0D963FF47DAF0D2B3FF47AAFBC
:104A000018F806300A2B02D00D2B7FF443AF013685
:104A10000D966FE7BBF1000F80D10D982BE7404654
:104A200029E7019827E701301EE700BF68842820A6
:104A30001AC002602DE9F0411C46DFF828800F46BD
:104A40000646D8F80030214615469847386028B108
:104A500020680021D8F80030304498472860BDE82D
:104A6000F08100BF688428202DE9F04F002587B031
:104A700004461646BDF940800F46BDF944A09DF896
:104A800048B003930580458011B30AB341F6FF7324
:104A90001BF0020F18BF9A46B2F90830049313892D
:104AA0000293434405937B5D07EB05099BB955B120
:104AB00019F8013C0A2B01D00D2B04D1029B62880E
:104AC000434413446380B4F902308BBB049B63807E
:104AD00007B0BDE8F08F0023039A314648460093A3
:104AE0005346CDF804B0FFF791FEB4F90230059AB1
:104AF000014605441344B3F5004F0AD30E4B6F2211
:104B00000E49022010930E4B07B0BDE8F04FFFF79F
:104B10005FB963803246039B4846CDF800B00DF084
:104B2000F3FDB4F900308342B8BF03462380BAE7EF
:104B3000A3EB0803CBE700BF55C0026022C00260B0
:104B400095C00260F8B590F84830044603F00703BA
:104B5000012B20D1C16A4A1C1DD00F4B0339406A7A
:104B60001B68984794F848305B064FF000034CBF31
:104B7000A66A04F1280650FA83F2DDB2616A0133B5
:104B8000755D8F5C8D54002FF5D120460DF01BFE16
:104B90004FF0FF33E362F8BD6084282001460448EB
:104BA00010B5F6F7B3FE044606F0FFFE204610BD32
:104BB0005C5D02602DE9F04F044693B00D4669B983
:104BC0007C4B40F293127C49032002937B4B019370
:104BD0007B4B00937B4BFFF7FBF8FEE7B1F900300E
:104BE00012220021079308F098FB6D881022002103
:104BF0000A90204608F091FB2D1A10A920462BB2EE
:104C0000089307F014FBBDF844302046BDF840205F
:104C10000133D4F824909B1A1BB209930DF00BFEBC
:104C2000059020460DF0F9FD054620460DF0FCFDEF
:104C3000059B06902046B3F9088094F848309A0600
:104C4000C3F3001748BF47F002070DF0FAFD42F228
:104C5000D173984205D194F823301B0758BF47F011
:104C60000407626A20460024002108F019FE08EBC0
:104C70000503834626460B9319F8063009EB060A0E
:104C80000BB935461AE00023504601970093099B63
:104C9000DDE90512FFF7BAFD04EB0803089A3518A1
:104CA0009A4268DC484B0FA948460F951B68984705
:104CB0000A2803D019F8053003B90135BBF1020FFA
:104CC0005ED1A91B50460097DDE905230DF01CFDC0
:104CD000BDF84430BDF8402000EBD07401336410BF
:104CE0009B1AC3F3C03202FA83F3C4EB630424B209
:104CF00000238DF833300D937DB3079A98460A99B7
:104D000007F00107A2EB010B0FFA8BFB0D9B33445D
:104D1000AB4222D20DAB0FAA0EA95046FFF78AFE76
:104D200047B10D9B0DF133001AF803100DF0D3FCC1
:104D30000028EBD10598DDE90E12FEF75DF904FAC3
:104D400080F39B4507DB0D9B9A19AA4203D009EB20
:104D50000802925D42BBCDF834801C4D50460D993F
:104D60002B68984704462B683146484698472044AC
:104D700013B0BDE8F08F0B9B2E461C4424B27BE79A
:104D8000BBF1030F0ED1A91B50460097DDE90523A7
:104D90000DF0BAFCBDF84440BDF840300134E41ACF
:104DA000241AA4E70024A3E7069A98461444204452
:104DB00004B2ABE7AE7E0260A5C00260E9C002604B
:104DC000A87502603BC10260648428205C842820AE
:104DD0002DE9F04F436A9BB00446002B00F0DF80C2
:104DE0004FF0FF3307A9036307F021FABDF82070E5
:104DF000BDF81C3020460137FF1A0DF01CFD064699
:104E000020460DF00AFD054620463FB20DF00CFD90
:104E100094F84830804620469A06C3F3001948BFEC
:104E200049F002090DF00DFD42F2D173984205D10F
:104E300094F823301B0758BF49F004094346324613
:104E400005A80095CDE90179616AFFF70DFE2046BE
:104E500007F02AFA94F8489009F00709B9F1020F0F
:104E600040F0BA8066220021204608F056FA85B24A
:104E700045B92046F8F720F9FEF716FB032390FB0F
:104E8000F3F5ADB209A80027FEF7A2FC4FF6FF73B9
:104E9000BDF81C10ADF864304FF49673BDF91420C2
:104EA00016931893BDF82030099401335B1A1BB296
:104EB0009A423FDD99499B1A20460A911393CDE906
:104EC0001177FEF725FD1499D0B9B94206DD9DF89A
:104ED0006630159060F300038DF86630139A28460B
:104EE00011990CF0B6FE1490179009A8FEF7B6FCC5
:104EF0008B492046FEF782FC0023A4F846304BE0A5
:104F0000026B90F842308A421198C3F34003139E1B
:104F1000E4DA15929DF8662067F300028DF86620AA
:104F2000002BDBD0D3B21196139043F002038DF81F
:104F30006630D3E779492046FEF760FCBDF82230A1
:104F4000BDF81E100133BDF91620A4F844705B1A99
:104F50001BB29A42CCDD9B1AB6F908207049204654
:104F60009B1A0A911393CDE91177FEF7D1FC14999E
:104F7000C0B9002906DD9DF86630159060F3000386
:104F80008DF86630139A284611990CF062FE149041
:104F9000179009A8FEF762FC204607F010FB1BB033
:104FA000BDE8F08F026B90F842308A421198C3F34B
:104FB0004003139EE6DA15929DF8662067F300021F
:104FC0008DF86620002BDDD0D3B21196139043F0FC
:104FD00002038DF86630D5E7B9F1030F40F08A80FF
:104FE00064220021204608F098F966220546002137
:104FF000204608F092F987B23FB92046F8F75CF8EE
:10500000FEF752FA90FBF9F7BFB209A8FEF7E0FBF2
:105010004FF6FF73BDF81C20ADF86430BDF82030AA
:10502000099401339B1ABDF914201BB29A422ADD60
:1050300020223046394E1146FDF7DEFFBDF914300F
:10504000A0EB800000210A96C21A3846CDE9111162
:1050500013920CF0FEFD314614902046FEF758FCEA
:1050600000B1006B25B12B6B1593EB6B18933CE7EC
:10507000149B8342C1BF9DF86630159065F3000311
:105080008DF8663031E725492046FEF7B7FBBDF8BD
:105090002230BDF81E0000210133BDF91620A4F80E
:1050A00044101B1A1BB29A427FF722AFB6F90830A0
:1050B00052421B4E3846D21A0A961392CDE911116C
:1050C0000CF0C7FD314614902046FEF721FC00B1DC
:1050D000006B25B12B6B1593EB6B189359E7149B61
:1050E0008342C1BF9DF86630159065F300038DF8CB
:1050F00066304EE7B9F1010F7FF44EAFBDF82230B4
:10510000BDF81E100133BDF916205B1A1BB29A427E
:1051100008DC4FF0FF33E3623EE700BF1328026074
:105120000B280260B6F908309342F2DA574B606AF6
:105130001B6898470328ECD9BDF820702E22BDF8D3
:105140001C30304601371146FF1AFDF755FF404429
:10515000BDF81E20BFB2C0EB803300EB8300BDF86A
:105160002230013307449B1AB6F90820ADF81870B5
:10517000501999B21BB293FBF0F600FB163318B22C
:105180008242CCBF481B881806A9C01A00B2ADF8ED
:105190001A002046FFF70EFD666A05463046EDF719
:1051A0000BFA3B4B804630463A4E29461B689847DF
:1051B0000990099F606A07F10309C8452DD34FF094
:1051C000040B0026344ADFF8D4A00999606A1368FA
:1051D000084498473044DAF8003009A9C6B2606A3A
:1051E0009847636A032E1DD80999884503D3BBF1FC
:1051F000010B294AE9D1204603EB07080DF0E3FA39
:1052000094F848303246414604F128006FF3861383
:1052100084F848300EF05FF927E0336809A9013DB2
:105220009847C6E7204603EB07080DF0CCFA042E9A
:10523000E6D0701CFEF754FEA06248B9184B40F24D
:10524000B942184903200093174BFEF7C1FDA3E6AE
:10525000324641460EF03FF9A36A00229A5594F86F
:10526000483043F0400384F84830636A2E22033507
:10527000DA55636A3B445A70636A3B449A70002271
:10528000636A03F80920E56286E600BF5884282097
:1052900060842820648428206C8428206884282046
:1052A000F8C00260A5C0026064C10260F0B50446A7
:1052B00085B00D4607F083F9666A002D08BF3546B4
:1052C000AE421AD13046EDF777F994F848301B0713
:1052D0001DD4411C3046FEF715FE6062002834D113
:1052E0001D4B6E221D49032002931D4B01931D4B44
:1052F00000931D4BFEF76CFDFEE746B194F8483075
:1053000013F0080703D13046FEF7F2FD6762284626
:10531000EDF752F90130FEF7E3FD606260B90E4B24
:1053200087220E49032002930D4B01930D4B0093EE
:105330000D4BFEF74DFDFEE72946EDF735F994F8E4
:1053400048306FF3C30384F84830204605B0BDE809
:10535000F040FFF73DBD00BF78750260A5C0026058
:1053600022C10260A875026052C1026038B50446CD
:105370000D461449FEF742FA13492046FEF73EFA5D
:10538000AA1E0023022A63648CBF0022012294F823
:10539000483062F3451384F8483003F00703012BCB
:1053A00005D1E36A013302D02046FFF7CBFB94F826
:1053B0004830204665F3020384F84830BDE83840A1
:1053C000FFF706BD132802600B28026038B54FF0C6
:1053D000FF330C46002520464D64C1E90B334FF6E0
:1053E000FF73C1E90F3391F8483023F05F03C1E93F
:1053F000095581F84830C1E90D55022106F09BF8A6
:1054000029462046FFF7B2FF20460249BDE8384052
:10541000FFF74CBF36C102602DE9F043C64893B098
:105420000D4605F036FC012866D1284605F04BFCF8
:105430000646284605F043FC2A2E044607D1FFF70E
:1054400081FB204613B0BDE8F043FFF7C1BC132E2B
:105450000DD10DF0F0F9B0F9081028460029B8BFB9
:105460000331891013B0BDE8F043F4F773BA292E65
:10547000E5D02C2E46D10DF0DEF9064620460DF083
:10548000D3F9074620460DF0C8F994F84830804615
:10549000C3F300199806204648BF49F0020906F0F8
:1054A0009AFE20460DF0CDF942F2D173984203D115
:1054B00094F82330190722D5204606F08CFE3B468F
:1054C0003246CDF80080CDE901090AA8616AFFF7EC
:1054D000CBFA284605F0FBFBBDF92830B0F90020D7
:1054E0009342B8BF1346B0F902200380BDF92A30B9
:1054F0009342B8BF1346438013B0BDE8F08341F632
:10550000FF70DCE7152EF7D1284605F0D8FB0446DE
:105510002846F4F705FA06A90546204606F087FE58
:1055200094F8483020469A06C3F3001648BF46F068
:1055300002060DF086F942F2D173984205D194F833
:1055400023301B0758BF46F004060AA8F8F786FF69
:10555000636C0AAA002120460F938DF8436006F081
:10556000CEFB9DF8423013B901238DF84230E16B38
:105570004FF6FF730B919942226C0C9217D09A420E
:1055800015D055224FF48021204607F0C6FE4FF477
:1055900080210246204608F061F820228DF835006F
:1055A0004FF48021204607F0B8FE8DF8360094F8BD
:1055B000483003F00603022B20D19DF84230023B15
:1055C000012B1BD841F6FF730A9A029608A8019393
:1055D000BDF938300093BDF93A30616AFFF744FAFB
:1055E000BDF81C30BDF8182001339B1ABDF92020EE
:1055F0001BB29A42C4BF01238DF8423094F8483060
:1056000003F00703032B00F09980BDF81E30BDF8AE
:105610001A2001339B1A1BB2B3F5806FC0F28E8043
:1056200004F13007AA6806A908A80CF094FB00282A
:105630003FF462AF94F8481011F007080BD12046F0
:1056400007F042F94242414606A812B20CF072FB42
:10565000638BADF81E3094F8483003F00603022B3C
:105660006ED108ABD5F8088006AA0AA9AB60284617
:105670000097636AF8F70AFFC5F8088008ABD5F809
:105680000880AB6094F8483003F00703032B4FD138
:1056900041F6FF730A9A029605A80193BDF93830C6
:1056A0000093BDF93A30616AFFF7DEF9BDF81C20BE
:1056B000BDF818100132BDF91430521A12B29342DB
:1056C00018DDB4F844200A981344202211469EB2F3
:1056D000FDF792FC06AA00EB40000AA90644284602
:1056E000ADF83C60B4F846300097ADF83E30636AE0
:1056F000F8F7CCFEBDF81E30BDF81A100133BDF925
:1057000016205B1A1BB29A4212DDB4F844300AA983
:105710002846ADF83C300A9B1B891A44B4F8463041
:1057200000971A44ADF83E2006AA636AF8F7AEFE69
:10573000C5F80880E0E600BF5C5D0260002771E705
:10574000009706AA636A0AA92846F8F79FFE95E71C
:105750002DE9F04F95B080460F460DF088F80546CC
:1057600000285AD00DF074F800210246284608F0AF
:1057700097F8022805D0032852D0012810D1002123
:105780000BE0404606F027FD0446284606F017FDCC
:10579000201A00EBD07040F34F01284606F04EFC73
:1057A000002140460DF05EF8044640460DF062F8D8
:1057B00082464046B4F9089006F023FD83466522F0
:1057C000002140464FEAD97407F0A7FDCA440646B7
:1057D00081B24FEADB726FB361B34C445A44B8F8FC
:1057E0002630641013FB0AF3C4EB6204E41A24B2FB
:1057F00003A8B6B2FDF7ECFF1E4B284603950493B1
:1058000006F0C1FC1C4B0D9406931C4B0E960A939C
:10581000CDE90B0003A8FEF721F815B0BDE8F08F25
:10582000404606F0D8FC0446284606F0C8FC211A7B
:1058300009B2B2E740464C44CDE900120DF057F8EA
:10584000019A6410B8F826305A44009913FB0AF301
:10585000C4EB6204E41A24B20FB10029C8D105498F
:105860002846FDF7CBFF2146284615B0BDE8F04F8E
:1058700006F0FBBB5F2802606D2902606F1C0260AE
:105880002DE9F041084690B00C4605F01CFA1528A9
:1058900005466BD1204605F012FA204605F00FFAB6
:1058A000054608F061F8064608A8F8F7D7FD304627
:1058B00008AA002106F023FA28460CF0CBFF0028A6
:1058C00040F0818020460DF10808F4F729F8876838
:1058D000044606F11402394640460CF03CFA002812
:1058E0006ED004A93046C4F808800CF0CAFF6A697B
:1058F000B5F91830069206AAADF81C30BDF8123082
:105900001046A168ADF81E300CF025FA78B106AB50
:10591000A6682846A3600CF09BFF0022034608A956
:105920000092204605F11402F8F7B0FDA660AB8A9C
:1059300006AAA168ADF818301046BDF81630ADF8CB
:105940001A30AB6907930CF006FA68B106AB28462B
:10595000A3600CF07DFF0022034608A900922046B8
:1059600005F11402F8F792FDA76029E021461948D5
:1059700005F08FF9012823D1204605F0A0F9132D59
:10598000064609D0292D1BD107F0EEFF002110B0EB
:10599000BDE8F041FFF7DCBE204605F098F905466A
:1059A000304607F0E1FF0CF0E9FF0446304606F010
:1059B00006FCB5F90030241A9C42B8BF1C462C8066
:1059C00010B0BDE8F0819DF83B3043F001038DF845
:1059D0003B3077E7785D02600146044810B5F5F783
:1059E00095FF044605F0E1FF204610BD945D02607E
:1059F0002DE9F04F044685B015460E4661B9334B8C
:105A00006322334903200293324B0193324B0093BC
:105A1000324BFEF7DDF9FEE70CF029FF00230746C5
:105A2000711E63622385A38C11F8012F01339BB291
:105A30009AB9A38494F82A309DB965F300033146DE
:105A4000384684F82A30FFF731FCE38C384623854A
:105A500005B0BDE8F04F06F016BA0A2A08BFA384C5
:105A6000E1E743F0010330464FF0070984F82A309C
:105A7000ECF7A2FD451CC5EBC50A5046FEF768FAD7
:105A8000804600EB050B09F1FF39ABEB0500314611
:105A9000ECF78AFD0A2319F0FF090BF8013CAB442F
:105AA000F1D1C244414638460AF8019CFFF7FEFB9B
:105AB0004046FEF7CDFAA38C204603EB4302C3EB2E
:105AC000C303E284A3840CF012FFBEE7AE7E026043
:105AD00079C10260B2C10260A875026041C2026071
:105AE00038B5002591F82A300C4665F300034D6265
:105AF00020460D8581F82A30102105F01CFD204636
:105B00004FF4007105F017FD21460648F5F7FEFE3B
:105B100005F04BFF2A4620460349BDE83840FFF711
:105B200067BF00BF785D0260C2C102602DE9F04F1F
:105B3000B94899B00E4605F0ACF8012811D13046AD
:105B400005F0C1F80546304605F0B9F82C2D04469D
:105B50000AD1304605F0BBF8054620460CF00EFF92
:105B6000288019B0BDE8F08F182D37D8002DF8D057
:105B7000013D172DF5D801A353F825F00B5C01600A
:105B8000275C0160615C0160635B0160635B0160D5
:105B9000635B0160635B0160615C0160635B01608A
:105BA000635B0160635B0160635B0160C55D016015
:105BB0008B5D0160B75D0160635B0160635B0160E9
:105BC000635B0160095E0160635B0160255E0160EB
:105BD000635B0160635B0160255E0160292D0ED06F
:105BE0002A2DBED10CF043FE18B100222946F3F74E
:105BF000EDFD204606F058FB0021204600E0002184
:105C000019B0BDE8F04FFFF7A3BD90F82A306FF34D
:105C1000410380F82A300CF02AFE804919B0BDE813
:105C2000F04FFDF7EBBDF4F727F80CA905F00CFADF
:105C3000BDF93230002B94D020460CF018FE0546FA
:105C400006F0A1FABDF83230C118284609B206F0B4
:105C50000CFA94F82A3043F0020384F82A3080E7E3
:105C60000CF005FE074600283FF47BAFF4F704F87C
:105C7000804605F0A8F904280DD1E38C2046238541
:105C800005F0BCFC054605F097F940B10021284617
:105C900005F02CF903E0022801D1E38C238540466E
:105CA00005F091F901282CD194F82A6016F002062B
:105CB00034D0002120460CF0D5FD054620460CF0DE
:105CC000D9FD2B89B4F916500C21C618B4F91A3035
:105CD000FF8A40465B1B36B203EBD37305EB6305CB
:105CE00005F0BDFA07442DB2A38C3FB2ED1B95FB26
:105CF000F6F525EAE5759D42A8BF03F1FF352DB203
:105D00002CE0404605F05FF90328CDD0E38C0CAAC7
:105D10001C2120460C93F3F759FD22E740460AA9BF
:105D200005F063F9FA8ABDF82A300AA93846B14667
:105D30009B1A3546DFF8E8A0ADF82A30BDF82830C8
:105D4000BA8A9B1AADF82830FEF734FF80463846F1
:105D50000CF07EFD07460C96B04507D1002DD5DB33
:105D60000122A9B220460CF030FECFE7DAF800306D
:105D70000CA9384698470A2803D1C8451CBF0135ED
:105D80002DB2DDF830900136E6E705F037FC05F07E
:105D900013F90546F3F770FF05F015F90428E38CB5
:105DA00007D135B9228D9A423FF4DBAEE28401215E
:105DB00023E72385D5E6038DC28C9A423FF4D1AE0A
:105DC000C384F4E7304604F082FF0378A3F11202A3
:105DD000012A0DD8E18CA38C01319942BFF6C1AEE6
:105DE000258D012289B220460CF0EFFD2585B8E60D
:105DF000142B02D0112B7FF4B4AEE18C00293FF4B8
:105E0000B0AE258D0139ECE70CF031FD19B0BDE8DD
:105E1000F04F06F038B800BF945D02605F28026062
:105E200068842820304604F04EFF0546304604F0D2
:105E300046FF152D044616D13046F3F771FD0AA929
:105E4000054620460CF01DFD0CA8F9F7EDF90CAA4B
:105E500020464FF4802105F000FE0AAA0CA928462E
:105E600008F0D5FC7DE6182D7FF47BAE304608AFF8
:105E7000F3F756FD05460CA8F8F7F0FA0CAA4FF414
:105E80008021204605F03BFF06A920460CF0F9FCD6
:105E900006AAA96838460BF05EFF00283FF461AE01
:105EA00020460CF0E4FC06460CF0D4FC28B19DF82A
:105EB0004B3043F001038DF84B3030460CF0C8FCFA
:105EC00080462046DDF83090BDF942A0BDF940B0D3
:105ED00006F075F902234A464146CDF800B0CDE9F7
:105EE0000103534605A8FEF7BFFD204606F06DF9F5
:105EF000B4F9163000EBD070B6F9169040F34F0AA3
:105F000030465344A9EB030906F05FF900214FEA3C
:105F1000893999FBF0F920460CF0A4FC0C9BB4F9EC
:105F200016800021B3F90820B0F90830D04420468B
:105F3000D21ABDF8163002EBD272A3EB62031BB289
:105F4000ADF8163009FB03F308EBA338A8EB6208A1
:105F5000322207F0E2F9122282460021204607F0A1
:105F6000DCF9814613220021204619FA8AF907F04C
:105F7000D4F9A38A10FA8AFAADF82A8099443046F7
:105F8000ADF82890238BA3EB0A03ADF82C30BDF8B5
:105F9000163098449DF84B3043F00203ADF82E8044
:105FA0008DF84B30AC68AF600CF052FC0022034619
:105FB0000CA9009228460AAAF8F768FAAC60D0E566
:105FC0002DE9F3410E461746804600250CF04FFCA4
:105FD0000CF03EFC0446ECF7EFFA2B46834219D155
:105FE0001C440025791E5A1990420ED914F8012B31
:105FF0000A2A0AD0CFB1A94217D80D4BF8220D4971
:10600000022000930C4BFDF7E3FE0023735502B012
:10601000BDE8F081B8F82620AA42E1D0E25C013365
:106020000A2A04BF0135ADB2D8E772550135DAE767
:10603000EFC1026079C1026026C2026098B5437860
:1060400000AF452B03D0572B16D0BD4698BD6C46EC
:1060500088B06A46114B083053614FF40073906169
:1060600093830F4B42F8103F00234FF4E2510D4849
:10607000EDF718FEA546E8E76C4688B06A46074B80
:10608000073053614FF4007390619383044B42F8DF
:10609000103F00234FF4E451E9E700BF238302607F
:1060A00003000001703D026070B5384C20460CF0D2
:1060B000A9FE40B96FF01204354A0121354802F0BB
:1060C0004EFE204670BD344D00F0FAF83348FDF71F
:1060D00079FEF5F769FB2946A368204641F8044B91
:1060E0002F4CDB6998472046FDF7DEF8AB88E56466
:1060F000802B12D800262380EB882A4D402B14D801
:106100006380002241F2784327492846E5600BF07E
:1061100062FDC6B16FF08504D3E7244A01211D4812
:106120006FF0850602F01BFEE6E7214A01211948BF
:1061300002F015FE41F2784300221B492846E56033
:106140000BF049FDE6E7164800F03AF8044628B19E
:10615000184A01210F4802F002FEDBE71048FDF764
:10616000C1F838B9144A01210A484FF0FF3402F04F
:10617000F6FDA6E700F0C8F8051EA2DA0F4A0121D5
:1061800004482C4602F0EBFD9BE700BF903702600D
:1061900057C20260703D026090C228203D600160DD
:1061A000A8C2282074C22820E4BF282071C202603F
:1061B0009EC20260C9C20260E0C2026003C3026004
:1061C00010B5C36C04461B7C082B0ED893B1013B61
:1061D000072B0ED8DFE803F004130D130D0D0D1B74
:1061E0000F4B00220F4910460DE0102B13D0202B2F
:1061F00011D000231A4619466FF0850003E00A4BC0
:1062000000200A4A0A49E161C4E9053210BD094B80
:1062100000220949E7E7094B00220949E3E700BFEB
:10622000792C0260BD2C0260A72A0260E32B026079
:10623000592B0260ED2C02602F2D02601D2C026094
:106240005F2C026010B50146EFF31184102383F335
:106250001288BFF36F8F044802F01EF884F3118890
:10626000BFF36F8F10BD00BFF8C2282010B50B46DA
:10627000EFF31184102282F31288BFF36F8F002294
:106280000146044802F09AF884F31188BFF36F8F37
:1062900010BD00BFF8C22820014610B5EFF31184ED
:1062A000102383F31288BFF36F8F044801F0E5FFDA
:1062B00084F31188BFF36F8F10BD00BFF8C2282090
:1062C0004FF400520149024802F00CB920962820F0
:1062D000F8C2282070B50C6906460D4614B96FF057
:1062E000150070BD2046FDF7EDF8064B20462670E0
:1062F0006360E560FDF7F6F820620028EFD000202B
:10630000EFE700BF612D026008B505480CF057FDAE
:1063100020B90448BDE808400CF060BD08BD00BFCE
:10632000CC370260E037026008B5C388132B16D162
:106330000B490023CB628368003B18BF012381F81F
:106340003230002200232431064800F005FA30B133
:10635000054A02210548BDE8084002F000BD08BD1D
:1063600004C32820A88528202CC30260703D026049
:1063700008B5C388082B10D182680F4B1A860022FB
:1063800000230E490E4800F0E7F9A0B10D4A0221A2
:106390000D48BDE8084002F0E2BC1C2B0BD182681E
:1063A000054B003A18BF012283F8322000221A86DA
:1063B0000A229A62E3E708BD48C328206CC328205C
:1063C000D08528202CC30260703D026010B50446C1
:1063D000EDF784FB03480121034A02F0C0FC20468C
:1063E0000CF01BFD803D026075C302602DE9F8438F
:1063F000044600AF0D46EFF31188102383F3128893
:10640000BFF36F8F0428294AE9468AB098BF284B0A
:106410009668117C6A4694BF53F82030254BC2E938
:10642000073140F2013324489384244BC2E9050428
:1064300042F8103F00234FF431512148EDF732FC70
:10644000CD4645B1EB69C3F3080323B11D4A0121D1
:106450001B4802F084FC2EB130460CF011FE08B14E
:10646000037803B91848E9468AB06A46174BD061E9
:10647000C2E9053640F201331384154B42F8103F50
:1064800000234FF411510E48EDF70CFC294620462D
:10649000CD46FFF79BFF88F31188BFF36F8F30461F
:1064A000EFF7AEFBBD46BDE8F88300BF8CC32820E4
:1064B000CC5D026084C302609AC3026005000001E3
:1064C000803D0260C2C3026092C30260E3C3026007
:1064D0000400000138B5094B53F82040013053F84F
:1064E0002050A54200D838BD636823B120460CF087
:1064F0009CFC0834F5E723689847FAE7E05D026002
:106500002B4B0122032070B52A4C86B02A4D1A70FD
:10651000FFF7E0FF01F03EFA0CF0A3FC0420FFF7C8
:10652000D9FF26463034AE4210D3224C00F09CFEF8
:10653000224EAC4226D300F0ABFEECF7D7F8204A4F
:10654000137B23F00103137306B070BD54F80C3CA9
:10655000059354F8103C049354F8143C039354F8F6
:10656000183C029354F81C3C019354F8203C0093CF
:1065700054E90A2354E90C0100F036FC54F8303C8D
:106580005E65CEE7D4E90A23B3F1FF3F08BFB2F15D
:10659000FF3F05D052EA0301206803D10CF072FDE1
:1065A0003034C6E73146183001F04EF8F8E700BF46
:1065B00010C52820F83C0260283D0260B13102601D
:1065C000A0B6282006480021064A08B5121A0CF089
:1065D00044FC0548054A0021121A0CF03EFC08BD97
:1065E0004087282014C5282000000020000000203B
:1065F00070B5002386B00122144E01930446144D59
:1066000006EBC0161349CDE904230F22CDE902326F
:1066100014234FF4A07203FB00554FF4C0700E4BCF
:1066200000FB04113046009500F0DEFB737B0B4A43
:1066300023F00403EE602C7473734FF4046304FBC3
:10664000033313446B6006B070BD00BF20B6282032
:106650008CC3282080192920432F02604011292053
:10666000BFB50020FFF736FF2A4B83F308882A4D79
:106670000024F023294E2A4F85F82230EC772C761F
:106680006C76AC7685F820406B6A43F4E0236B624D
:10669000EFF78CFAEFF7C6FB4FF0FF33AB62EB621C
:1066A000EFF7E2FC1F4DEFF729FCEDF789F91E4BE0
:1066B00040F20112B3609A81DC66C3E918440CF021
:1066C000A0FB0120FFF706FF0220FFF703FF00F009
:1066D000FFFD164B75614FF4805205930123144959
:1066E00028460094CDE90343CDE901443B4600F040
:1066F0007BFB6A7B0646284622F004026A730CF094
:10670000FDFC2046FFF774FF3A4631462846EFF776
:1067100067FB00BF8019292000ED00E08CC3282012
:1067200001650160A0B6282020B7282045C402607A
:10673000001B292038B5064C064DAC4201D3002081
:1067400038BDD4E90112204614340CF08BFBF4E779
:10675000588528206C8528202DE9F34104460E46F3
:1067600000F10808EFF31187102181F31288BFF3BD
:106770006F8F056AC1688D422AD20CF033FDA26882
:106780000546314678B1002440690CF0A4FE284645
:10679000AC670CF0B3FC4046394600F021FD2046C2
:1067A00002B0BDE8F081E0690CF095FEE369A268F3
:1067B0000020134462699342E36104BF2369E361EB
:1067C000236A0133236287F31188BFF36F8FE7E7F2
:1067D00052EA03010AD0074989684E613946CDE97A
:1067E00000230246404600F08BFCD9E76FF0220000
:1067F000E9E700BF8CC32820F7B50446084604F13A
:106800000807EFF31186102181F31288BFF36F8F11
:10681000216A002931D0A268A1690CF05CFEA3694D
:10682000A2682046134462699342A36104BF2369AE
:10683000A361236A013B23620CF0D4FC054660B3DC
:106840004169A268E0690CF046FEE369A268284647
:10685000134462699342E36104BF2369E361236ADD
:10686000013323620024AC670CF048FC3846314603
:1068700000F0B6FC204603B0F0BD52EA03010AD096
:1068800008498968486131463846CDE900232246E7
:1068900000F036FCEFE76FF0220086F31188BFF3BB
:1068A0006F8FE8E78CC328202DE9F3410446174693
:1068B0001E46EFF31188102383F31288BFF36F8F06
:1068C000C368334A7BB180689168884219D057EA1F
:1068D000060318D188F31188BFF36F8F6FF00F0094
:1068E00002B0BDE8F081916891F90E100133216189
:1068F000E3609368A36088F31188BFF36F8F002073
:10690000EEE72169F2E791F90E106FF07E0290F93F
:106910000E309942A8BF19469142B8BF11468B422A
:106920002DDD0CF019FB0546224641461948CDE9FC
:10693000007600F0E5FB0028E1D0EFF3118610238C
:1069400083F31288BFF36F8FA068D0B123682169E9
:106950009C420AD04BB193F90E309942A8BF194618
:106960006FF07E039942B8BF19460CF0F5FA40B1BA
:106970003146084800F034FC6FF00A00B0E700250B
:10698000D2E7002DF4D186F31188BFF36F8FF3E7C0
:106990008CC3282011C5282038B58368044663B30A
:1069A000194A926893422BD1C368012B03D9013B4A
:1069B000C360002038BDEFF31185102383F31288E4
:1069C000BFF36F8F016980680CF0C6FA20460CF0A7
:1069D00009FCA06058B190F90E2022610022826764
:1069E0000CF08CFB2946094800F0FAFBE1E7E06077
:1069F00085F31188BFF36F8FDBE76FF01500D9E7E0
:106A00004FF0FF30D6E700BF8CC3282011C52820E7
:106A100038B50446EFF31185102383F31288BFF3D2
:106A20006F8F0CF0DFFB48B1002282670CF066FB31
:106A300029460848BDE8384000F0D2BBD4E902320C
:106A40009A4218BF0133A36085F31188BFF36F8F9B
:106A500038BD00BF11C5282013B5EFF311811024F4
:106A600084F31288BFF36F8F846844B1013C846063
:106A700081F31188BFF36F8F002002B010BD52EA7E
:106A8000030406D181F31188BFF36F8F6FF00F00FD
:106A9000F3E7CDE900230246014800F031FBECE7C3
:106AA00011C528202DE9F043054685B0DFF8308177
:106AB0004FF0FF364FF0FF37EFF31189102383F3C8
:106AC0001288BFF36F8FD5F880408CB9022105F191
:106AD00098000CF055FA002860D1002305F18802D7
:106AE000494640480293CDE9006700F09DFCE3E78A
:106AF000D5F8842023689442C5F8803008BFC5F8D3
:106B00008430D5F8983043F00203C5F89830E36834
:106B100023F0040343F00103E360636889F3118801
:106B2000BFF36F8F20469847EFF31189102383F34B
:106B30001288BFF36F8FE368D90623F0010237D4C0
:106B4000E260E3689A071AD523F00203D8F8000040
:106B5000E360A0B10268002188B143689C4237D14C
:106B6000036869BBD8F80420C8F80030824201D11C
:106B7000C8F80430002340F8083BFFF749FFD5F878
:106B8000983023F00203C5F8983089F31188BFF3D9
:106B90006F8FDB0590D400F0A3FB8DE705F1900427
:106BA0000022012120460CF085FB0028F8D194E753
:106BB00023F01103E36004F11000FFF729FFC0E7A1
:106BC0000B60D8F80430834208BFC8F80410D1E73E
:106BD00022B11368014610461A46BDE71346F9E78D
:106BE000ACC3282011C52820F8B5C36804460F4659
:106BF0009A07C3F340062BD45B0719D40B680BB973
:106C000083680B60E368DD0745BFA36802260126A1
:106C10003B603D68002D3AD01E4B9B68AB420AD0CA
:106C2000D5F89830D807C3F3800214D46FF0120659
:106C300000233B6025E00CF01AFAD5F898300028C4
:106C4000F0D1D907C3F3C002F0D552B15B0708D425
:106C50006FF00F06ECE7002AFAD1C3F3C003002B54
:106C6000F6D100232360D5F8843063B9C5E9204408
:106C700028460CF09FF9E36843F00403E3603B68A7
:106C8000A3603046F8BD1C60C5F88440F0E76FF0A3
:106C90001506CDE78CC32820014601480CF0CBB97E
:106CA000C0B72820F0B50446002089B0C4E9200010
:106CB00004F188000E9DC4E9220004F19000C4E9AB
:106CC00024004DB32879002840F2011008BF0120AC
:106CD000C4F8980000204FF0FF364FF0FF370094C3
:106CE000CDE90330CDE901000C4B2046CDE9066724
:106CF00000F0C8F855B1296811B120460CF0BDF973
:106D00006B791BB1237B43F001032373204609B049
:106D1000BDE8F0400CF0B6B90120D9E7A56A0160E2
:106D200037B501900846EFF31184102181F31288E2
:106D3000BFF36F8FC16811F01E0F17D153EA020520
:106D400008D101A9FFF750FF84F31188BFF36F8FBB
:106D500003B030BD41F00801103040F8041C019927
:106D60008161034900F070FC0120EDE70020EBE7B2
:106D7000C32F026001460148FFF7D2BFC0B72820E9
:106D8000F7B50C4616461D460190EFF31187102308
:106D900083F31288BFF36F8F08460CF0FCF855EAB6
:106DA000060309D101A92046FFF71EFF87F31188CA
:106DB000BFF36F8F03B0F0BDE36804F110003246FB
:106DC000054943F00803E360019BA3622B4600F0F2
:106DD0003BFC0120EAE700BFC32F026001460148E7
:106DE000FFF7CEBFC0B7282007322DE9F04322F0CD
:106DF000070285B00E461F46109900F158037F32F6
:106E000004460173042122F03F0206F14009417358
:106E10003F2AA2F14008C0E916334FF00003836017
:106E20000F98E373A073C4E9063305D883F3118880
:106E3000BFF36F8F084602DFB51820462946EEF7EC
:106E400059FC07300E9B314620F00700C4E9189822
:106E5000A0662D1A029320460D9B2A4601930C9B97
:106E600000933B46EEF790FF00236365044B9B685D
:106E700003B1DB6E2846E36605B0BDE8F08300BFD2
:106E80008CC32820F0B5002587B004460595109DD9
:106E900004950F9D03950E9D02950D9D01950C9DEA
:106EA000DDE912760095FFF79FFFB6F1FF3F08BFBF
:106EB000B7F1FF3F05D056EA070305D1204600F0A1
:106EC000A1F9204607B0F0BD3A463346024904F125
:106ED000180000F0B9FBF4E7B131026038B50D4D90
:106EE0002B4653F8184F9C4200D004B9EC68AB68AD
:106EF00038B95A7BD20604D1A26912B9DA897F2A3D
:106F000005D89C4202D0204600F0CEFA23466B61A1
:106F100038BD00BF8CC3282008B590F90D2001466C
:106F2000437B002A04DA03F07F0343730CF0ACF8D0
:106F3000044B9868431A58425841BDE80840FFF78F
:106F4000CDBF00BF8CC3282070B490F90D30427BB8
:106F5000002B29DBD30627D183692BBB62F07F028C
:106F6000124942730A4652F8184F944218BF2346FA
:106F7000CC6923B9C0E900242060C8610CE090F915
:106F80000E5093F90E60B5420AD0AE4208DD5A6841
:106F9000C0E9003210605860002070BCFFF79EBF4F
:106FA0009C42E7D01B68E4E770BC70478CC3282084
:106FB000002A2DE9F0410E46427B0CBF102108212A
:106FC000044611420FD141EA0203D20918D143739A
:106FD00008291BD00120FFF781FFBFF35F8F637B80
:106FE00023F060036373274B9B68A34243D1EFF305
:106FF0000583002B3FD13046BDE8F041EEF716BEC9
:1070000003F07F0343730CF03FF8E1E7A36813B18B
:1070100020460CF041F804F1180004F158070CF078
:107020006BF9A56DAF4211D04FF0000875B128463D
:107030000CF032F805F118000CF05EF92846C5F89E
:107040007880FFF781FFA56DAF42EFD10D4DAB68A2
:107050009C42BFD1EFF30583002BBBD00120FFF78B
:107060003DFF094B40F20112AB609A810022C3E957
:107070001822DA66B1E786F31188BFF36F8FBDE897
:10708000F08100BF8CC3282020B7282070B590F96C
:107090000D200146437B002A04DA03F07F0343738B
:1070A0000BF0F2FF4B7B154A63F07F0310464B73E6
:1070B00050F8183FD469834208BF002323B9C1E9BF
:1070C00000042160D1610CE091F90E5093F90E603B
:1070D000B5420ED0AE420CDD5868C1E90030016007
:1070E00059609068431A5842BDE870405841FFF714
:1070F000F5BE9C42E3D01B68E0E700BF8CC32820AC
:10710000F8B5124B0C461146114A9868DDE906762F
:107110001060EFF31182102282F31288BFF36F8F99
:107120009D6828460BF0C2FFB6F1FF3F08BFB7F1DC
:10713000FF3F06D03A463346064905F1180000F0F5
:1071400083FA2046BDE8F840EEF770BD8CC32820D6
:10715000B4C32820B1310260F8B50446EFF31186BC
:10716000102383F31288BFF36F8F437B49B2DA0693
:1071700019D18569BDB903F07F0343730BF084FF18
:10718000437B164A63F07F0381734373134653F8BE
:10719000180F984218BF0546D0695DB9C4E90030A0
:1071A0000460D46111E00020A17386F31188BFF35D
:1071B0006F8FF8BD95F90E70B9420BD08F4209DD83
:1071C0006B68C4E900531C606C600120FFF786FE09
:1071D0000120EAE7A842E1D02D68DEE78CC3282031
:1071E00049B9EFF3058030B9054B5A699B689A425B
:1071F00001D0EEF71BBD81F31188BFF36F8F70478D
:107200008CC3282010B5EFF31184102282F312886A
:10721000BFF36F8F427B510704D484F31188BFF30F
:107220006F8F10BD22F004024273FFF78DFE2146DE
:107230000248BDE81040FFF7D3BF00BF11C52820AA
:10724000034648B9EFF3058232B9064A516992689C
:10725000914201D0EEF7EABC83F31188BFF36F8F40
:10726000704700BF8CC32820EFF31181102383F3F4
:107270001288BFF36F8F054B9A68D37B013BD373A2
:1072800081F31188BFF36F8F704700BF8CC3282034
:1072900038B5EFF31185102484F31288BFF36F8F94
:1072A0000A4B00209A68D37B0133D373FFF716FE95
:1072B00085F31188BFF36F8FEFF3118084F3128889
:1072C000BFF36F8FBDE83840FFF7BABF8CC32820EB
:1072D000024B03F11802C3E9062270478CC3282031
:1072E000F8B5EFF31185102383F31288BFF36F8F86
:1072F00019498868437B03F07F0343730BF0C4FE96
:107300008B6808465A7B62F07F025A7350F8182F38
:10731000CC69824208BF002222B9C3E9000423607D
:10732000CB610CE093F90E6092F90E70BE420ED064
:10733000B7420CDD5168C3E900210B6053600120A6
:10734000FFF7CCFD2846BDE8F840EEF76FBCA2423F
:10735000E3D01268E0E700BF8CC3282050EA0103A5
:107360002DE9F04105460E4603D1FFF7B9FF002095
:107370002BE0831C71F1FF3329DB0BF0D2FF2C18BB
:10738000EFF31188102383F31288BFF36F8F124F2E
:10739000124BB8681860FFF7BFFDB8682A4610495D
:1073A0003346183000F050F9BA684046537B43F03A
:1073B00010035373EEF73AFC0BF0B3FF201A63EBA4
:1073C0000303012873F10003D1DBBDE8F0816FF006
:1073D0000104241AD4E700BF8CC32820B4C328209A
:1073E000B1310260B1F1FF3F08BFB0F1FF3F08B516
:1073F00006D1094B98680BF090FE4FF0FF3008BDA6
:10740000FFF7ACFF0A22C11709304FF0000341F12A
:107410000001EAF755FFF2E78CC32820014B98687A
:10742000704700BF8CC32820D3B5DDE90667089CF0
:10743000CDE90067FFF764FE1CB1034B9B685B69F5
:10744000236002B0D0BD00BF8CC32820044B0122B2
:10745000C01A044BC0105843034B1A54704700BF66
:10746000A0B72820ABAAAAAA11C52820C3897F2BC0
:1074700012D80A4B1B6863B1094B90F90E201B68A8
:107480009A4209DB437BDB0606D1064BC31A18BFC1
:10749000012303F0010070470023FAE7BCC3282052
:1074A000B8C3282020B628200E4B70B51E7C054698
:1074B0000D4C06EB460304EBC30420460BF01CFF07
:1074C0000A4B002228469A55FFF7D0FF48B1084BD7
:1074D000204608491A68013ABDE87040D31700F009
:1074E000B3B870BD8CC32820A0B7282011C52820B0
:1074F000BCC328204D74016038B5EFF3118510230B
:1075000083F31288BFF36F8F104B114A9C68106889
:10751000A04206D1FFF7C8FF85F31188BFF36F8F34
:1075200038BD00211B7C11600A4AD35C002BF3D0CC
:107530002046FFF79BFF0028EED0637BDB0602D1DD
:107540002046FFF7A3FD2046E4E700BF8CC32820B8
:10755000B4C3282011C528200C480D4A0D49121A21
:1075600008B50BF07CFC0C4A0C490D480BF077FC7D
:107570000C4A0D490D480BF072FC0D480D4A0E499E
:10758000121ABDE808400BF06ABC00BF008028203A
:107590001C872820A0C4026000000000A0C4026074
:1075A0000080282000000000BCCB0260000000002A
:1075B0000000002000000020BCCB0260034B1B68D1
:1075C0000BB9F0F76FBC0020704700BFC0C3282084
:1075D00030B570B10B4B5B6898420AD0036843B179
:1075E000D3E90421D0E90445121941EB0501C3E9AF
:1075F0000421D0E9003213605A600023C0E900334F
:1076000030BD00BF708428200E4B10B51C689C4212
:1076100004D1FFF7D3FF6FF0004010BDFFF7CEFF9E
:10762000002CF8D0D4E904321B1A62EBE072B3F1FB
:10763000004F72F10001EEDA002AACBF18460020BC
:10764000EBE700BF70842820B3F1FF3F08BFB2F121
:10765000FF3FF8B504461D4616465ED08160EFF345
:107660001187102383F31288BFF36F8F013275F1F6
:10767000FF3324DA2E496FF00103D1E900209B1A71
:107680004FF0FF3262EB00009E1B60EB0500012E05
:1076900070F1000301DA01260020C4E90460254EE0
:1076A000D6F800C07568B44508BF4FF0000CBCF1B7
:1076B000000F0DD1C4E900652C6074601CE0FFF779
:1076C0007DFF013645F10005361845EBE070E4E733
:1076D000DCE90420D4E90431934271EB000E1DDA99
:1076E000D21ADCF8043060EB0100CCE90420C4E9D4
:1076F00000C31C60CCF804403368B34209D09C42FC
:1077000007D10D4B1C6824B9FFF77EFF2146F0F727
:107710004BFB87F31188BFF36F8FF8BD9B1A61EBAA
:107720000001AC45C4E90431C4D0DCF800C0BEE7B8
:10773000B8B7282070842820C0C328202DE9F84F2E
:10774000EFF3118C102383F31288BFF36F8FDFF8F0
:10775000B4A00024DFF8B09000252C4FC9F8000039
:10776000DAF80000504508BF0020D9F80030E046A4
:10777000D7E9002178B34FEAE37ED0E9046CB34245
:107780007EEB0C0B05DAF61A6CEB0E04C0E9046410
:1077900021E0B21841EBE671C0E90445C7E90021D8
:1077A000FFF716FF88F31188BFF36F8F8368984740
:1077B000EFF31188102383F31288BFF36F8FD9F88A
:1077C0000030C446DAF800009B1B5045C9F8003071
:1077D000CBD1D7E900219A184FF0000441EBE373B5
:1077E000C9F80040C7E90023FFF70EFF2146F0F774
:1077F000DBFA88F31188BFF36F8FBDE8F84FFFF70E
:107800007BBE00BF70842820C0C32820B8B72820C2
:1078100010B5EFF31184102383F31288BFF36F8F39
:10782000FFF7CCFE054A0346D2E90001181841EBE8
:10783000E37184F31188BFF36F8F10BDB8B72820B0
:10784000F8B50446EFF31187102383F31288BFF3D2
:107850006F8F026822B187F31188BFF36F8FF8BD75
:10786000D0E90A36581C46F10001022871F10001E6
:1078700027D3012B76F10001BCBF012316465D1E04
:1078800046F1FF360BF051FD013041F10001401986
:1078900046EB0101012871F1000139DB0BF045FDD8
:1078A00001306FF0010241F10001401946EB010384
:1078B000121A4FF0FF3161EB030318492046FFF71E
:1078C000C3FE236B01332363236A6BB187F31188F3
:1078D000BFF36F8F236A20469847EFF31187102379
:1078E00083F31288BFF36F8F54F8185FA542B2D0AC
:1078F000002DB0D028460BF029FC0023AB6787F39E
:107900001188BFF36F8F2846BDE8F8400BF0F6BB37
:107910006FF001024FF0FF33CFE700BF4178016005
:107920002DE9F04105461C4690461F46EFF31186AF
:10793000102383F31288BFF36F8FB4F1FF3F08BFAA
:10794000B2F1FF3F05D186F31188BFF36F8FBDE819
:10795000F081531C74F1FF3309DB012A74F1000339
:10796000BCBF0122002412F1FF3844F1FF37284642
:107970000BF0C2FC002342462B633B46DDE90601C7
:10798000C5E90A0102492846FFF75EFEDBE700BFB2
:1079900041780160014800F03ABE00BF4DC402606A
:1079A0001FB5094A02AB92E803004FF4806283E8F6
:1079B000030000934FF0FF3304490548FFF772F9C5
:1079C000002005B05DF804FBE03D0260402B29205B
:1079D000C0B728200CB430B589B005460C461C222F
:1079E000002101A80BF09FFD02238DF806300E4BFD
:1079F0000293059523462CB1B4F1004F28BF4FF0F8
:107A00000043013B1D440DAA0C99069501A8009264
:107A100000F0AAF814B1059B00221A7009B0BDE865
:107A2000304002B0704700BF373502600EB470B509
:107A300089B00DAD04461C22002101A855F8046B45
:107A40000BF071FD02238DF806300B4B029304F10D
:107A50000043013B2A46314601A806930594009550
:107A600000F082F80028A4BF0023235409B0BDE829
:107A7000704003B0704700BF37350260242A2DE9FB
:107A8000F041044601D8012A4CD10BF05DFD354B85
:107A900016221A5001B10C6000273846BDE8F0816B
:107AA00035462E4616F8010B2028F9D0A0F109071B
:107AB000042F0346F4D92B2836D02D2837D14FF088
:107AC000010C6B78AE1C302B38D1307840F02000A0
:107AD00078282FD132F010002CD173783446102240
:107AE00002360CF1004001380027B0FBF2FE02FB29
:107AF0001E08392B82BF03F1FF3343F02003263BDE
:107B0000303B9A421ED9774502DC03D1984501D219
:107B10004CF0020C354607FB023715F8013B3446A2
:107B20002E46E6E70546BCE74FF0000CC9E74FF0EC
:107B3000000CC8E7002A08BF0822D2E7002A08BFC5
:107B40000A22CEE701B10C601CF0010F18BF7F4282
:107B50001CF0020FA1D007460BF0F6FC014B2222CD
:107B60001A509AE70C0000002DE9F04F8DB04368E1
:107B70000293837815469A07804640F10D810024D0
:107B80000E78002E00F00A81252E0BD04B1C03939B
:107B90000134029B4146304698470028C0F2F680E7
:107BA0000399EDE74E788B1C252E0393F0D0002728
:107BB000B946BB46BBF11F0F38D8A6F12003102BE6
:107BC0000AD8DFE803F02A0909300909092109095F
:107BD0000928092D09091F00A6F13003092B33D903
:107BE0002A2E37D11BF0400F55F8043B40F082801D
:107BF000002BA7BF4BF0200B9946C3F100094BF0B7
:107C0000280B01E04BF0010B039B13F8016B03936E
:107C1000002ECFD130E04BF0020B4BF0040BF3E71A
:107C20004BF0080BF0E74BF0100BEDE7BBF17F0FCB
:107C300019D8A6F13003092BD2D81BF0400F03D07E
:107C40000A2101FB0737DFE70A2101FB09394BF065
:107C5000200BD9E72E2E06D11BF0400F40F09E805E
:107C60004BF0400BD0E76C2E31D02BD8682E36D09D
:107C70006A2E3CD04C2E3AD0002F46F02003B8BFDD
:107C80002BF04002A3F16501BCBF1FFA82FB002765
:107C9000022901D9612B2FD1073525F00705DFF81F
:107CA000ACA2083507271BF0080F66D00AEB070BBC
:107CB00056465E4563D1A4EB0A0A06EB0A02A9EB1D
:107CC00007096FE1742E9FD07A2E9DD0D4E71BF068
:107CD000800F18BF4BF4007B4BF0800B94E71BF434
:107CE000807F18BF4BF4007B4BF4807B8CE74BF418
:107CF000207B89E71F4687E7A6F16301122900F27E
:107D0000F080DFE811F013004F00EE00EE00EE000F
:107D1000EE004F00EE00EE00EE00EE00EE00FE0082
:107D2000E900EE00EE001B00EE00AF0055F8043B4A
:107D30008DF8183001270DF1180AB4E755F804AB97
:107D4000834BBAF1000F08BF9A461BF0400F14BFD7
:107D500039464FF0FF3150460BF05AFB0746A2E779
:107D6000029B41462020984700280FDB013EB74286
:107D7000F6D34C44A41BB14698E74E46F7E716F8F5
:107D8000010B029B41469847002892DA98F802308E
:107D900043F0040388F802304FF0FF3420460DB062
:107DA000BDE8F08F1BF0800F34D01BF4007F2CD087
:107DB000073525F00705AA4669685AF8080B2BF025
:107DC00010050029ADB237DA404261EB410145F4BC
:107DD00080650DF1180B0A235A460BF025FBA0EB2A
:107DE0000B0301936B0662D5019B25F001019F42B5
:107DF00089B240F3A180002E00F0998015F01002A6
:107E000040F09C80BB460D4623E0AA465AF8040B7E
:107E1000C117D4E7AA461BF4807F5AF8041B01D18E
:107E20000846F5E71BF4007F15BF48B208B241F3DE
:107E3000C01141F3C031C2E750EA0103C9D11BF0C0
:107E4000400FC6D0002FC4D12BF0110295B2BB4613
:107E5000019740F2064115EA01021CBF0BF1010B2C
:107E600000222CE02BF010021FFA82FB0A231BF0E9
:107E7000800C49D01BF400711DBF073525F00705A4
:107E8000AA46AA461ABF5AF8080B69685AF8040BA2
:107E900050EA010545D12BF016051BF0400FADB29D
:107EA00042D0002F40D12BF0170295B2019715F068
:107EB000100248D0019B002E42D103F1010B29078B
:107EC0005AD4EB0706D5D9456FDD0199A9EB0B0311
:107ED0005F18CB465B4649E04BF0100B1023782629
:107EE000C5E7782B04D1C6F1780343F01003BEE751
:107EF000029B4146252098470028FFF647AF0234F1
:107F000047E608230026B2E7AA461BF480715AF818
:107F1000040BBDD01BF400711ABFC0B2614680B221
:107F2000B6E72BF0060295B20DF1180B54E725F0D9
:107F30001105ADB2BB468CE70D46B8E73B460D4692
:107F400003F1020BBBE7DDF804B082E797C40260DF
:107F500090C40260CDE904324146029B202098473C
:107F60000028FFF613AF049B059A01339945F1DC15
:107F7000A4EB0B01CC189B460AB3029B4146302070
:107F800098470028FFF602AF8EB901342744019BC1
:107F9000391B994224DC1D465DBB019AA9EB0B09F4
:107FA000224455461446914435E0019F92E702343D
:107FB00041463046029B98470028E7DAE6E640F261
:107FC00006410D42E2D015F0020F14BF2B202020F5
:107FD00015F4806F04F10104414618BF2D20E9E734
:107FE000029B414630209847002804F10104CEDA74
:107FF000CCE606AB013D4146585D029B9847002800
:10800000CADAC3E6029B414620209847002804F1C3
:108010000104FFF6BBAEA9EB0403002BF2DCBFE5C5
:10802000F0B589B005460C46164600211C2201A871
:108030001F460BF078FA02238DF806300B4B0293A3
:10804000059520462CB1B4F1004F28BF4FF00040F9
:10805000013805443A46314601A80695FFF784FDEC
:1080600014B1059B00221A7009B0F0BD37350260CB
:108070007047FCF781BA012307B5642200930B21F6
:108080000023F1F7B1F903B05DF804FB08B5EAF796
:108090005FFBBDE80840FFF7EEBF4068704700EBAC
:1080A000C100408840087047F8B50346FFF7F7FF66
:1080B000B0FA80F0CA000C468DB2C0F11F00171D47
:1080C000063203EB800CDCF8106056B9012101FA8E
:1080D00000F0D9680143D960CCF81040DD539D52BF
:1080E000F8BDF1000431585AD85303EBC0009E523A
:1080F000C5805D52F4E710B500EBC104E3889942F6
:1081000002F104010AD1012303FA02F2C36823EA4F
:108110000203C360002340F8213010BDA28840F85C
:10812000213000EBC20100EBC300CB808280F4E77A
:1081300008B50346FFF7B3FFB0FA80F21846C2F164
:108140001F02BDE80840FFF7D6BF2DE9F843B1FA9A
:1081500081F503460E46C5F11F0900EB8908D8F8E2
:108160001020C2B10327D8F8104018462146FFF767
:1081700096FFB04206D34A461846FFF7BCFF20469A
:10818000BDE8F88303EBC404013FE088C8F81000A1
:1081900001D08242E7D1C5F120024FF0FF34944074
:1081A000DA681440EBD094FAA4F2B2FA82F2111D0C
:1081B00053F821402146DFE738B50346FFF76FFF4C
:1081C00004460D4618461146FFF769FF044403EBC9
:1081D000C505600068801846FFF761FF014423F879
:1081E000314038BD38B50C460346FFF758FF511AE9
:1081F000A51A03EBC40405444800608003EBC200E9
:108200006C004480184623F832101146FFF747FFF0
:10821000014423F8315038BD38B505460C46FFF708
:108220003EFF014405EBC1035B88DA070AD4284608
:10823000FFF77EFF21462846FFF731FF2218284628
:10824000FFF7BAFF35F83410611A05EBC1035B88FC
:10825000DB070CD42846FFF76BFF35F834102246B5
:108260002846611AFFF7A8FF35F83430E41A214692
:108270002846BDE83840FFF717BF61B100680439F0
:10828000091A21F00703C90803445A8822F00102A1
:108290005A80FFF7C1BF704770B5056809B9002063
:1082A00070BDAB68B3EBD10FF9D90B312846CC08C0
:1082B0002146FFF74AFF06460028F0D0014628462F
:1082C000FFF7EDFEA04207D932192846FFF78AFFD3
:1082D00028461146FFF7E8FE05EBC6025388104614
:1082E00043F0010304305380DAE72DE9F84301F14C
:1082F000FF390F461446066819EA01090CD04B42B3
:108300004F460B40042B1A46994628BF042264B9F5
:1083100000252846BDE8F883042904D81146BDE8A5
:10832000F843FFF7B9BF0422F1E7B368B3EBD40F0A
:10833000EED904F10B0130463944891AC908FFF718
:1083400004FF80460028E3D009F104057B1E05EBFD
:10835000C00535441D44B5FBF7F57D43A5EB090584
:108360002C442B1F07349B1B24F00704B0EBD30FC6
:108370004FEAD307A4EB06044FEAE40408D201460F
:108380003A463046FFF72EFF41463046FFF78CFE57
:1083900039463046FFF783FE3844844207D23046E0
:1083A0002246FFF71FFF21463046FFF77DFE06EB12
:1083B000C706738843F001037380AAE72DE9F74FDE
:1083C0009146984604680E46009031B942464946A7
:1083D00003B0BDE8F04FFFF788BFB8F1000F06D13A
:1083E000FFF74BFF0027384603B0BDE8F08FA368C6
:1083F000B3EBD80FF6D90D1F20462D1BED08EF006B
:108400002946FFF74CFE03463A1D2244B21A019258
:1084100008F10B0201990A444FEAD20AB9F1000FA0
:1084200003D009F1FF310E4240D19A450FD010D24E
:10843000274405EB0A0229462046FFF7D3FE7B8836
:108440001146204643F001037B80FFF7E5FE3746E7
:10845000C9E705EB030B04EBCB014988CA0725D418
:1084600059462046FFF71BFE184450451ED3AAEB81
:1084700003082046FFF75CFE59462046FFF70FFE33
:10848000404508D905EB0A022046FFF7ABFE20461F
:108490001146FFF709FE27445A4629462046FFF7B2
:1084A0008BFE7B8843F001037B80D0E74246494640
:1084B0000098FFF71AFF0746002893D02946204668
:1084C000FFF7EDFD019B3146C3EBC0023846043A8D
:1084D000424528BF42460AF0FEFF31460098FFF7AA
:1084E000CCFE80E7043A2DE9F041CC1D11444FF059
:1084F000000824F0070421F007010E1B0460414628
:1085000004F11000F708C4F80C80B7FA87F2A760EE
:10851000C2F12405C2F12002AD00920007350BF034
:1085200002F8A4F800802046ED086B0004EBC502B9
:1085300043F0010363807B1B59005180A21924F88A
:1085400035502946A2F80280A35304EBC7035A888A
:1085500042F001025A80BDE8F041FFF7A5BD2DE9C8
:10856000F04706460D46174698462BB398F800404C
:108570004FF0000A93F80190A400DB7804EB430469
:1085800098F802301C444444CA4509D308F1080352
:10859000D8F8042039463046AC46BDE8F04760477D
:1085A00014F8013B0AF1010A204648F82340EAF793
:1085B00003F801300444E7E76FF01500BDE8F087E9
:1085C00070B5002502462846144614F8013B0BB945
:1085D000184609E098B18D4207D1702B04D0A3F161
:1085E00040023A2A0BD8002070BDA3F140063A2E73
:1085F00005D853780135941C002BE9D00020252B99
:10860000224608BF80F00100DEE7002070470FB46B
:1086100007B504A951F8040B019100F027FB03B042
:108620005DF804EB04B0704710B50369024613F01F
:10863000080009D11368D4689C4297BF126AE31AF4
:108640000120D31A0B6010BD00231846FAE713B5BA
:1086500001A90446FFF7E8FF20B1019BE268013B56
:1086600013440193206A019BC01A013802B010BD67
:1086700010B5044650182269236AD20702D5013B7F
:10868000184010BD984228BFC01AFAE710B504463A
:108690000A46C168FFF7ECFF2369E06023F0080396
:1086A000236110BD38B58B00C2690D46016843F0E7
:1086B0000203044642F821302A460168FFF7D8FF3A
:1086C000E36861682A4698422060204602BF236919
:1086D00043F008032361FFF7CBFF606038BD2DE94D
:1086E000F74FC7689B46C66904468846914616F808
:1086F000273006EB870A03F00303022B4FF0000339
:1087000009D01360CBF800302369990710D40020FA
:1087100003B0BDE8F08F56F8271013608908CBF836
:108720000030F1D0FFF7B2FFE368A3600120EFE76C
:10873000A3695046984716F827300546DA07E6D56C
:1087400013F002031DD0B8F1000F03D041462046BC
:10875000FFF7A8FF61682A462046FFF789FF60609F
:10876000D4E90231994204D12A462046FFF780FF1E
:10877000A060A3682360E360236943F008032361DA
:10878000D4E7014620460193FFF780FFE268A2602C
:10879000B8F1000F04D02168E269019B42F8213052
:1087A00005EB08022046CBF800202168FFF760FFA8
:1087B0002369206043F00803236116F827306FF324
:1087C000000306F82730C9F800A0AFE770B50446EB
:1087D0001546FFF74DFF2368834205D123692160C9
:1087E00023F00803236170BDAB00E269204643F02B
:1087F000020342F821302A466168FFF739FF6060C2
:10880000F1E738B5036904465B0706D5456AFFF70B
:108810001EFF85422CBF6562606238BD38B50D46CB
:108820001C22002104460AF07EFEEB680022A361B0
:10883000AB6863612B68E3616B68626223622A69DB
:1088400023B1591E194208BF42F0010222610122E0
:1088500004F128000021BDE838400AF085BB2DE96D
:10886000F04F87B0002504460E4600939246036AF7
:10887000A94603958B42059539D3EFF3118B10234D
:1088800083F31288BFF36F8F059AD8462AB1294621
:108890002046FFF79BFF0023059304A92046FFF71E
:1088A000C3FE04990746B1422AD322682046E369F1
:1088B00013F8221003EB820921F0030103F82210C0
:1088C00032462168FFF7D4FEE3682060984212D058
:1088D000002788F31188BFF36F8F039929B162696C
:1088E0000AB12046904700230393002FC5D1484684
:1088F00007B0BDE8F08F236943F008032361E7E781
:1089000018B12046FFF7CEFEE3E7009B5AEA0303C7
:1089100019D001910AF0ABFB0199A0B98BF3118832
:10892000BFF36F8F5246009B04F12800FEF794F8C6
:10893000EFF31188102383F31288BFF36F8FB0FA1F
:1089400080F77F09C5E705AB03AA20462568FFF736
:10895000C6FE0746BDE770B50446836908460D4666
:1089600098470246EFF31186102383F31288BFF372
:108970006F8F2B78204643F001032B706168FFF75F
:1089800077FE60602046FFF73CFF86F31188BFF357
:108990006F8F70BD2DE9F04104461027EFF311866B
:1089A00087F31288BFF36F8F236913F0080FA36852
:1089B00002D16268934200D9226AD21AE16932B9BF
:1089C00086F31188BFF36F8F4FF0000833E011F882
:1089D000232001EB830812F00300F1D0022803D119
:1089E00051F82350AD0805D1D00712D4A3694046F1
:1089F00098470546A1682A462046FFF739FE2946D2
:108A0000A0602046FFF742FE86F31188BFF36F8F08
:108A1000C4E742F00202404601F82320A568A3699A
:108A20009847294602462046FFF722FEA06086F3BB
:108A30001188BFF36F8F4046BDE8F081F8B504465A
:108A4000836908460D4698470646EFF311871023C1
:108A500083F31288BFF36F8F2B786FF300032B70B3
:108A600023699B0705D5E268E36903EB82039D4216
:108A70001AD12B786FF341032B70D4E9023199425C
:108A800004D132462046FFF7F3FDA0603146204670
:108A9000FFF7FCFD87F31188BFF36F8F04F1280007
:108AA000BDE8F840FDF7B4BF2B6860F39F032B606F
:108AB000F0E702698368120702D442689A4200D242
:108AC000026AD31A181E18BF01207047F0B5044679
:108AD000C369C668944645684069AF1B281ABB4203
:108AE000A3EB00029CBFFF1AF6186245A3EB070038
:108AF000A5EB060528BF6246236890422B4428BF99
:108B000010460B60636803446360F0BDD0E9012345
:108B1000D21A8A420CD31944C368C269C0E9011150
:108B2000C91A8A4201D9002070471344C360FAE78A
:108B30006FF0150070472DE9F34180460E4615464B
:108B400000272A4601A94046FFF7C0FF0446024617
:108B50003146019827440AF0BEFC2D1B264401D063
:108B6000002CEED139464046FFF7D0FF384602B020
:108B7000BDE8F081F0B50446866905699446C06990
:108B8000AF1BA368B842A3EB050223689CBF36184D
:108B90003F1A6245A0EB0700A5EB060528BF624619
:108BA0002B4490420B6028BF104623690344236185
:108BB000F0BDD0E90423D21A8A420CD31944D0E97B
:108BC0000632C0E90411C91A8A4201D9002070474F
:108BD00013448361FAE76FF0150070472DE9F34104
:108BE00080460D4616460027324601A94046FFF74B
:108BF000C1FF04462DB102462846254401990AF0DA
:108C00006AFC361B274401D0002CEDD13946404682
:108C1000FFF7CFFF384602B0BDE8F0817047037818
:108C20005B075FBF03684288C3F34A2303EB12105C
:108C30005DBF173020F0070080080020704700203B
:108C400070470346BFF35B8F53E8000F421C43E8B5
:108C500000210029F8D1BFF35B8F704708B50AF0F7
:108C600064FB0A220023E9F72BFB08BD1FB5002394
:108C7000CDE902011A4619461846CDE90033EBF753
:108C800095F805B05DF804FB0120EAF749BE002025
:108C9000704770B5D2E901360C4615469B1B8B42D6
:108CA0000AD313680A46014698190AF014FCAB6807
:108CB00020462344AB6070BD6FF01B00FBE770B52E
:108CC0000E4615461946044618B9BDE87040EAF745
:108CD00027BE33B1C2F34A231030120D18440AF0F4
:108CE000FAFB2046C4E90056BDE87040EAF7A6BF8B
:108CF0002DE9F3415F1C06460C4615464FEA8708EE
:108D000008F1170020F007008008EAF773FE00233F
:108D10008DF80470ADF805308DF8073068B1019A10
:108D20000346A8F1040143F8102F2A46294452F8BB
:108D3000045B8A4243F8045FF9D1A2010023314663
:108D400002F4E07242EA482222F07F4222F47002EA
:108D500022F03F0202B0BDE8F041FFF7B0BF07B517
:108D60000123019201AAFFF7C3FF03B05DF804FBE2
:108D700007B5CDE9002302236A46FFF7B9FF03B028
:108D80005DF804FB1FB5CDE90123069B01AA0393FF
:108D90000323FFF7ADFF05B05DF804FBF8B5064609
:108DA0000D4614461F4604B9F8BD214628463A46EA
:108DB000B047241A0544F6E710B5426804468168B6
:108DC0000068D2E90023FFF7E9FF636800221A6018
:108DD00010BD38B54B6805460C461A68CB689A42F8
:108DE00002D10846FFF7E8FF6368BFF35B8F53E8E3
:108DF000002F511C43E800100028F8D1BFF35B8F0F
:108E0000A36800209D5438BD0A2838B504460D4695
:108E100002D10D20FFF7DDFF29462046FFF7D9FFDD
:108E2000002038BD2DE9F043054687B008460E887E
:108E300091F800900C46D1F808801746EBF706F839
:108E4000011EC6F38216C9F3C2091FDB4846EAF7C2
:108E500007FF03462146608851F8102BC0F30B1022
:108E60000196C2F34A22002A01EB02044FF00002ED
:108E700008BF00210092CDE90407CDE9021428467D
:108E80004146EBF70FF807B0BDE8F0830023E1E7B8
:108E9000436800201B685B681961704743681B6862
:108EA0001A68526853607047436801211B685A680A
:108EB00011751868FFF780BF43681B681868EBF7E7
:108EC0005BB970B543680C461D686B681869EAF7B2
:108ED00003FD214603460F222868BDE8704018476D
:108EE000FFF746BF10F0700F00F07F0201D0EBF7E4
:108EF0002FBA10F0800F4FF0010018BF10329040D1
:108F000070470020EBF7A2BD006838B150F8043C70
:108F100004385B688B4201D04068F6E77047006810
:108F200048B150F8043C04385B685B689B788B421E
:108F300001D04068F4E7704730B5006888B150F858
:108F4000043C04385B681A6A1D7F0023043ADCB2D3
:108F5000A54201D84068F1E7013312F833408C4252
:108F6000F5D130BD08B5EBF795FF28B1406810F199
:108F7000100F14BF0020012008BD4B1C81708176AA
:108F8000DBB200F8061C80F82530C376704750E944
:108F90000231D0F85C0218470369002283F84A20A6
:108FA0007047036993F84A0008B193F84800704786
:108FB0000369002283F84B207047036993F8490046
:108FC0007047036993F8482012B193F84A202AB9F0
:108FD00093F8490018B193F84B007047012070478F
:108FE000012070470369C3E9001270470229036931
:108FF00008D004290BD001290ED1D3F85432002017
:109000001360704793F85B32C3F34003F7E793F8BC
:109010005B3203F00103F2E76FF085007047CB7914
:1090200002690BB1012B03D1002082F86132704735
:109030006FF08500704710B50369D3F854220A60B9
:1090400093F858226AB1012A0CBF022203224A7106
:1090500093F85922501E032805D8DFE800F00505D3
:1090600005050122F3E700220A7193F85A22062A25
:109070000BD0072A0BD0052A0CBF002203228A71CD
:10908000002093F86132CB7110BD0122F7E7022274
:10909000F5E7402908B503693FD013D8102932D02D
:1090A00006D801291ED0082920D06FF0120008BD73
:1090B0002029FAD193F85C1201F0FB0152B341F080
:1090C000040127E0B1F5807F30D0B1F5007F36D0C4
:1090D0008029EAD193F85C1201F0EF01D2B141F09E
:1090E000100117E0C3F854220020E0E793F85C1267
:1090F00001F0FE010AB141F0010183F85C12012187
:10910000ECF7A8F9F0E793F85C1201F0FD010AB161
:1091100041F0020183F85C12F2E793F85C1201F06F
:10912000F701002AF6D041F00801F3E793F85C124A
:1091300001F0DF01002AEDD041F02001EAE793F8C9
:109140005C1201F0BF01002AE4D041F04001E1E7E8
:1091500070B504690546D4F84C02FFF73FFDD4F81A
:109160004C3206469A681969914204BF002284F87D
:10917000492094F86022A2B15A685969DB69521AF1
:109180009B1AB3F5007F0CD394F85E3233B16B6851
:10919000224600211B6A187BECF7B6F9002384F8FD
:1091A0006032304670BD012208B5FFF7D1FF0138AB
:1091B00018BF4FF0FF3008BD01460068ECF73ABA1F
:1091C00008B5ECF793FABDE80840ECF7B3BA0A46E5
:1091D0000121FFF7C4BD00210120ECF72BBA61B6D5
:1091E00062B680F31188BFF36F8F704772B60023A9
:1091F00083F31188BFF36F8FBFF34F8F30BF62B619
:10920000BFF36F8F7047202809D9B0F1004F08D8FD
:109210000138B0FA80F0C0F11F004000704708200C
:1092200070473E20704708B5D1E9043198470020C7
:1092300008BD08B5ECF7FAFF002008BDFFF78FBDA9
:1092400070B504460E461546EDF756FC30B906B922
:1092500025B12046BDE87040EDF7D6BC70BD0020BA
:1092600070476FF0850070470020704700207047FE
:1092700043681B681868704710B44468E46AA446E1
:1092800010BC6047AF2307B58DF80430012301A956
:109290001A46FFF7F1FF03B05DF804FBAE2307B5F4
:1092A0008DF80430012301A91A46FFF7E5FF03B04A
:1092B0005DF804FB812307B502228DF804308DF898
:1092C0000510012301A9FFF7D7FF03B05DF804FBE8
:1092D00043680269D88E08809B8E4B8006234B60C2
:1092E00013780B7301238B6000234B73704737B5E2
:1092F00005690C462B788B4217D0042906D0022929
:1093000011D003B0BDE83040EDF79ABDA7238DF82A
:10931000073001230DF107011A46FFF7ADFF00B931
:109320002C7003B030BDA623F1E70020F9E7034617
:10933000F0B419790068DB88DA0706694FF0010597
:10934000876854BF43F4B01383F4D01334688D405E
:1093500023F48012DB074CBF2C43AC4334603B68E2
:10936000F0BC184703460A4600681979012303FA3E
:1093700001F103691B68194218BF82F0010212B1A2
:109380008368DB68184783681B69FBE77FB544681F
:109390000E4683F00101154604F11800FFF7E2FFC5
:1093A00001232146CDF808D00393CDE9006551F89B
:1093B000040B836802AA1C680023A04704B070BD98
:1093C00010B5446804F11800FFF7B1FF002801DA76
:1093D000002010BD206809F015FD0028F8D0E368D2
:1093E000002BF6D01846BDE8104009F00BBD4368CD
:1093F00000205B681B680B60704743685B681868F7
:1094000042400A40424000201A60704743680020F2
:109410005B68C3F884107047436800205B68C3F83A
:1094200088107047436800205B68C3F88C10704751
:1094300070B5B2F5001F4068406812D1EFF3118497
:10944000102383F31288BFF36F8F012243698A4090
:1094500023EA0203436184F31188BFF36F8F002076
:1094600070BDB2F1A07F2AD1B3F1007F2FD003F1FC
:109470007C456A426A4152000F292CD84D000326D0
:10948000C468AE4002FA05F524EA06042C43C46021
:10949000EFF31184102282F31288BFF36F8F012241
:1094A000B3F1C06FC36902FA01F20CBF13439343D7
:1094B000C36183691343836143691343CAE7B2F508
:1094C000800F06D103F17C4462426241D4E703225B
:1094D000D2E70022D0E71F290BD8A1F110050326FF
:1094E00004696D00AE40AA4024EA060422430261EA
:1094F000CEE76FF01500B3E710B503695868F8B10F
:10950000884219D19C680868A142586000D19860CF
:10951000002008602AB15A680A609A68596002B946
:109520009960002010E0814206D1086820609868A8
:109530008142EDD19C60EBE7044600680028F2D13F
:10954000002AE8D16FF0150010BD00207047F0B57B
:109550004368154687B00F465E68002293F811C035
:1095600094454FDC1A7C8A4257DD9C68142303FB28
:109570000144A90763681B684CBF43F4006323F4EC
:10958000006315F0300F4FD0EA0656BF23F4404376
:1095900043F4204343F400536A4604F1100E20685C
:1095A000083454F8041C94467445ACE80300624641
:1095B000F5D1206800220121CCF80000684605930F
:1095C00000F0D9F905F44033B3F5403F25D02C0322
:1095D00004D501223946304600F0D5FE680304D593
:1095E00000223946304600F0CEFE01237268A903FE
:1095F0004FF0000003FA07F34CBF134322EA0303C2
:1096000073600CE0D86800EB420410F81200B84216
:1096100008D864782044B84203DD6FF0850007B0B5
:10962000F0BD091B01329BE723F40053B4E700228D
:10963000502008B51146ECF76DFB5020ECF75CFBB1
:10964000002251201146ECF765FB5120ECF754FB4A
:10965000002008BD0022522008B51146ECF75AFB45
:109660005220ECF749FB002253201146ECF752FB45
:109670005320ECF741FB002008BD0022542008B520
:109680001146ECF747FB5420ECF736FB002255203F
:109690001146ECF73FFB5520ECF72EFB002008BDF0
:1096A0000022562008B51146ECF734FB5620ECF7A3
:1096B00023FB002257201146ECF72CFB5720ECF738
:1096C0001BFB002008BD0022582008B51146ECF70E
:1096D00021FB5820ECF710FB002259201146ECF733
:1096E00019FB5920ECF708FB002008BD002070474B
:1096F00070B54368054602695B689E699E61516862
:1097000009B10C6801B970BD8A68324002D04B685B
:10971000284698471CB1236821461C46F2E7234699
:10972000FAE7002070470020704751F8043C0A22F5
:1097300001F114005B681B68A3FB0223FDF74EBB1D
:1097400003460A46F0B41979DB8800681343DC024B
:109750008768066906D513F4402F03D0DA0748BF9F
:1097600083F440230125346823F48012DB0705FAD3
:1097700001F54CBF2C43AC4334603B68F0BC184748
:1097800037B5034600681C790569836801A95B68E1
:10979000984740B9019B2A685A400123A3401A42C6
:1097A00014BF0120002003B030BD30B550F8483C54
:1097B00085B05968EFF31185102383F31288BFF346
:1097C0006F8F50F8042C91F82A4092FBF4F304FBBD
:1097D000132240F8042C85F31188BFF36F8F6BB10F
:1097E0000A8D4FF0FF3401214FF0FF350091022127
:1097F000CDE9024550F8480CECF788FD05B030BDC6
:10980000012303FA01F103691B68194218BF82F0B2
:10981000010212B18368DB68184783681B69FBE7A4
:1098200070B544680646236A8BB1002509E02369B8
:10983000012203EBC50153F8350001350979FFF723
:10984000DFFF237DAB42F2DCA06909F0CBFA2046B2
:10985000FFF796FF051E04F1080018BF0125FFF76A
:109860008FFF08B145F0020573681B6A73B10026CB
:1098700009E02369002203EBC60153F836000136E4
:109880000979FFF7BDFF237DB342F2DC284670BDA6
:1098900073B5436805460469186A04F10806A0B95F
:1098A000304609F095FD01216868EDF793FD943489
:1098B0000023BFF35B8F54E8002F44E800310029F8
:1098C000F9D1BFF35B8F02B070BD63304FF064021B
:1098D0004FF000032CBF01210021E8F7F1FC00222A
:1098E0000023CDE900013046FEF71AF8DFE750F813
:1098F000580CFFF7CDBF37B545680469296A11B91F
:109900002846EDF767FDE8696422002363302CBF29
:1099100001210021E8F7D4FC00230022CDE9000159
:1099200004F108009434FDF7FBFF0123BFF35B8FC4
:1099300054E8002F44E800310029F9D1BFF35B8FD0
:1099400003B030BD51F8880CFFF7D5BF0020704739
:1099500030B5036813600579046804EBC504A342BD
:1099600002D36FF0010030BD5C798C4201D0083326
:10997000F0E70020F7E72DE9F04F00264FF001084F
:10998000F3B2994202D80020BDE8F08F427CC4684F
:1099900002F00F07D0F80090D0F808E01209D0F8D4
:1099A00004C0456984B1837C90F810B013F0010FB6
:1099B0000BF01F0B1ED003F00103D4F800A003FA34
:1099C0000BF343EA0A032360EB0F47EA0317C9F8D6
:1099D0000070BEF1000F03D002F00702CEF80020A5
:1099E000BCF1000F03D025F00045CCF80050013643
:1099F0001830C5E7236808FA0BFB23EA0B03E2E7FC
:109A0000F0B50C460669D9B1EFF31187102383F343
:109A10001288BFF36F8F0FCC351D0FC50FCC0FC54C
:109A200094E803004FF0FF3385E803000020C6E907
:109A300009300123337087F31188BFF36F8FF0BDB6
:109A40006FF01500FBE770B50C460569D1B1EFF377
:109A50001186102383F31288BFF36F8F2B7873B1B5
:109A600004350FCD0FC40FCD0FC495E8030084E873
:109A70000300002086F31188BFF36F8F70BD6FF075
:109A80003C00F7E76FF01500F8E701207047036925
:109A9000C3E90012704702690B46D2E9020183E86C
:109AA00003000020704743684FF0E061186800F041
:109AB0003EBC43684FF40011186800F038BC43689E
:109AC0004FF40001186800F032BC43684FF0E061C9
:109AD000186800F003BC43684FF40011186800F0E8
:109AE000FDBB43684FF40001186800F0F7BB08B5F0
:109AF00043681868EFF732F9C0F3405008BD08B565
:109B000043681868EFF72AF9C0F3805008BD38B5EC
:109B100045682868EFF722F904462868EFF708F946
:109B200010F4000018BFC4F3C05038BD38B5054666
:109B3000FFF7EDFF044668B96B681868EFF7F8F8AF
:109B4000830205D52846FFF7D2FF041E18BF012463
:109B5000204638BD0124FBE72DE9F8430E461746A1
:109B6000D0F80480002540F61209ECB2A74205DDCA
:109B7000D8F80000EFF7F2F8830202D42046BDE8DF
:109B8000F883D8F800209369190508D403EA09037B
:109B9000022B04D0D369DBB201353355E5E7D36935
:109BA00003F07F03F8E72DE9F0410E461746D0F8A1
:109BB00004800025ECB2A74206DDD8F8000001358C
:109BC000EFF7CCF8030202D42046BDE8F081D8F8C4
:109BD0000030325DDA61EDE738B50C46456828683B
:109BE000EFF7BCF80302FAD5EFF31183102282F3EA
:109BF0001288BFF36F8F2A68D46183F31188BFF393
:109C00006F8F38BD38B545682868EFF7A7F8C0F3FF
:109C1000C044C1034FF4702148BF44F002048203E2
:109C200048BF44F004044303286848BF44F00204DA
:109C3000EFF7A0F8204638BDF8B546680446076936
:109C40003068EFF78BF83B68054613B1796820461A
:109C500098472B0306D530684FF40021BDE8F84043
:109C6000EFF788B8F8BD0022192008B51146ECF7C7
:109C700051F81920BDE80840ECF73EB82DE9F04155
:109C8000446886B0D0F810800D46606809F0BAF8D4
:109C90000746002800F093806068E1688368DB680D
:109CA0002BB96FF01506304606B0BDE8F0816A4664
:109CB000984706460028F4D101A800F004FB2B7950
:109CC000012B05D0022B04D01BB16FF08506EAE70B
:109CD00003238DF80830AB79022B44D0032BF4D149
:109CE00000238DF809306B79012B3ED0032BECD18A
:109CF00001238DF80B30EB79012B04D0032B01D01D
:109D0000002BE2D100272B6801A98DF80F70019379
:109D10004FF480738DF80E70ADF81430009A2068FF
:109D2000EEF71AFFEB79032B0BD12268536A43F04D
:109D300002035362A37D23B92268536A43F00403EC
:109D400053622268936943F400239361E37D73B106
:109D50002268936943F0800393612268936923F03A
:109D60002003936115E00123BBE70023C1E7237EB5
:109D7000EBB1EFF31181102383F31288BFF36F8FE0
:109D80002268936943F0A003936181F31188BFF3C4
:109D90006F8FA37E23B12268536943F080535361D0
:109DA00008F1080395E8030083E803007BE7637E7E
:109DB000002BEED02268936943F08053D1E76FF017
:109DC000120670E707B5002101AAFFF7C1FD0028C0
:109DD00005DB019B002219791868FFF7CCFD03B061
:109DE0005DF804FB37B5446805460169236908310D
:109DF0000B60637D0B7101234B7103238B71237DFA
:109E0000CB71FFF73BFF237D33B101AA0221A0688C
:109E1000FFF79EFD002804DAA068FFF7D3FF0028B3
:109E200003DB2846E3699847002003B030BD38B50E
:109E300042680D46044611688B6923F020038B614C
:109E40001068EEF759FF20462946FFF717FF044632
:109E500018B90A200021FDF7C5FA204638BD38B5EB
:109E600045680C462868EEF779FF800214D52A6809
:109E7000936919050CD423F4FD6323F005031B0536
:109E80001B0D022B04D0D369DBB20020237038BD38
:109E9000D36903F07F03F8E74FF0FF30F7E72220A4
:109EA0000022032108B5EBF735FF2220BDE808406A
:109EB000EBF722BF23200022032108B5EBF72AFF8E
:109EC0002320BDE80840EBF717BF01694368043160
:109ED000186800F053B910B50B6813B91846136031
:109EE00005E003685C681CB114600368186810BD65
:109EF000083303600B68013B0B60EDE703460A463D
:109F000000681979012303FA01F103691B681942FA
:109F100018BF82F0010212B18368DB6818478368BA
:109F20001B69FBE710B5036804464BB19A683AB168
:109F3000186908F057FF206800210830FFF7DEFF9E
:109F4000A36933B9636004F11000BDE81040FCF769
:109F50005FBD10BD08B500693C30FFF7E3FF00208E
:109F600008BD7047826922F47C5222F0030210B4CB
:109F7000826100220C6B81F82C201CB1A4464B6B33
:109F800010BC604710BC7047013910B503291DD8BB
:109F9000DFE801F002040A17007810BD0088002AEB
:109FA000FBD040BA80B2F8E7437804781B0281788E
:109FB0001AB943EA01402043EFE743EA044008436B
:109FC000EBE70068002AE8D000BAE6E70020E4E703
:109FD0002DE9F0410C468F79C9690646D4F82080F6
:109FE000FFB26369257AA278EDB2D2B2F06D00F0CB
:109FF0001F0087422CD9A8EB01018F4201D82169AB
:10A0000031BB9D4203D9DBB22372257AEDB2E368FE
:10A0100003B3E0682946FFF7B7FFE3682B44E3602A
:10A020007066E369013BE361E16963695B1B63613E
:10A03000636960690028D9D123784BB1F36D03F0CF
:10A040001F039F4208D9336E23F480133366607078
:10A05000BDE8F081A06AE3E701236370F8E7013A05
:10A0600030B5032A04D8DFE802F002040E1C0170A8
:10A0700030BDC1F30722C9B213B901704270F7E7CE
:10A0800002704170F4E7C1F30744C1F30722C9B27B
:10A090001BB9017042708470EAE7047042708170ED
:10A0A000E6E70D0EC1F30744C1F30722C9B223B995
:10A0B000017042708470C570DAE705704470827078
:10A0C000C170D5E7022A0CD0032A11D0012A07D18A
:10A0D000036C090423F47F0301F47F011943016435
:10A0E0007047036C23F07F4343EA016303647047C6
:10A0F000036C090223F47F4389B2EFE7F0B5036EE6
:10A10000446A886890B30E680EB9486870B3C3F3A8
:10A110000B00083027284FEAD00307D88868B0FB27
:10A12000F3F503FB150038B100201FE013F0030026
:10A1300015D088689842F7D104F04070B0F1807F64
:10A1400002D0B0F1007F03D116B149680029EBD1EC
:10A150006AB103F00303D81E18BF012006E08D6822
:10A16000B5FBF3F703FB1755002DE5D0F0BD01203B
:10A17000FCE7C36DDB06FCD101207047F8B54F7AD0
:10A1800005468B780C460E6AFFB20A69DBB2EAB16B
:10A190008A6952B1826922F002028261EA6D12F488
:10A1A000F81F45D1A369002B5DD1E379B3420DD3EC
:10A1B000012EAB6D88BF06F1FF3623F4702392BFEA
:10A1C0000026360406F470263343AB656369002B22
:10A1D00059D0E378002B51D02B6E43F480232B66AB
:10A1E0006269A3889BB29A4242D12378002B3FD068
:10A1F0002B6E23F450132B66A288636992B29B1ACC
:10A2000063616369002B38D1A369002B35D1637872
:10A21000002B32D123692BB96B695B054AD54FF40A
:10A2200080636B6121462846BDE8F840FFF79ABE7F
:10A23000A269002AB6D0696F226A013A2262266AB0
:10A24000A269BA4204D2A269D2B26272677AFFB23C
:10A250003A462069FFF703FF22693A442261A26966
:10A26000D21BA2619AE7AB6943F00203AB619CE7A2
:10A270002846FFF77EFF0028BED1F8BD21462846BC
:10A28000FFF7A6FEBDE7EB6DA27903F01F039A422C
:10A29000B7D92378002BB4D06378002BB1D0E37802
:10A2A00003F0FF02002BACD12B6E23F480132B663E
:10A2B0006270A6E7AB6943F48063AB61AB6923F0DE
:10A2C0000303AB61D9E710B5102204460021043026
:10A2D00009F029F94FF4E133236010BD10B5EFF315
:10A2E000108272B60B02046903F4404323430361F6
:10A2F00082F31088EFF3108272B6836A01F440741F
:10A3000023F440332343836282F31088EFF31083F6
:10A3100072B621F07041826921F4732121F47F61CA
:10A3200021F00F011143816183F3108810BD10B536
:10A33000EFF3108472B60A02036902F4404223EA82
:10A340000203036184F31088EFF3108272B6836A0C
:10A3500001F4407423EA040323F44033836282F35C
:10A360001088EFF3108272B621F07041836921F4F6
:10A37000732121F47F6121F00F0123EA010383613E
:10A3800082F3108810BD012303FA01F112B9C0F85D
:10A3900088107047C0F88410704710B50146144605
:10A3A000EEF706FD002839D060228B1E53434FF490
:10A3B000C01203F1804303F55823C3F8B421036BA3
:10A3C00043F480430363036B43F4004303630023BC
:10A3D0000360A1F10A03012B02D90639012905D82E
:10A3E0004FF4002343634FF4801343630CB9002000
:10A3F00010BD6378A1781B040269090203F470237D
:10A4000022F00F1201F4706122F470620B43217884
:10A4100001F00F010B4313430361E8E70120E7E775
:10A42000C2682023F0B50261C16819442033B3F536
:10A43000007F11601268F7D1002300F1100401279A
:10A44000402613601022416880F89420D1F8402102
:10A4500022F47F02C1F840214268D2F84011C2F8CC
:10A4600040114168D1F8A82142F00802C1F8A821A2
:10A470004168D1F8A82122F00402C1F8A8211A46A7
:10A48000816819448F608168CD5866F31A45CD50B4
:10A4900044F8042F226481681944403391F83850FD
:10A4A000B3F5806F62F3000581F83850E8D1D0E948
:10A4B0000131C3F8581147214368C3F85421436858
:10A4C000C3F8481180F89620F0BD01F00F0141F06B
:10A4D0008001EEF78DBC01F00F01EEF789BCCA08D0
:10A4E0002DE9F04102F0100201F00F06012583680A
:10A4F00032430446CF099540720042EAD11203EB81
:10A5000082134FEA821893F838206FF3000283F821
:10A510003820EEF75BFE6368D3F8B0212A421AD1E7
:10A52000D3F8B8312B4016D1A26842F808306368DE
:10A5300076B9002FD3F8C0214FF000000CBF6FF0A8
:10A540008D016FF40D010A40C3F8C021BDE8F08110
:10A5500003EB8603EDE70220F8E72DE9F84F0E46FE
:10A5600015460446002800F06E81142900F26D8122
:10A57000DFE811F0150020002600BE00C600ED0047
:10A5800026012C011C006B016B016B016B016B013F
:10A59000510164016B016B016B016B014801426861
:10A5A000D2F8403143F00103C2F840310026304672
:10A5B000BDE8F88F4268D2F8403123F00103F3E799
:10A5C000002A00F0428192F802904FF00108B2F8A0
:10A5D00000B04FEAD90309F00F07494692F803A0EB
:10A5E00003F010033B4308FA03F8EEF7EFFD63684E
:10A5F000D3F8B02118EA020FD9D1D3F8B83118EA4C
:10A600000308D4D10AF003037900CBF30A004FEA20
:10A61000D91641EAD911012BD4F808C04FEA8111AB
:10A6200032D12A88B0F5806F5CF801E0C2F3C12214
:10A6300028BF4FF48060013262F39F7E4CF801E046
:10A64000A26852F801C060F31A4C42F801C0A26837
:10A6500095F804C00A4492F838006CF3410082F87F
:10A660003800A068BFB9425842F000524250A0687A
:10A67000425842F4004242506068D0F8C0210EBBFC
:10A680009B0043F0C00320E05CF8012068F39F7258
:10A690004CF80120D4E72A794558B2FA82F25209DF
:10A6A00062F35D754550A26850586FF3CF3050503B
:10A6B000626802EB8702D2F8C00196B99B0043F0B2
:10A6C000C00311E09B0443F440031343C0F8C031BE
:10A6D000A3680B4493F8382042F0010283F8382035
:10A6E00064E79B0443F440030343C2F8C031EFE73F
:10A6F000002A00F0AA801178BDE8F84FFFF7EFBEFE
:10A70000002A00F0A280157815F00F060ED1314610
:10A71000EEF75CFD80212046EEF758FD6268D2F826
:10A72000C03143F00113C2F8C0313FE72946EEF7CC
:10A730004DFD6168ED0901EB86010CBF01224FF46C
:10A740008032D1F8C0311343C1F8C0312EE7002A5E
:10A750007BD01178426811F00F034FEAD1160ED169
:10A76000002ED2F8C03114BF6FF480306FF00100BA
:10A770000340C2F8C0312046EEF728FD16E702EB91
:10A7800083025D1E6F33D2F8C00176B920F001005C
:10A79000C2F8C001626802EB830358684023703539
:10A7A000034302EB85025360E5E720F48030C2F8F2
:10A7B000C001626802EB830358684FF48003EEE740
:10A7C0000126002A3FF4F3AE1680EFE6002A3CD0C3
:10A7D00013781A0739D4D90913F00F0342680ED041
:10A7E0006F3302EB8302526800290CBF01234FF440
:10A7F00080331A4214BF012300236B80D6E6D2F8BF
:10A80000C021F1E70AB32B7842685B0643F08073FE
:10A81000C2F85431CAE6002565F07F01EEB2204649
:10A820000135C9B2FFF75BFE31462046FFF757FE00
:10A83000082DF1D12046FFF7F3FDB7E62AB190F8D5
:10A8400098301370B2E60326B1E60126AFE62DE993
:10A85000F04F89B000285AD084686368D3F8441157
:10A86000D3F8482101EA020A1AF0400FC3F844A1C4
:10A870001CD063684FF0FF11D3F8AC21C3F8AC21B2
:10A880006368D3F8BC21C3F8BC216368C3F8B41172
:10A890006368D3F8B02112F0FF1FF6D1D3F88431EA
:10A8A00013F4807336D0012384F896301AF0010F28
:10A8B0000CD06368D3F8AC81B8F1000F34D1636871
:10A8C000D3F8BC21C3F8BC21002A77D11AF0040FB9
:10A8D0001DD00023CDE905338DF81D306268D2F814
:10A8E000845115F4807512D1D2F88431C3F340231A
:10A8F0005B0084F8983094F8963043B1102305A992
:10A900008DF81C302068ECF71DFA84F8965009B0D9
:10A91000BDE8F08FCDE90533102305A9ADF81C3053
:10A920002068ECF70FFAC1E700254FF0010928FA7B
:10A9300005F3DB073ED5A668EFB220464FEAC51BFC
:10A9400006EBC516394616F8302FD2090192EEF7FC
:10A950005BFB019A3946204682F00102EEF754FB78
:10A9600008238DF81C7009FA05F1059606938DF8F9
:10A970001D906268C2F8AC116168D1F8402142F4C0
:10A980000052C1F84021A2685A44916A1163A2683A
:10A990005A44D16A51636268D2F840118F04EBD5F2
:10A9A000D2F8403105A923F40053C2F840312068A1
:10A9B000ECF7C8F90135082DB9D180E70027BB466F
:10A9C0003B4622FA07F1CE0703D40137202FF8D1F6
:10A9D0007CE70F2FF9B203D8072F0FD90137F0E723
:10A9E0001039C9B20729F0D84E000136CDE9053338
:10A9F000F6B2002900F0A380012004E04E00002000
:10AA0000F6B2CDE9053335B24FF0010841EAC01C7A
:10AA1000029504EB860501EB0011CDF804C06D69C9
:10AA2000B60108FA01F825F01F05002DCDD00299D6
:10AA300004EB8109D9F8145025F01F05294661B1AE
:10AA40004868000603D44868000440F187804868DD
:10AA50000006BAD449680804B7D5002DB5D0696896
:10AA60000906E2D4059949B9A968A88B21F47F6148
:10AA7000C0F30B0021F00F01014305916868E969FB
:10AA8000C0F30E40C1F31231091A0698084406902B
:10AA9000D9F81410D9F85400814263D1C9F814B020
:10AAA0000120C9F854B0A16831448860A1683144DC
:10AAB000C1F80CB06968080403D4D9F814101F2930
:10AAC0000DD8019B05A98DF81DB08DF81C302068AC
:10AAD0000392ECF737F90023039ACDE90533C5F863
:10AAE00004B02169296094F894102561013184F83B
:10AAF0009410D9F814101F2921F01F05ADD96968E9
:10AB00000906ACD56168C1F8B0816168D1F8B801B7
:10AB100018EA000FA3D1D1F8B00118EA000FFAD15A
:10AB2000D1F8B81118EA010199D1A06830448560C4
:10AB3000A0683044C1606168C1F8B0818FE7A06847
:10AB400090F87850AD077FF557AF056CAD003FF535
:10AB500053AF056C45F0005505644DE7096821F0D9
:10AB60001F016CE70968C9F81410A3E70022C9B2F5
:10AB700002F0EDBE09B201F078BA09B201F05EBA96
:10AB800038B505460068F2F797FA044600222721F7
:10AB90000069EEF71BFE002228216069EEF716FE21
:10ABA000606928B194F828309B0701D5F2F7B4FA10
:10ABB000002294F82830602162F300036261A261F0
:10ABC00084F82830286802F01FFD2069BDE838406D
:10ABD00001F0F5BCF8B50546F2F76EFA044610B37D
:10ABE00006695EB1002225213046EEF7EFFD2369AC
:10ABF00023B1002226212846EEF7E8FD0027256133
:10AC0000A7615DB13A4627212846EEF7DFFD2369AB
:10AC100023B13A4628213046EEF7D8FD2846BDE854
:10AC2000F84001F0CCBCF8BD08B5F8F717FCBDE85A
:10AC30000840EEF771BB38B505460068F2F73CFAFC
:10AC40000446FFF7F1FF0022606126212868206199
:10AC5000BDE83840EEF7BABD08B508B9F8F7FEFB15
:10AC6000806808BD002307B51A4619460093EEF721
:10AC7000BBFB03B05DF804FB50B1837E03F03F03E0
:10AC80008B4204D9C0680C2303FB010070470020ED
:10AC9000704710B50C4670B94B68186868B1036905
:10ACA0004BB100232146E36003699847207EC043EF
:10ACB00000F0010010BD0068F0E70120FAE700682D
:10ACC000704740687047007A00F07F007047006965
:10ACD0007047F8B5002607460020F8F749FC3546CE
:10ACE000044634B9BDB9C6B93046BDE8F840F8F7F6
:10ACF0003FBC204600F067F9636DBB4205D10228D6
:10AD000008D02646042808BF25462046F8F730FC20
:10AD10000446E6E725462846F8BD3546FBE72DE91B
:10AD2000F047037F054688469246DC0702D500209F
:10AD3000BDE8F087C668BEB137464FF0010931461D
:10AD40002846D047B8420446F1D03E46ACB92B7FE6
:10AD50001907ECD5B9F1000FE9D02846C0470446E1
:10AD600036B14FF00009F1E71A07F6D488470446D8
:10AD7000002CDCD026464FF00009206800F036FC9D
:10AD8000030638D4276837BBEB68A342CFD073B132
:10AD90001E682846FFF79DFF0F2102463046EEF75A
:10ADA00015FD0128C3D1EB68186801F008FCEC60C0
:10ADB00028462468FFF78DFF0E2102462046EEF755
:10ADC00005FD0128B3D1EB68186801F0F8FB2B6989
:10ADD000A3B90120ACE70121384600F0FBFB20B904
:10ADE000384602F0C1FD0746CDE70121384600F0A4
:10ADF000F1FB0028C8D037462646A0E728469847EA
:10AE0000E7E738B5037F0446C3F3C00543F0080302
:10AE100003775B0706D4EEF7F9FD237F65F3C303E1
:10AE2000237738BDEEF706FEF7E770B5064600F06B
:10AE3000E5FB0446002838D0C368E3B11B68B34281
:10AE400019D1037FDA0744BF6FF30003037707F0DC
:10AE5000EDFAE368834229D1204607F0EAFAE36875
:10AE6000984223D105682046FFF733FF0F210246A1
:10AE70002846EEF7ABFCE36823B11B68B34204BF7E
:10AE80000023E360204607F0D1FA054668B12B683D
:10AE900029462046B3420DD107F08DFA2846F9F72E
:10AEA00027F8B3680BB100229A6070BD2046FFF707
:10AEB000A8FFE0E707F0C0FAE7E710B1C06800B10B
:10AEC0000068704713B50191FFF7F7FF044610B90A
:10AED000012002B010BD802100F08AFB0028F7D1CC
:10AEE00001AA0D212046EEF771FCF2E738B50346C2
:10AEF000E0B1027FC2F340048C4217D061F34102FB
:10AF00000277FFF7DAFF044680B1DA681846156861
:10AF1000FFF7DFFE0E2102462846EEF757FC012818
:10AF200004D12046BDE8384001F049BB38BDF8B532
:10AF3000064670B100F062FB044650B1017F11F08B
:10AF4000010106D1FFF7D2FF204607F06FFA054650
:10AF500000B9F8BD2B689E4229D1E36883B11F6810
:10AF6000BE420DD02046FFF7B4FE0F210246384600
:10AF7000EEF72CFC0128ECD1E368186801F01FFB08
:10AF80002369E5600BB120469847E36820461D68B9
:10AF9000FFF79FFE0E2102462846EEF717FC012818
:10AFA000D7D1E3681868BDE8F84001F008BB29462E
:10AFB000204607F041FACAE710B1007FC0F3400015
:10AFC000704707F040BA08B1036818787047036803
:10AFD0001B78022B01D0042B00D141657047036818
:10AFE0001B78032B08BF8165704710B90880488023
:10AFF000704703681B7803F0FD03012B0DBFB0F908
:10B0000008304FF6FF734FF0FF300B8014BF0B80FA
:10B01000B0F90A00EBE758B103681B7803F0FD03B1
:10B02000012B04D190F8440000F00F00704700207D
:10B03000704740B103681B7803F0FD03012B01D179
:10B04000006B70470020704700230B804B8058B185
:10B0500003681B7803F0FD03012B01BFB0F9183022
:10B060000B80B0F91A304B80704773B50E46012142
:10B07000044600F0AFFA054610B1002002B070BDE2
:10B0800030682A46012301A90190204601F05CF9AD
:10B0900001A9204601F06CFB2A46064601A904F1ED
:10B0A000140006F0A5FE80B1204602F06FFC451E9C
:10B0B000002D11DBA36801A91B6853F82500FFF7D9
:10B0C000D4FF0028DAD1013DF2E74FF400212046F9
:10B0D00000F080FA0028E7D1002ECED02046CDE740
:10B0E0002DE9F0470D462021804616461F4600F008
:10B0F00071FA002800F0AB809DF820304046032B09
:10B1000027D101F0C9FB8246EEF70CFE1222002186
:10B110008146404602F001F90021044613224046D0
:10B1200002F0FBF8BAF1020F014669D0BAF1030F41
:10B1300047D0BAF1010F2ED1B8F81430B9F9142064
:10B140001C4424B2002F7FDB002E36DA944234DC1C
:10B1500023E001F0A7FB8246EEF7E4FD1022002178
:10B160008146404602F0D9F80021044611224046AB
:10B1700002F0D3F8BAF1020F01465ED0BAF1030F24
:10B1800045D0BAF1010F06D1B8F81630B9F916203A
:10B190001C4424B2D6E7002F0DDA002D01DA023D5F
:10B1A0002DB2002DC4BF02352DB22E1EB8BF0336FE
:10B1B00046F38F0602E0002EEFDB2E463046BDE858
:10B1C000F087B8F8183020B2B8F8142009B201336B
:10B1D0009B1A22441BB21B1A5B1A03EBD37302EBBC
:10B1E0006302B9F8183014B2B9F8142001339B1A6D
:10B1F000C3F3C03101FA83F302EB630212B2A1E799
:10B20000B8F81840B9F91820241A24B29AE7B8F807
:10B210001A3020B2B8F8162009B201339B1A224422
:10B220001BB21B1A5B1A03EBD37302EB6302B9F870
:10B230001A3014B2B9F81620D8E7B8F81A40B9F99C
:10B240001A20241A24B27DE79442B6DBA5E7EF4228
:10B2500044BF7F423DB2AE42A8BF2E46AEE7C0B16A
:10B2600003290BD00C2913D1B0F9263002686421D0
:10B270000020527EC2F164021BB97047B0F924303D
:10B28000F4E71844534393FBF1F300B21BB2F3E726
:10B29000002070472DE9F0414F680D462FB3384626
:10B2A000F1F7AAF80646384601F00EFBFC8A804604
:10B2B00010220021384602F030F823181222002113
:10B2C000A3EB080338469BB2EB82013B6B83BC8A3D
:10B2D00002F023F84BF676330444A01B80B2A88218
:10B2E00001382883EB61BDE8F08141F67603F9E788
:10B2F0002DE9F04F038C8DB005468A468B420493AE
:10B3000000F016810A460184194602F0C3F9039041
:10B31000002800F00D814FF420700024F8F718FE8B
:10B320004FF4207200210746A14608F0FCF86FEAAE
:10B330000A0308936B8CC3F30513A3425CD9B9F1DC
:10B34000200F59D0D5F80C80E60008EBC40BDBF8D1
:10B35000040020F07F4002F09EFAEB680590334431
:10B36000586820F07F4002F098FA089B059A0690F2
:10B37000134215D19BF8073013F0020306D06B8CF3
:10B380000134C3F305139C42DCD335E058F80620A2
:10B390004FF6FF769088D179B04226D18B4201D307
:10B3A0000134C7E7106800EBC30630F83300C0F380
:10B3B0000D0CBCF1670F16D10304E0D4400410D586
:10B3C0006720F8F781FF06464FF00008336833F82E
:10B3D0000830002BE4D0B9F1200FE1D03A46002329
:10B3E00050E07668F0E70133D8E751B96B8C01344F
:10B3F000C3F30513A342A5D814263C4606FB0976E1
:10B4000067E0012914D0106800EB810636F8022BA2
:10B41000C2F30D0CBCF1670F06D11104AFD4560472
:10B42000CED450F82360CFE701339942EED8B7E786
:10B43000C0F30D03672BA2D10104A0D44304BFD4F1
:10B440001668C1E751680B9308460A92099102F009
:10B4500022FA09990790084602F01FFA31680A9A01
:10B4600031F808C0B2F808E00B9BE64508D1DDF8DA
:10B4700018C0844504D10598DDF81CC060454FD93B
:10B48000013314324B45DDD1142303FB09F1F3687A
:10B4900009F101097B527A1833695380B368D3608C
:10B4A000336833F8083008F10208138173681361B8
:10B4B000DBF80430C3F31703536087E7606802F0DA
:10B4C000ECF90094143401465346049A2846F1F7E7
:10B4D0003BFDA642F2D13846F8F7BAFD039B012B9B
:10B4E00005D128460DB0BDE8F04F01F068B8039BC8
:10B4F000032B09D14FF6FF724FF4702128460DB08F
:10B50000BDE8F04FF1F742BB039B022B10D1284658
:10B5100001F055F828460DB0BDE8F04F00F0B3BC7F
:10B5200008F1020831F80830002B7FF457AF37E7F5
:10B530000DB0BDE8F08F7FB50D460446F0F768FA10
:10B540000646EA060CD502AA6946204601F086FAAC
:10B550006946204601F012F802A9204601F00EF8D3
:10B56000E36923EA0503E361EB070ED5204601F00A
:10B5700026F82046F0F74CFA38B1204602F0F4F9EC
:10B5800000F0CEFD204600F0CBFD2046F0F740FA5B
:10B59000B04202D115F0C07F07D0204602F0E4F996
:10B5A00004B0BDE8704000F0BBBD04B070BD038CBA
:10B5B00043EA010231EA030302D01146FFF798BEC5
:10B5C00070470A46038C1A4223EA010101D0FFF7B3
:10B5D0008FBE7047C36999430CBF0120002070479C
:10B5E000C369194214BF012000207047008C7047C6
:10B5F000038C194214BF012000207047806800B1FD
:10B6000080687047F0B508460D4685B0FFF75BFBD4
:10B6100006462846FFF755FB012E044605D120219A
:10B6200005B0BDE8F040FFF7C2BF033E272E51D85A
:10B63000DFE816F043005000500050005000280092
:10B640000D010F01500050005A00E7002601500084
:10B6500050008301790150008301500050008301A4
:10B66000500050005000500050005000500050005A
:10B67000500049015000720150005000500050002D
:10B6800028014A002021FFF79CFF2846EEF72EF9FB
:10B69000FFF7CFFCF0B9E3691E071BD5238C01210E
:10B6A0002046DD0734D4FFF782FF00221C2120460C
:10B6B00005B0BDE8F040EEF789B82021204605B07E
:10B6C000BDE8F040FFF77DBF02F060F900250646B7
:10B6D000B54201D105B0F0BDA3681B6853F8250041
:10B6E000013500F01DFDF3E7C369180716D528469C
:10B6F000FFF7EDFA0378132B02D101212046D2E7A0
:10B70000112BFAD0142B01D0122B04D10121204689
:10B71000FFF757FFC9E70A2BDCD0C6E703F4016344
:10B72000B3F5016FD6D1204600F02BF90028D1D116
:10B730002046F0F761FE07462046F0F7C5FE0646B4
:10B740002846FFF7C4FA0378122B0CD1204601F0EB
:10B75000B5F80546204600F038FD031EB8BF033398
:10B7600005EBA3010DE0112B13D1204601F0A6F843
:10B770000546204600F029FD031E00DA0333A5EB41
:10B78000A301002209B2204605B0BDE8F040F0F761
:10B790009BBF132B1CD1204601F076F88107D5D032
:10B7A000002F01DC002ED1DD204601F081F8054696
:10B7B000204600F004FD031EB8BF033305EBA301D0
:10B7C000002209B2204605B0BDE8F040F0F766BFA0
:10B7D000142B7FF47FAF204601F056F88207C4D0C7
:10B7E000002F01DC002EC0DD204601F061F8054687
:10B7F000204600F0E4FC031EB8BF0333A5EBA30111
:10B80000DEE7C3695B0502D5012101F00CF9204692
:10B81000FFF7F4FEFFF7D0FB0646EEF72DFA10B95E
:10B820002846EEF763F8FFF7CEFB022808D004287D
:10B8300014BF022106212EB141F008012046EFE697
:10B840000621F8E72046FFF7B2FE082136E740213F
:10B85000F4E74021FFF7B5FE204601F00DF802287D
:10B860007FF438AF02AA6946204601F0F7F869462E
:10B87000204600F083FE02A9204600F07FFE29E763
:10B880000E211BE70922002101F047FD0A2205468F
:10B890000021204601F041FD80B208B9EDB215B19A
:10B8A000204600F03DFC2046002502F06FF80646D9
:10B8B000B5423FF40FAFA3681B6853F8250001356C
:10B8C00000F02EFCF4E70122002101F026FD042205
:10B8D00000210646204601F020FD092200210546F0
:10B8E000204601F01AFD0A2207460021204601F0F9
:10B8F00014FD80B250B9FFB247B936B242F2D173EB
:10B900009E4203D02DB29D427FF4E4AE204605B0A6
:10B91000BDE8F04000F004BC90F8223043F0020390
:10B9200080F82230F2E7002100F037FA014628467D
:10B9300005B0BDE8F040EEF70DB8284605B0BDE80B
:10B94000F040EFF707BD70B5056804462B6813B1EA
:10B950000360FFF7F8FF25606B6823B12146284696
:10B96000BDE87040184770BD10B504462068836874
:10B970000BB12146984723681B680BB12360F5E79C
:10B9800010BD006830B1037E13F00303F9D0013B12
:10B99000584258417047006830B1037E13F00C03E1
:10B9A000F9D0043B58425841704738B5044600F07E
:10B9B000B7FB0020F1F7E4F82046F2F7EFFB204652
:10B9C000FFF7C1FF0120F1F7DBF84FF6FF724FF4EC
:10B9D00070212046F1F7DAF8204600F065FCEEF71A
:10B9E0000FF8024638B12046FFF7D5FF18B12146BF
:10B9F0001046EEF733F8204601F0B6FF054668B171
:10BA000022462221EDF7E2FE224628462321EDF7C9
:10BA1000DDFE2046BDE8384000F0D1BD38BD6822CB
:10BA200008B501F07AFCC0B208BD38B504460D4631
:10BA3000202201F072FC29460246204601F00EFE4B
:10BA400038BD38B504460D46552201F066FC29463E
:10BA50000246204601F002FE38BDF8B50D46064606
:10BA6000144601F02EFF07467DB1022808D80023B6
:10BA7000E3706375237784F8243084F82E30F8BDA2
:10BA800029463046FFF7CBFFA0700B2229463046EF
:10BA900001F043FCE3782080FBB1212229463046A7
:10BAA00001F03BFCC0B20228E07016D929463046AE
:10BAB000FFF7BBFF262220712946304601F02DFCFE
:10BAC000002800F0D08043795A0700F0CC8003684A
:10BAD000C4F805308388A4F809303222294630465C
:10BAE00001F01BFC00B26083F0B1237FE3B131228F
:10BAF0002946304601F011FCC0B20228207713D944
:10BB000033222946304601F008FC637F3022294663
:10BB100060F345033046637701F0FFFB2946024698
:10BB2000304601F09BFD207635222946304601F053
:10BB3000F4FB00B22084E8B194F82430D3B137226A
:10BB40002946304601F0E9FBC0B2022884F82400FF
:10BB500010D938222946304601F0DFFB362229462B
:10BB60006084304601F0D9FB29460246304601F098
:10BB700075FDA077637D03B328222946304601F086
:10BB8000CCFBE060C8B129222946304601F0C5FB54
:10BB9000C0B20228607510D9E06802F0B7F8022838
:10BBA00040F0928057222946304601F0B6FB2946E4
:10BBB00020613046FFF745FF207594F82E309BB387
:10BBC00040222946304601F0A8FB00B2E08458B379
:10BBD00094F82E30022B27D945222946304601F011
:10BBE0009CFBC0B2022884F82E001DD941222946B0
:10BBF000304601F092FB422229462085304601F072
:10BC00008CFB432229466085304601F086FB4422A6
:10BC10002946A085304601F080FB29460246304681
:10BC200001F01CFD84F82500FC2F3FF628AFE378D7
:10BC300013FB07F31B12E370637D13FB07F31B1267
:10BC40006375237F13FB07F31B12237794F82430CB
:10BC500013FB07F31B1284F8243094F82E3013FBE7
:10BC600007F31B1209E723222946304601F055FB52
:10BC7000A37A60F30203A3725B071BD02946304608
:10BC8000FFF7D3FE222229466071304601F045FBC2
:10BC900029460246304601F0E1FC24222946E071A3
:10BCA000304601F03AFB2522A0712946304601F0CA
:10BCB00034FB207227222946304601F02EFBA37A5E
:10BCC00060F3C503A37208E72A222946304601F033
:10BCD00024FB29460246304601F0C0FC2B222946AF
:10BCE0002075304601F019FB2C22A07529463046FC
:10BCF00001F013FB003818BF0120E0755DE770B557
:10BD00001446562206460D4601F007FBC0B2022833
:10BD1000207607D92946304601F0D3FD022802D803
:10BD20000023237670BDFC289FBF237E13FB00F306
:10BD30001B122376237E022BF4D929463046FFF7C7
:10BD400080FE582229462073304601F0E6FA592237
:10BD500029466082304601F0E0FA5A2220822946C4
:10BD6000304601F0DAFA237F60F3020323773DB116
:10BD700029463046FFF753FE237F60F3C503237740
:10BD800057222946304601F0C8FA5B222060294636
:10BD9000304601F0C2FAA076C4E7F8B54022054665
:10BDA0000E4601F0BAFA07B27FBB002435223146B5
:10BDB000284601F0B2FA07B297B137223146284639
:10BDC00001F0ABFAC0B202280AD93822314628461F
:10BDD00001F0A3FA07FA80F0A042B8BF204604B2EF
:10BDE00031466922284601F098FA6A2207B23146A4
:10BDF000284601F092FA00B2B842B8BF384600288F
:10BE0000C4BF001904B22046F8BD45223146284679
:10BE100001F083FAC0B20228C7D94322314628462E
:10BE200007EBD77701F079FA441C412231462846C6
:10BE300004EB670401F071FA422207B2314628464A
:10BE4000A4B201F06AFA00B20028B8BF4042002F45
:10BE5000B8BF7F4280B2BFB2B8422CBF2418E419E9
:10BE600024B224EAE474A1E738B504460D4644221E
:10BE70000021043007F057FB256038BD806808B109
:10BE8000B0F91600704737B504460023FFF7F6FFF8
:10BE90000DF10602054613212046ADF80630EDF7F8
:10BEA00095FCBDF90630AB4202D0204600F087FB7E
:10BEB000A268BDF906304AB1D382BDF90630AB4263
:10BEC00002D0204600F07BFB03B030BD002BF4D045
:10BED0002046EFF7E3FCA368BDF80620DA82ECE722
:10BEE000806808B1807E800970471622002108B55D
:10BEF00001F013FAC0B208BD3222002108B501F0EA
:10BF00000CFA00B208BD1322002108B501F005FAB1
:10BF100000B208BD1222002108B501F0FEF900B2FE
:10BF200008BD1122002108B501F0F7F900B208BDE3
:10BF30001022002108B501F0F0F900B208BD2DE98A
:10BF4000F74304460F46914600216E2201F0E5F9C1
:10BF50006D220FFA80F806460021204601F0DDF937
:10BF600005B2B8F1000F02D1B5F5807F63D06F2222
:10BF70000021204601F0D1F97022ADF80400002123
:10BF8000204601F0CAF9BDF9042000B202F4C04312
:10BF9000ADF80600B3F5005F15D122F4C042B2F54A
:10BFA000FA6F10DC238BB2F57A7FA18A03F10103CB
:10BFB000C8BFC2F57A725B1A1BB25343642293FB6B
:10BFC000F2F3ADF8043000F4C043B3F5005F15D1CF
:10BFD00020F4C040B0F5FA6F10DC638BB0F57A7FC7
:10BFE000E28A03F10103C8BFC0F57A709B1A64228C
:10BFF0001BB2434393FBF2F3ADF80630BDF80420C7
:10C00000A38A1344BDF80620ADF80430E38A134434
:10C01000ADF80630B9F1000F07D04FF48033764207
:10C0200093FBF5F30FFA86F81DB201AB2A464146A1
:10C030003846F7F785FC03B0BDE8F08337B5002339
:10C040000C4601AA0721054601F0BEFA012804D1D9
:10C05000019BA34203D103B030BD0028FBD10022D5
:10C060002146284601F064FCF5E737B500230C466D
:10C0700001AA0821054601F0A7FA012804D1019B75
:10C08000A34203D103B030BD0028FBD100222146DA
:10C09000284601F052FCF5E738B504461546FFF78F
:10C0A000CDFF29462046BDE83840FFF7DEBF37B553
:10C0B00000230C4601AA0121054601F085FA01285A
:10C0C00004D1019BA34203D103B030BD0028FBD1B2
:10C0D00000222146284601F021FCF5E737B5002370
:10C0E0000C4601AA0421054601F06EFA012804D18C
:10C0F000019BA34203D103B030BD0028FBD1002235
:10C100002146284601F00FFCF5E738B504461546F0
:10C11000FFF7CDFF29462046BDE83840FFF7DEBFD8
:10C1200008B590F8222042F0010280F8222001F0A8
:10C1300013FC90F8222042F0040280F82220F0F74D
:10C14000BBFF406818B1BDE8084006F033BA08BD2F
:10C1500070B5044615461E46002201F0F3FB294641
:10C1600032462046BDE87040FFF796BFB0F9143064
:10C170000B80B0F916304B80B0F918308B80B0F9D5
:10C180001A30CB80704738B5044601F0EDFB054608
:10C1900090B1C38AE48AE41A00F090FBA4B204448C
:10C1A0002846FFF7C5FEA4B2241A2846FFF7A4FECE
:10C1B000A4B2201A00B238BDB4F91600FBE7038B15
:10C1C000828A0133981A00B27047438BC28A0133C6
:10C1D000981A00B2704770B50446FFF79BFE0646FA
:10C1E0002046FFF790FE05462046FFF785FE238B8D
:10C1F000A28A01339B1A9B1B5B1BA3EB400000B27E
:10C2000070BD70B50446FFF793FE06462046FFF763
:10C2100088FE05462046FFF76FFE638BE28A0133F6
:10C220009B1A9B1B5B1BA3EB400000B270BD38B593
:10C2300005460C46FFF760FE4242B5F91430204631
:10C2400012B22380B5F9163011466380B5F9183063
:10C25000A380B5F91A30E38005F05DFD2846FFF7AD
:10C2600059FE2388184420802846FFF74CFEA388F7
:10C270001B1A2846A380FFF75BFE63881844608082
:10C280002846FFF74EFEE3881B1AE38038BD4EF2C6
:10C29000010307B52C2101AA0193EDF797FABDF927
:10C2A000060003B05DF804FB38B504460122002106
:10C2B00001F033F8042205B20021204601F02DF8E8
:10C2C00042F2D17300B29D4201D0984204D120467F
:10C2D000FFF726FF012038BD0020FCE72DE9F74FCE
:10C2E0000E46174680460193002501F04FFB1FFACA
:10C2F00086FA81461FFA87FB4D4502D103B0BDE89F
:10C30000F08FD8F808301B6853F82540019B9BB983
:10C31000A38A3A46314620465344A382E38A5B44CB
:10C32000E382238B53442383638B5B446383002327
:10C33000FFF7D4FF0135DFE74FF480212046FFF7F8
:10C3400049F90028E4D0F5E72DE9F04104460D460F
:10C3500016461F4624B32046FFF7C2FD804697B11C
:10C360003EB1204601F000FB012329461A46FFF7A3
:10C37000EBFFB8F1020F13D1294620460122BDE898
:10C38000F041FFF7DCBD022804D13A462946204699
:10C39000FFF7D5FD26B1204601F0E6FA0446D9E7BD
:10C3A000BDE8F081F0B50C4685B0B1F90010054646
:10C3B000B4F902E01646ADF800101F46ADF80410BF
:10C3C000B4F90610B4F904C0ADF80610ADF80E10BB
:10C3D0006946ADF802E0ADF808C0ADF80AE0ADF886
:10C3E0000CC0FFF7B1FF3B46324601A92846FFF7D4
:10C3F000ABFF3B46324602A92846FFF7A5FF3B4666
:10C40000324603A92846FFF79FFFBDF90C30BDF95E
:10C4100008501A46BDF90400AB42BDF90010A8BF90
:10C420002A468242A8BF02468A42A8BF0A46AB42B9
:10C43000B8BF2B46BDF90A5022808342B8BF0346DD
:10C44000BDF906008B42B8BF0B46BDF90210A380B0
:10C45000BDF90E30AB421A46A8BF2A468242A8BF99
:10C4600002468A42A8BF0A46AB42B8BF2B4662804A
:10C4700005228342B8BF034620468B42B8BF0B4615
:10C480001146E38005F047FC05B0F0BDF7B50D4659
:10C4900001210446FFF79EF800284AD1204601F00A
:10C4A0005BFA0646F0F708FE0746ECF735FF8642D2
:10C4B00030D14FF400212046FFF792F8E0B9204632
:10C4C000FFF7DCFCB4F9162080B2B4F91830B4F9E7
:10C4D0001A60A18A121A0344091A3044ADF80220E6
:10C4E0006A46ADF800102946ADF806002846ADF8BA
:10C4F000043005F030FCE0B120460023012229463B
:10C50000FFF750FF204601F02FFA6E4604469CB913
:10C5100001200FE03846ECF719FF8642C9D03846B3
:10C52000ECF72EFF8642C4D03846ECF743FF864234
:10C53000BFD0002003B0F0BD01212046FFF74AF82C
:10C540000028F6D14FF400212046FFF749F80346B2
:10C5500078B90122D4E9050186E803003146204676
:10C56000FFF720FF32462946284605F0F4FB002855
:10C57000DFD0204601F0F8F90446C8E737B50C468D
:10C580000546F0F799FDEDF76DF8B0B123886946DF
:10C590002846ADF800306388ADF80230A388ADF8C6
:10C5A0000430E388ADF80630FFF770FF28B1284665
:10C5B000F0F782FD6946F1F7AFFA03B030BD37B549
:10C5C0000446FFF75BFC83B2B4F91610A08AB4F9F5
:10C5D0001820C91AB4F91A50C01A1A44ADF802103A
:10C5E0002B44ADF8000069462046ADF80420ADF8B4
:10C5F0000630FFF7C3FF03B030BD2DE9FF474668A3
:10C60000044616B330468DB297B2FFF783FC8246DC
:10C610003046FFF78DFC4FF4802181462046FEF71F
:10C62000D9FF002859D0B38A2B4403EB0A00F38AC0
:10C630003B4405B24B441FB23046FFF75DFC15FA90
:10C6400080F117FA80F209B212B2A38AC91AE38AFA
:10C65000D21A1FFA81F80DB21FFA82FA17B258EAFD
:10C660000A0337D02046FFF7AAFFA38AADF80030AF
:10C67000E38AADF80230238BADF80430638BADF85C
:10C6800006306EB102A93046FFF7D1FD002202A9A3
:10C69000684605F05FFC814620B9304600F06DFD2C
:10C6A0004FF00009A38A3A46294620464344A38214
:10C6B000E38A5344E382238B9844638B9A44A4F81F
:10C6C00018800023A4F81AA0FFF708FED6B9204668
:10C6D000FFF775FF04B0BDE8F087B6F91480304667
:10C6E00000F0E6F8D044A8EB000830464544B6F91F
:10C6F000168000F0E3F8C8442DB2A8EB00084744C8
:10C700003FB299E7224622213046EDF75FF82046F6
:10C71000FFF755FF002202A904F1140005F01AFCEE
:10C72000B9F1000F01D10028D4D0304600F025FD2A
:10C73000D0E770B5B0F914500D80B0F916204A80DA
:10C74000B0F918408C80B0F91A30CB80866876B189
:10C75000B68AAD1B0D808568AD8A2C448C808468B8
:10C76000A48A121B4A808268928A1344CB8070BDCF
:10C770007FB50E4602210546FEF72CFF18B90024AE
:10C78000204604B070BD80212846FEF731FF0446E4
:10C790000028F4D169462846FFF7CBFF22463146F0
:10C7A000684605F025FB04460028E8D04FF48031A8
:10C7B0002846FEF70FFF0028E2D0012302AA11212C
:10C7C000284602968DF80C30EDF700F89DF80C40E5
:10C7D000D6E730B50446084601F4C041B1F5005F24
:10C7E0000FD120F4C041B1F5FA6F0ADCB1F57A7FC0
:10C7F0004FF06400C8BFC1F57A71594391FBF0F165
:10C8000008B202F4C041B1F5005F0FD122F4C04577
:10C81000B5F5FA6F0ADCB5F57A7F2A46C8BFC5F5CB
:10C820007A725343642293FBF2F31AB2A242A8BF76
:10C8300022469042B8BF104630BD162208B500F01F
:10C840006CFDC0B208BD00220A210068ECF7BEBF33
:10C8500038B504460D46EFF721F8A268137E03F0C1
:10C860000301A94207D065F3010320461376BDE812
:10C870003840FFF7A4BE38BD83681BB1187E00F0B6
:10C88000030070470320704783681BB1587E00F097
:10C890000F0070470F207047806810B1007EC0F312
:10C8A00081007047806810B1007EC0F301107047AE
:10C8B000806810B1008A404200B27047806810B1B1
:10C8C000408A404200B27047FFF7F8BF51EA0203C6
:10C8D00070B504460D46164619D0EEF7DFFFA26884
:10C8E00029462046138A2B441382A268538A334474
:10C8F000538201233246FFF7F1FC00220B21204630
:10C90000ECF764FF012803D12046FFF758FE012011
:10C9100070BD08B50346FFF7D1FF42180021184645
:10C9200012B2BDE80840FFF7D1BF08B50346FFF7D4
:10C93000BFFF01440022184609B2BDE80840FFF7D6
:10C94000C5BF2DE9F047994651EA020307460C4658
:10C95000154658D0EFF7E4FC3846FFF7A9FF002151
:10C960001FFA80F83846FFF768FF0128A4EB080497
:10C9700024B233D0002C42DA3846EFF73DFD0646AC
:10C980003846EFF7A1FD321812B222EAE2725242A3
:10C99000944200DA14B23846FFF790FF86B2AD1B1E
:10C9A0002DB2002D2DDA3846EFF7D4FC33181BB228
:10C9B00023EAE3735B429D4200DA1DB208EB0401F7
:10C9C000721989B292B251EA02031CD04B46384622
:10C9D00012B209B2BDE8F047EFF7D2BD002C0EDD70
:10C9E0003846EFF709FD06463846EFF76DFD064479
:10C9F00036B226EAE676B442A8BF3446CBE7002436
:10CA0000C9E70025DAE7BDE8F08770B505461646A8
:10CA10001C461A46EFF742FE314622462846BDE83C
:10CA20007040EFF751BE73B504460E46EFF778FC41
:10CA300000232046019300F097FF21460546143459
:10CA40000DB902B070BD334601AA2046EFF752FE81
:10CA5000284600F089FF29460546F1E72DE9F04F09
:10CA60004FF0FF3693B00D4617460022044633467A
:10CA700028461146009605F02FF900223346384625
:10CA80001146009605F028F910212046FEF7A2FD78
:10CA90008146C0B32046FFF7EFFE834698B30020DF
:10CAA000F6F766FDBBF1020F824629D02046FFF75C
:10CAB00005FF80462046EFF74DFC08902046EFF733
:10CAC0009BFC04902046EFF7FFFC03902046FFF705
:10CAD000DBFE10F00C0F00F003061FD19EB1BBF17E
:10CAE000010F40F015814E464FF0000932E05046EC
:10CAF000FEF79FFA8442D9D05046F6F739FD8246B8
:10CB0000BAF1000FF3D113B0BDE8F08F002EFAD0C8
:10CB10005046FEF780FA0328F5D1E4E7BBF1010F98
:10CB2000F6B200F0E880BBF1030F40F0D080B8F11E
:10CB3000000F0BDC089B002B08DC002EE3D0049BCD
:10CB4000002BD0DC039B002BCDDCDCE7002E40F07B
:10CB5000D68000264FF480312046FFF76EFE10226B
:10CB60004FF480310590204600F0D7FB11224FF49E
:10CB700080310E90204600F0D0FB12224FF480311D
:10CB80000D90204600F0C9FB13224FF480310C9029
:10CB9000204600F0C2FB01224FF480310B9020466A
:10CBA00000F0BBFB0A902046BDF928B0FFF70DFB53
:10CBB00082462046FFF703FBB9F1000F06904FF0C5
:10CBC000210214BF5B460023002E4FF48031204623
:10CBD000079308BF4FF0000B00F09FFBC0B2012885
:10CBE00040F2A180B9F1000F40F0A880002E8AD059
:10CBF000BDF818300893DDE903371F44069BBFB228
:10CC000017FA83F212B2002A3FF47DAF638B002043
:10CC10000D99BDF930905B1A0A99BDF92CB09BB201
:10CC2000C1F10101EB800B4407996B80B4F914301A
:10CC30002B80B4F91830AB80069BA3EB0903A3EB60
:10CC40000B035B1A06994B4393FBF2F31EB2F6F704
:10CC50002BFC00EB80004000EF2840F3988100207F
:10CC6000F6F722FC50220A2100FB0120A02290FBB3
:10CC7000F2F0864213DC0020F6F716FC00EB800091
:10CC80004000EF2840F385810020F6F70DFC0A22D2
:10CC9000502300FB0233A02293FBF2F31EB23AB200
:10CCA000BDF83010BDF82C80002ABDF81CA0A08A69
:10CCB00000F37A81059B012B40F06D81013901441D
:10CCC00051442980238BA3EB0803AB801BE7BBF106
:10CCD000020F7FF418AF5046FEF79DF90C287FF441
:10CCE00015AF002E3FF435AF5046FEF794F9C31E42
:10CCF0005E425E412EE7003E18BF01262AE7049BF4
:10CD0000002B0EDC039B002BD4BF0026012621E75D
:10CD1000BBF1030F3FF413AFBBF1020F7FF4F3AE8F
:10CD2000F6E64E4616E731224FF48031204600F0F9
:10CD3000F4FAC0B201283FF655AFE4E61FFA8AF3D1
:10CD40001193089B98441FFA88F818FA8AF212B2D5
:10CD5000002A3FF44BAFB4F91630BDF828107B80A1
:10CD6000B4F91A30FB80059B012B5BD1A38A0139F2
:10CD70000C9803449BB23B800B44BB80BDF9383018
:10CD800000200F93BDF9343010930F9B1099AAEB3C
:10CD900003035B1AA3EB0B030AFB03F393FBF2F30E
:10CDA0000FFA83F9F6F780FB00EB80004000EF28D4
:10CDB00042DD0020F6F778FB50220A2100FB01201B
:10CDC000A02290FBF2F0814513DC0020F6F76CFB0B
:10CDD00000EB80004000EF2830DD0020F6F764FB18
:10CDE0000A22502300FB0233A02293FBF2F30FFA36
:10CDF00083F9BDF834301FFA8BFAE28A09930E9B4F
:10CE0000BDF8381012FA83F00FFA88F2002A80B2C7
:10CE100017DC099A7880638B9B1A013BA3EB0A030A
:10CE2000FB80E3E6238BC1F101010B981B1A9BB237
:10CE3000BB800B443B80A1E70120C4E74FF0010910
:10CE4000D7E7099A1FFA89FE119B8A18DDF83C90F2
:10CE50009A1A089BA2EB0A02A2EB0E021FFA82FCAE
:10CE600010FA82F21CFB03F00EF1FF3390FBF8F096
:10CE7000121A10B213FA82F27880FA80B4F91630DE
:10CE80009944484534DA01EB030800200FFA88F88A
:10CE9000A7F80280F6F708FB00EB80004000EF28BF
:10CEA0006DDD0020F6F700FB50230A2200FB023064
:10CEB000A02390FBF3F08044B7F90630984517DDC6
:10CEC0000020B7F80280F6F7EFFA00EB8000400090
:10CED000EF2856DD0020F6F7E7FA50230A2200FB80
:10CEE0000230A02390FBF3F080B28044A7F80680C4
:10CEF000B4F91A801099A8EB0B03B7F906205B1A56
:10CF00009A427FF773AE099B0020A8EB0308A8EBB9
:10CF10000A080FFA88F8A7F80680F6F7C5FA00EBBA
:10CF200080004000EF282EDD0020F6F7BDFA5023E8
:10CF30000A2200FB0230A02390FBF3F0A8EB0008CC
:10CF4000B7F902309845BFF651AE0020B7F8068019
:10CF5000F6F7AAFA00EB80004000EF2815DD00206C
:10CF6000F6F7A2FA50230A2200FB0230A02390FB1E
:10CF7000F3F080B2A8EB0008A7F8028036E60120A3
:10CF800099E70120B1E70120D8E70120F2E701206D
:10CF90006FE6012683E608442880238BA3EB080371
:10CFA000013BA3EB0A0390E6B3B201EB0802089E33
:10CFB0000844B21A039E80B2A2EB0A02D21A013BC5
:10CFC00092B29BB212FB06F696FBF7F6921B059EF9
:10CFD000012E92B27ED15044104402B213FA80F076
:10CFE000079B2A80A880B4F91460B14499444A454B
:10CFF00030DA0E440020564436B22E80F6F754FA4A
:10D0000000EB80004000EF2860DD0020F6F74CFACE
:10D0100050230A2200FB0230A02390FBF3F00644C9
:10D02000B5F904309E4215DD00202E88F6F73CFA53
:10D0300000EB80004000EF284ADD0020F6F734FACC
:10D0400050230A2200FB0230A02390FBF3F080B2B1
:10D050000644AE80B4F91840B5F90430A4EB0B0BCC
:10D060005B457FF750ADA4EB080424B20020AC80F0
:10D07000F6F71AFA00EB80004000EF2879DD002077
:10D08000F6F712FA50230A2200FB0230A02390FB8D
:10D09000F3F0241AB5F900309C42BFF634AD0020FD
:10D0A000AC88F6F701FA00EB80004000EF2862DD63
:10D0B0000020F6F7F9F950230A2200FB0230A023E2
:10D0C00090FBF3F080B2241A2C801CE50598A6E7AB
:10D0D0000120BDE7024410B213FA82F22880AA8030
:10D0E000B4F91430994448452FDA194400200EB29F
:10D0F0002E80F6F7D9F900EB80004000EF2834DDF0
:10D100000020F6F7D1F950230A2200FB0230A023B9
:10D1100090FBF3F03118B5F90430994215DD002089
:10D120002E88F6F7C1F900EB80004000EF281EDDE5
:10D130000020F6F7B9F950230A2200FB0230A023A1
:10D1400090FBF3F080B20644AE80B4F91840079B20
:10D15000B5F90420E31AA3EB0B039A427FF7D3AC93
:10D16000A4EB0804A4EB0A047FE70120D2E7012026
:10D17000E9E701208DE70120A5E71FB502AA69466E
:10D180000446FFF76BFC684604F0B7FD18B902A827
:10D1900004F0B3FD78B1684604F0AFFD18B16946FC
:10D1A0002046FFF7EBF902A804F0A7FD18B102A989
:10D1B0002046FFF7E3F904B010BD2DE9F041044625
:10D1C0000E46FFF76FFB0546A0B92046FFF776FB3A
:10D1D00007462046EFF7BEF8021E0BDA002F09DDE6
:10D1E0005242334629462046BA42A8BF3A4612B2B6
:10D1F000EFF7C6F92046FFF74FFB804628BB2046D5
:10D20000EFF7FAF807462046EFF75EF94146054684
:10D210002046FFF712FB01280FD0002D15DA002F52
:10D2200013DD6D4233464246BD42A8BF3D4629B29A
:10D230002046BDE8F041EFF7A3B9002F05DA002D35
:10D2400003DD334642463946F2E7BDE8F081F8B5E2
:10D250000746002400F09AFB0646B44200D1F8BD10
:10D26000BB681B6853F8245001342846FFF7A7F920
:10D2700000222A212846ECF7A9FA2846FFF79FF951
:10D280002846FFF7E4FFE8E770B5438C04460D46F7
:10D29000C068C3F305130022934203D80ED000EBFD
:10D2A000C20070BD00EBC201CE79B60704D5496853
:10D2B000C1F31701A942F2D00132EDE70133628CCC
:10D2C00003F03F0363F30912D9006284F6F71AFEF4
:10D2D000628CE060C2F30512013AE36816D11A606D
:10D2E00008205A60E668F6F7FBFD3060E3681868CE
:10D2F00005F0FEF8E268D37943F00203D371E368E6
:10D300005A6865F317025A60E068CAE703EBC20384
:10D3100013E9030083E80300DEE72DE9F04F04463C
:10D3200085B010460F461546F7F7AEF800F0010A33
:10D33000002C54D1002F40F08F80012D02D0042DFD
:10D3400040F08A802368002B7CD1184674E0E268A4
:10D35000F10002EBC603D879800758D5B9F1000F68
:10D3600001D001364EE05B6803F47F03BB42F8D185
:10D370005058837918EA030FF3D003AA294605F021
:10D38000BBF8012801D1039856E00228E9D1BAF18F
:10D39000000FCFD0204600F0E7FA0446C8E7E26865
:10D3A00052F8360002EBC601827918EA020F06D065
:10D3B0004A68C2F3170102F47F02BA422AD09946A2
:10D3C00001364B46628CC2F305129642E7D3013315
:10D3D000D9D1BAF1000FADD0002FDBD000272846FD
:10D3E000002605F0DAF80123B4F820B003FA00F8BB
:10D3F00094F822906FEA0B035FFA88F8C9F3C0092A
:10D400009BB20093638CC3F305139E429FD34FF0EE
:10D41000FF33D7E7009A1FFA81F91142CFD199451E
:10D42000CDDD03AA2946019305F066F80128019B8A
:10D4300005D1CB450398C3D105B0BDE8F08F0228D4
:10D44000BDD1A4E7012D0CBFB3F91400B3F9160048
:10D450000028F1D11B6876E72846F6F735FFEBE7A1
:10D4600070B50468A568A28805F47F052068294680
:10D47000FFF753FFA688002329463246E060A380C9
:10D4800023462068EFF7AEFAA1682068A680FFF770
:10D49000FBFEE268A1880068BDE87040F6F7EEBFC9
:10D4A0002DE9F84F04461FFA82F902F47F058846F9
:10D4B000D1B1CE79003E18BF01267642B6B2002225
:10D4C0004FF6FF7A1746638CC3F30513BB420ED8A1
:10D4D000002A64D0002E62D0294620464FF6FF7203
:10D4E000BDE8F84FEFF752BB4FF6FF76E7E7E0688D
:10D4F000D1454FEAC70B00EBC7014B68C3F31703D5
:10D5000003D01FFA83FCCC450DD1B5F5702F03D0A5
:10D5100003F47F03AB4206D1B8F1000F05D050F8F9
:10D520000B30434501D00137CDE7CB79990706D5BC
:10D5300000234FF6FF7229462046EFF753FAE368BF
:10D5400003EB0B02D27992070CD053F80B00F6F7DD
:10D55000BBFDE36853F80B00F6F7CAFCE368002252
:10D5600043F80B203A4606E0013200EBC20393E891
:10D57000030003E90300638CE068C3F3051101F1C4
:10D58000FF3C9445F0D83F3101F03F0161F30913AE
:10D59000C9006384F6F7B6FC0122E06093E7BDE8BA
:10D5A000F88FF8B50D4617461C4619460646EFF7A4
:10D5B0006BFA3A462946F6F761FF2A46214630467D
:10D5C000BDE8F840EFF7E2BAF0B5458C0024C5F3AA
:10D5D0000515A54201D80020F0BDC7684FEAC40C6C
:10D5E00007EBC40696F807E01EF0010F0AD0766834
:10D5F000C6F317069E4205D157F80C00BDE8F0406F
:10D6000004F07ABF0134E4E7F8B50F46418C0446D4
:10D610001646C1F305110023994203D80DD1002508
:10D620002846F8BDE26802EBC302D079C00713D5E3
:10D630005268C2F31702B2420ED1E268394652F87C
:10D640003300F6F7D3FD05460028E8D03A463146C8
:10D650002046EFF79BFAE3E70133DDE7F8B50F4625
:10D6600015460646A0B16222FFF757FE044678B180
:10D6700003686BB1632239463046FFF74EFE10F067
:10D68000FF0205D0294623682046984760F3070526
:10D690002846F8BD2DE9F743002507466FEA010843
:10D6A0006FEA02092E467B8CC3F30513AB4240F2AE
:10D6B0009680FB68E90003EBC502D079840700F18E
:10D6C0008B80928818EA020F0CBF0120002019EA13
:10D6D000020F0CBF0122002290427DD05C5801AAAB
:10D6E0001021204604F008FF002877D101AA11215B
:10D6F000204604F001FF002870D101AA1221204623
:10D7000004F0FAFE002869D101AA1321204604F092
:10D71000F3FE002862D101AA1521204604F0ECFE98
:10D7200000285BD101AA1421204604F0E5FE002860
:10D7300054D101AA0A21204604F0DEFE00284DD172
:10D7400001AA6B21204604F0D7FE002846D101AA89
:10D750006C21204604F0D0FE00283FD101AA01210F
:10D76000204604F0C9FE002838D101AA0421204631
:10D7700004F0C2FE90BB01AA0221204604F0BCFEC8
:10D7800060BB01AA0321204604F0B6FE30BB01AA0B
:10D790000521204604F0B0FE00BB01AA0621204668
:10D7A00004F0AAFED0B901AA3221204604F0A4FE5A
:10D7B000A0B901AA6E21204604F09EFE70B901AA0C
:10D7C0006D21204604F098FE40B901AA6921204647
:10D7D00004F092FE38B10226013564E70326304694
:10D7E00003B0BDE8F08301AA6A21204604F084FE5C
:10D7F0000028F0D101AA6E21204604F07DFE002809
:10D80000E9D101AA6D21204604F076FE0028E2D17C
:10D8100001AA3721204604F06FFE0028DBD101AABF
:10D820003821204604F068FE0028D4D101AA352111
:10D83000204604F061FE0028CDD101AA40212046F7
:10D8400004F05AFE0028C6D101AA4521204604F062
:10D8500053FE0028BFD101AA4121204604F04CFE0E
:10D860000028B8D101AA4221204604F045FE002834
:10D87000B1D101AA4321204604F03EFE0028AAD1DE
:10D8800001AA4921204604F037FE0028A3D1012E29
:10D8900038BF0126A0E780B2704700F47F007047D0
:10D8A00070B55B2205460E46FFF737FDC4B216225F
:10D8B00031462846FFF731FD012C204638BF0120B4
:10D8C00070BD70B5602205460E46FFF726FDC4B256
:10D8D000022C02D80024204670BDFC2C96BFC4EB5D
:10D8E0000424FF24C4F307241EB9284600F03CF8A2
:10D8F00005462DB9022CEDD9FD2C28BFFF24EAE7FF
:10D90000602200212846FFF708FDC0B20228E1D9B5
:10D91000FC289CBF4443C4F30724E6E713460A46A9
:10D920000121FFF73EBE13460A460421FFF739BE28
:10D9300013460A460721FFF734BE13460A4608215C
:10D94000FFF72FBE13460A460921FFF72ABE1346EA
:10D950000A466021FFF725BE034620B118465B68E2
:10D96000002BFBD17047704700B14068704780685A
:10D9700058B10029436801DAC91805D4994203D285
:10D98000036853F82100704700207047806800B199
:10D990004068704770B50446A0B14568A5B12846F7
:10D9A0000022FFF7F3FF0646964203D14FF0FF3205
:10D9B000104670BD11462846FFF7D9FF8442F7D0C4
:10D9C0000132F1E70246F3E72A46F1E7F8B5002213
:10D9D00021210546EBF7FAFE002879D095F823308F
:10D9E00043F0100385F8233000212846FFF7BFFFDE
:10D9F000064628BB2846FDF701FE07463046F5F7E8
:10DA0000B7FD044600BB2846FDF7AEFF6B6828460D
:10DA1000002B42D1EFF750FB0646436AC2689C4296
:10DA20002DD1716AF06801398C422ED37162890060
:10DA3000F6F768FAF0602846BDE8F840F6F758BAFD
:10DA40003046FFF7C3FFCFE7A36A9D4202D0E36AE7
:10DA50009D4203D129462046ECF714F9636B9D42A1
:10DA6000636D08BF66639F4207D1ECF75BF985429F
:10DA700003D129462046ECF705F92046BFE752F8C6
:10DA800024108D42CDD00134C9E7013450F8243040
:10DA900000EB840040F8043CC3E7FFF77BFF6B68B2
:10DAA0009A685368013B984209D353606B689C683D
:10DAB000616820688900F6F725FA2060BBE71368E3
:10DAC000013053F8202003EB800343F8042CE6E7F1
:10DAD000F8BD73B505890C884E882C444369ADF8B0
:10DAE000004044892644ADF802608E88C9883544D8
:10DAF0000C446946ADF80450ADF80640984702B0B2
:10DB000070BD73B500220C461431064604F022FAAB
:10DB100010B9002002B070BD01212046FDF75AFD6A
:10DB20000028F6D12046FEF7DBF90028F1D18DF868
:10DB300000006A46122120460196EBF747FE9DF849
:10DB40000030022BE5D02046FFF720FF451E002DB8
:10DB500005DA9DF80030002BDBD12046DAE7A36818
:10DB600030461B6853F82510FFF7CBFF0028D1D1B2
:10DB7000013DECE770472DE9F0430C4687B086681D
:10DB8000054602A92046FEF7F1FA2046FEF776F98F
:10DB90000246014602A804F0BEF802AA31466846D1
:10DBA00004F0D9F888B32A4614212046C5F808D0D5
:10DBB000EBF70CFE01272A4615212046EBF706FE5F
:10DBC0002A4616212046EBF701FE4FF4002120469D
:10DBD0000DF11008FDF7FEFC00B343463068716894
:10DBE00003C3C5F808802046FFF7D0FE4FF00008B9
:10DBF0008146C8451AD0A36828461B6853F82810E8
:10DC000008F10108EFF7C4FAF3E74FF400212046CA
:10DC1000FDF7E0FC07460028C5D1D6E704F1140261
:10DC20003146404604F097F80028DAD187B12A46F9
:10DC300017212046C5F808D0EBF7C8FD2A46182161
:10DC40002046EBF7C3FD2A4619212046EBF7BEFD1F
:10DC5000AE6007B0BDE8F08370B5044640680D467D
:10DC600008B1FFF7F9FF236823B129462046BDE834
:10DC70007040184770BD08B528B1EFF71DFABDE830
:10DC80000840FCF7E9BFF5F7E9FBF8E77047436B9D
:10DC900003B11847704770B596B00D460446164656
:10DCA0000AA8F1F7C1FA01232A460AA920468DF8ED
:10DCB0002C3000F0ACFD02A8F0F7D0FB00232A4680
:10DCC00002A9009320463346F0F7E0FB16B070BD82
:10DCD00010B514220021044605F025FCFF23A37291
:10DCE0004FF48073638010BD032803D0831F584214
:10DCF00058417047012070470E289DBF47F6A47316
:10DD000023FA00F000F001000020704738B10078DD
:10DD1000A0F120035F2B04D9C00940007047032005
:10DD200070470120704730B484699DF808501CB1D9
:10DD3000A446029530BC604730BC7047034630387B
:10DD4000C0B209280BD9602B84BF203BDBB2A3F102
:10DD50004102052A02D8373BD8B2704700207047ED
:10DD600010B4046AA44610BC6047036C03B11847A2
:10DD70007047436C03B11847704738B50C460546E9
:10DD8000FFF785FF236A2B60E3696B60A369AB60D3
:10DD9000EFF742FF036894F824101A7C61F38612AF
:10DDA0001A74AB6C13B12146284698472046BDE84B
:10DDB0003840F6F79DB800230360038143600123D8
:10DDC0004380FF230372704770B4B1F9026036B12B
:10DDD0000C7A022C03D9446AA44670BC604770BC1C
:10DDE00070470A46002105F09EBBFC290AD802298B
:10DDF00007D910FB01F048F281035843C0F3C75024
:10DE00007047002070472DE9F047089E1C460546E4
:10DE1000B38A96F828E0D21A738A0FFA82FCCA1ADB
:10DE20000EF0010117B2326A002A41D1337C03F0AF
:10DE30000200A9B1A8B103F00303022B06D1BCF183
:10DE4000FF3FACBF00200120BDE8F087032B01D0CD
:10DE50000020F9E7BCF1000FD4BF00200120F3E758
:10DE600008B10120F0E703F00303012B08D1002FD4
:10DE7000F7DCE742ECD47A429442E9DD1146FFE058
:10DE800039195BB90029ECDB002FE1DC7842A042B4
:10DE900002DA2844FFF7A5FF0220D5E70029D7DBE7
:10DEA000002F01DD002CE8E77A42A242D0DAE5E754
:10DEB0000EF00200002900F0A280F369C0B207FB57
:10DEC00003F2002B4FEAA22205DD62450EDD003889
:10DED00018BF0120B8E76245F9DBE2195343BCEBF8
:10DEE000A32F08DBB3690CFB03330BE0E2195343A8
:10DEF000BCEBA32F03DDB0FA80F04009A4E7B369BF
:10DF000003FB0CF343F3950313F0FF01C7EB23224C
:10DF100068D0C1F1FF01736A002A01FB03F34FEAE5
:10DF20002323C3F1FF070BDB944209DD5943C1F3FF
:10DF3000472108B9C943C9B2A85CFFF756FFA854E6
:10DF400002F10108716A8F4228DCA04541DAB8F17C
:10DF5000000F3EDBB169F369794315F80800002B27
:10DF600096F828304FEAA12107FB01F1C1F34721C0
:10DF7000BCBFC943C9B29F0744BFC943C9B2FFF779
:10DF800034FF05F8080096F8283098072DD59442FC
:10DF9000FFF65EAF002AFFF67FAF6FE7B8F1000F24
:10DFA00010DBA0450EDA96F82830A7EB610115F8D2
:10DFB0000800C9B29B0744BFC943C9B2FFF715FFA8
:10DFC00005F8080008F10108736AA045A7EB0307EC
:10DFD000B8DB96F828309907D9D418F101083FF535
:10DFE00037AF04E09046FF27ACE708F1010844454D
:10DFF000FFF652AFA4EB080105EB08004AE7B16950
:10E00000C0B20CFB01FC00294FEAAC23CCBF5A1C68
:10E010001A46BA42FFF65BAFE21993423FF76BAF85
:10E020004CF38D2ACCF387038C44AAEB07024CF304
:10E030008D284FEA0C29C24506D0002980F296802F
:10E04000002B3CD1013AFF23002A22DB94422ADD37
:10E05000C9F387211944C1F3470108B1C943C9B2C3
:10E06000A85CFFF7C2FEA85496F828309B0709D594
:10E07000A8EB07018C427FF7EBAE0029FFF60CAF4F
:10E08000284607E70132A242A8BF2246A11AA818D3
:10E0900000E70028ECD10132A242A8BF2246002AA4
:10E0A0003FF4D6AEF8E60028E2D10132A242A8BF82
:10E0B0002246002A3FF4CCAE7FF7EEAEE6E7002A18
:10E0C000F16948DBC1F10008944203FB08F84FEA0C
:10E0D000A8280ADD08FB03F1C1F3472108B1C943B1
:10E0E000C9B2A85CFFF781FEA85496F82830571EE5
:10E0F000B16903F0020332B3BC4220DDC8F1FF086E
:10E10000494208FB01F1891208FB01F1C1F34721E3
:10E110000BB9C943C9B2E85DFFF767FEE85596F849
:10E1200028309E0707D5BC42FFF6B6AE002F3FF45D
:10E13000B3AE3946A4E701329442A7DA91E6002B48
:10E140003FF48FAEEFE7002B7FF4A6AE002C7FF7F5
:10E1500088AE01229AE700287FF49EAE01329442F5
:10E16000FFF67FAE002A7FF497AE8FE7C3F1FF037F
:10E17000F769002A03FB07F74FEAA72C02F1010712
:10E18000CCF1FF082CDB94420BDD0CFB03F3C3F353
:10E19000472108B9C943C9B2A85CFFF726FEA854B5
:10E1A000B16908FB01F1891296F82830BC4203F0EE
:10E1B000020323DD08FB01F1C1F347210BB1C94381
:10E1C000C9B2E85DFFF711FEE85596F828309B07C5
:10E1D0003FF5DDAE0232A242A8BF2246002A6BE71D
:10E1E000501C04D108FB01F100278912DCE71EF066
:10E1F000020F06D09442BFF64FAE29E6002B7FF403
:10E20000C6AE0232A242A8BF2246002A3FF420AE88
:10E21000E4E72DE9F74F0C9E80468B461746B6F98A
:10E220000C509946B6F90AE0B6F908C0B32DA2EB36
:10E230000E0AB6F90E40A1EB0C0C00F39480B32C3F
:10E2400000F3F1803DB9964500F36281002C00F0A7
:10E25000858001244AE1002C00F01781A5421BDCD7
:10E26000964500F38A8006F110033A465946404627
:10E2700000934B46FFF7C7FDB6F90E200446B6F9EA
:10E280000A30B42A40F01181BB4240F31281002CC5
:10E2900040F00581002402E0964504DD012420467B
:10E2A00003B0BDE8F08FADB2736DB26AA4B2681E60
:10E2B00003FB0AF30AFB0222611E59284FEAA3233B
:10E2C0004FEAA22289B20BD8002A0EDA59294FF060
:10E2D00000020ED95B3CB22C98BF02EAE27208E061
:10E2E0005B3DB22D98BF02EAE2725929F2D822EAC8
:10E2F000E2729B1A02EB6305A5EB0C054D45A8BF26
:10E300004D46002D2CDD06F110033A465946404695
:10E3100000932BB2FFF777FD824618B92946404695
:10E32000FFF75FFD4D4506F13C06A8BF4D4625EAC7
:10E33000E575A9B2A844A9EB010359441BB23A46BA
:10E3400009B240460096FFF75EFD044620B9A9EBEE
:10E3500005014046FFF745FDA245A0D002249EE7F7
:10E360004FF0010ADEE7B42D6FD0B42C40F390805B
:10E37000A54204DC96453FF776AF03247CE0964542
:10E380008CDBADB26FF48770726DA4B2B36A6FF4B8
:10E390008771281802FB0AF20AFB03336118582818
:10E3A0004FEAA2224FEAA32389B20AD8002BB8BFB2
:10E3B000002358290ED95B3CB22C98BF03EAE373C3
:10E3C00008E05B3DB22D98BF03EAE3735829F2D809
:10E3D00023EAE373D21A03EB6205A5EB0C054D4566
:10E3E000A8BF4D46002D1BDD06F13C033A465946B9
:10E3F000404600932BB2FFF706FD824618B9294626
:10E400004046FFF7EEFC4D4506F11006A8BF4D460D
:10E4100025EAE575A9B2A844A9EB010359448DE7A3
:10E420004FF0010AEFE765BB964521DDB42C39D0EA
:10E4300003243C364B463A46594640460096FFF781
:10E44000E2FC002C3FF426AF58E096450CDDB42CDE
:10E4500084D0002C3FF422AFB32C0CDD3C360124D9
:10E460000096FFF7D0FC49E0B42C36D101201AE029
:10E47000B42C3FF413AF0124E01E18BF0120440068
:10E480000DE796457FF7EFAED0E79645EEDCEAE67E
:10E4900096453FF7E8AEB42CE8D01CBB02E0032C55
:10E4A0007FF45CAF03200338E7E75AB99F42BFF619
:10E4B000EEAE002C3FF4EEAE032CD7D0012C3FF48F
:10E4C000EDAE4BE7B32A05DC9F42B2DA002C3FF4F5
:10E4D000E1AED1E79F42ACDBF8E7002CE2D0B32CF1
:10E4E0003FF74BAFBE454FF00304C5DC3C364B460F
:10E4F0003A46594640460096FFF785FC00283FF40F
:10E50000C9AE032CCFD0012C7FF428AF0128D6E769
:10E51000002CABD031E72DE9F74F0C9F05461E4686
:10E520008946B87CB7F9108010F00100B7F908C02F
:10E53000B7F90A30B7F90C40B7F90EE02ED19A427C
:10E5400003DA002003B0BDE8F08F7245F9DC0CEB74
:10E550000801894505DBA4EB080106EB090A5145D2
:10E5600008DA03EB08018A424ADBAEEB08018A4273
:10E5700046DC18BBACEB09084645E2DBA4EB09041A
:10E58000B8F1000F04F1010728DA002CD9DBBE42F4
:10E5900031DDF11BE819FFF724FC2CE09A4201DA87
:10E5A0000120CFE77245FBDC08EB0C014945D8DCC4
:10E5B00006EB0901A4EB080A5145D2DCACEB0900DB
:10E5C00020EAE070864216DBA4EB0901091A01314A
:10E5D00043189E4211DA311A2844DCE741462846A6
:10E5E000FFF7FFFB002FACDDBE42D2DCB8F1000F1D
:10E5F00001D1BE42D4D00220A4E70029FBDBEBE727
:10E600009BB2ACEB09011FFA82F901341FFA88F2C0
:10E61000A9EB030AA4EB0C0402F1FF3C1FFA8AFBEE
:10E620000FFA8AFA1FFA8CFCD045D7F81480A4B2EE
:10E63000CBBFA3EB0903E34403F1FF335B44CCBF3F
:10E640009B18A3EB0E03A21A0FFA83FED8F80C3026
:10E6500012FA81F20EF1010733F81E9033F81770A9
:10E66000D8F80830A7EB090733F81EE0D8F80430D3
:10E670003FB272444B4494B212B201941CFA81F43A
:10E68000A4EB0E0424B2D0B107F1FF3B9246A046A2
:10E690009B44A4EB080109B2B9424DDB0134B442FA
:10E6A000A8BF3446964224EAE47468DDA2426BDBDC
:10E6B000019BA3EB04080FFA88F128196BE7914638
:10E6C00003EB070AA046A4EB08031BB2BB4214DB12
:10E6D000002FA8BFD219E41BB242A8BF324622EADB
:10E6E000E272B11AA818FFF77CFB611C2846B14200
:10E6F000A8BF314621EAE1714DE7B9F1000F1AF8E0
:10E7000001BD08DBB14506DA15F809105846FFF7D8
:10E710006CFB05F80900B8F1000F08DBB04506DA1C
:10E7200015F808105846FFF760FB05F8080008F1D7
:10E73000FF3809F10109C6E71BF80199BAF1000F8A
:10E740006FEA09095FFA89F908DBB24506DA15F8BC
:10E750000A104846FFF749FB05F80A00B8F1000F18
:10E7600008DBB04506DA15F808104846FFF73DFB10
:10E7700005F8080008F1FF380AF1010A89E7A64206
:10E7800002DB311B09B298E7002196E710B5037947
:10E790000446022B10D143696BB11A69002A07DACB
:10E7A0005868F5F7A5FB6069BDE81040F5F7A0BB18
:10E7B0005A69013A5A6110BD052BFCD18068F3E714
:10E7C000B42B2DE9F3411C46C8BFA3F1B40406469F
:10E7D0009046C8BF24B20F4604F15A0000B2F5F7C4
:10E7E00053FB05462046F5F74FFB9DF8202008EB2C
:10E7F0006014394607EB6513019224B242461BB2FE
:10E8000030460094F0F700FA02B0BDE8F081D388FA
:10E8100070B4013356889B1B1BB2002B09DD938813
:10E82000148801331B1B1BB2002B02DD036970BC73
:10E83000184770BC70472DE9FF41DDF82C80054674
:10E840001446BDF828701E4663B9B7F5807F09D11C
:10E850000139541E2B806B80818024B2EC8004B07F
:10E86000BDE8F08100233A466846ADF804100093F5
:10E87000ADF80630ADF808304346ADF80C1031461F
:10E88000ADF80A40ADF80E40F5F75AF843463A465F
:10E89000314601A8F5F754F843463A46314602A8F6
:10E8A000F5F74EF843463A46314603A8F5F748F8DF
:10E8B000BDF90C30BDF908401A46BDF90400A34269
:10E8C000BDF90010A8BF22468242A8BF02468A4274
:10E8D000A8BF0A46A342B8BF2346BDF90A40023A80
:10E8E00083422A80B8BF0346BDF906008B42B8BFF9
:10E8F0000B46BDF902100233AB80BDF90E30A342C6
:10E900001A46A8BF22468242A8BF02468A42A8BF32
:10E910000A469C42B8BF1C46023A84426A80B8BF8D
:10E9200004468C42B8BF0C46023496E7704738B5AF
:10E930004D6A0C4695B10B7C012B02D1284603F0A1
:10E9400068FCE86808B1F5F7D3FA286908B1F5F76B
:10E95000CFFA2846F5F7CCFA0023636238BD73B5C9
:10E9600005460068846844B1069ECDE9003613462A
:10E970000A462946A04702B070BD2046FBE710B505
:10E980000446006858B1C3680BB121469847237C00
:10E99000012B04D16068F5F7ABFA0023636010BD6A
:10E9A0002DE9F8438146C0F15A00A1EB5208174601
:10E9B00000B21E465508F5F767FA08FB00F4484612
:10E9C000E411F5F761FAFA4308FB00F1002C02F0BC
:10E9D00001024FEAE11117DD7F3C531BC4F30F2402
:10E9E00023442C441BB224B200293380B48013DDAD
:10E9F0007F39531BC1F30F210B441BB22944738091
:10EA000009B2F180BDE8F8837F34A81AC4F30F245B
:10EA1000631B04441BB2E6E77F31C1F30F214B1B9C
:10EA2000AD1A1BB2EAE72DE9F04FD1B00446154606
:10EA300003930B7BBDF86871022BBDF86C610591E7
:10EA400040F29780B1F902300493002B00F09180DE
:10EA5000B74200F08E80039A29A89342C4BFBDF943
:10EA60000C300493F0F7E0FB059B5B7BC3F30103E1
:10EA70008DF8A630059B9A681B7B002A7CD000216C
:10EA80002C928DF8B9308DF8A710039BB5F802C011
:10EA90002A88ACEB0301D01A013B89B212FA83F247
:10EAA0001CFA83F3DDF814C080B292B2ADF83E10C8
:10EAB000BCF802C09BB2ADF84020A2EB0C02ADF84E
:10EAC0003C006044614492B2ADF8423080B2A3EBA6
:10EAD0000C03ADF84820013289B2ADF84400121A97
:10EAE0009BB2ADF8461012B2ADF84A30002A4ADDAA
:10EAF00001335B1A1BB2002B45DD012347F6FF7281
:10EB000011A917A8F0F760F9002117A8EFF7D6FFB1
:10EB1000012306900893002347F6FF720FA91DA852
:10EB2000F0F752F900211DA8EFF7C8FF07F5B473FD
:10EB30000B90B34203D006F5B4739F422CD147F635
:10EB4000FF7329A90FAA2046ADF8A430FFF75FFE96
:10EB50000B98EFF7F7FF069B591C02D01846EFF70A
:10EB6000F1FF1DA8FFF712FE089B13B117A8FFF7CE
:10EB70000DFE51B0BDE8F08F8DF8A730059B1B78D6
:10EB80008DF8A83081E7002308934FF0FF330693F8
:10EB9000C1E7A7F5B477BFB2B7F5B47FF9D2B6F540
:10EBA000B47F80F0B7803BB235A8079333B20093AF
:10EBB00009933BB2B5F90220B5F90010F0F7B4F8AB
:10EBC000002135A8EFF77AFFB742D4F8088034BFA8
:10EBD000F31BBB1B0C9038BFC3F5B4733C2B40F345
:10EBE0000B85039B0A2B40F20785BDF90C30592F8A
:10EBF00002934FF05A03B7FBF3F9B6FBF3FB00F2B5
:10EC0000958007EB030A049A029B592E0FFA8AFAA1
:10EC1000A3EB02030A9300F2F380B74280F0F08086
:10EC20006B8838B20D93F5F72FF90A9B58430D9B6B
:10EC300003EBE0335046ADF88E302B880D93F5F79B
:10EC400023F9029BB5F802A058430D9B03EBE03378
:10EC500030B2ADF89030F5F717F9029B58430AEB44
:10EC6000E03A06F15A0000B2ADF892A0B5F800A063
:10EC7000F5F70AF90A9B424658430AEBE03AADF829
:10EC80008CA00DF18C0A5146504603F064F8002820
:10EC900044D1C4F80880ABF102039BB2012B40F2CF
:10ECA0004583B9F1030FC4F8088040F06183B5F8DB
:10ECB000009007F15A00039B00B24B44ADF890302E
:10ECC0006B88013BADF89230F5F7DEF8049A029BB1
:10ECD0006F889B1A4343079809EBE339ADF88C9092
:10ECE000F5F7D2F8029B4246584307EBE037ADF800
:10ECF0008E7023AF3946384603F02DF828B10FAA9D
:10ED000029A92046A760FFF782FDBBF1030F40F061
:10ED10005283A7E1A6F5B476B6B240E70FAA29A9B7
:10ED20002046C4F808A0FFF772FDB2E7592E40F262
:10ED30009880D94502D1B74200F29C82B9F1020F06
:10ED400040F0AF81BBF1010F00F09482BBF1020FE4
:10ED500040F04681B74200F2E982B9F1020FC4F8EF
:10ED6000088040F0D483BBF1020FB5F9003040F0C9
:10ED70003981B74280F0368107F15A00049A0A932C
:10ED8000029B00B2A3EB020AF5F77EF8029B6F88A4
:10ED900058430A9B03EBE0330798ADF88C30F5F746
:10EDA00073F80AFB00F007EBE03730B2ADF8927071
:10EDB0006F88F5F769F8029B584307EBE03706F1D7
:10EDC0005A0000B2ADF88E702F88F5F75DF80AFB97
:10EDD00000F0424607EBE037ADF8907023AF3946BC
:10EDE000384602F0B8FF002840F08A83B9F1020FDC
:10EDF000C4F8088040F0FD83592E40F2DF83DAE248
:10EE00002B8838B2039AADF88C306B881A440D9376
:10EE1000ADF89220F5F738F80A9B58430D9B03EBA9
:10EE2000E03350460DF18C0AADF88E302B880A93F2
:10EE3000F5F72AF8029B4246514658430A9B03EBDA
:10EE4000E0335046ADF8903002F085FF30B10FAAA4
:10EE500029A92046C4F808A0FFF7D9FC592E00F2D2
:10EE60004382039A30B22B88B5F902A01344ADF85F
:10EE70008EA0ADF89030F5F707F8029B58430AEBE7
:10EE8000E03A06F15A0000B2ADF892A0B5F800A041
:10EE9000F4F7FAFF049A029B9B1A424643430AEB9B
:10EEA000E33AADF88CA00DF18C0A5146504602F0C1
:10EEB00052FF002840F08C80B9F1010FC4F808809F
:10EEC00040F02582039A38B22B88B5F902A09B1A2C
:10EED000ADF88EA0ADF88C30F4F7D6FF029B584306
:10EEE0000AEBE03A07F15A0000B2ADF892A0B5F88B
:10EEF00000A0F4F7C9FF049A029B9B1A42464343C1
:10EF00000AEBE33AADF890A00DF18C0A5146504659
:10EF100002F021FF30B10FAA29A92046C4F808A0A9
:10EF2000FFF775FCBBF1010F40F02A832B8830B24C
:10EF3000B5F802A0013BADF89030039B5344ADF807
:10EF40009230F4F7A1FF049A029B9B1A434306F107
:10EF50005A000AEBE33A00B2ADF88EA0B5F800A073
:10EF6000F4F792FF029B424658430AEBE03AADF8B1
:10EF70008CA00DF18C0A5146504602F0ECFE0028A0
:10EF800040F0BD81B9F1020FC4F808802AD0D945FC
:10EF900002D1B74200F20181592F00F2D180BBF1BA
:10EFA000030F00F0FA80B9F1010F00F0FB82B9F114
:10EFB000030FC4F808803FF47AAED94540F0FB81D6
:10EFC000B74200F2FB82B9F1020F40F0F48113E77F
:10EFD0000FAA29A92046C4F808A0FFF718FC6BE780
:10EFE000C4F80880B5F800A007F15A00039A0AF1A6
:10EFF000FF3300B2ADF890306B889B1AADF88E30BD
:10F00000F4F742FF029B58430AEBE03A38B2ADF8FE
:10F010008CA0B5F802A0F4F737FF049A029B9B1A64
:10F02000424643430AEBE33AADF892A00DF18C0A55
:10F030005146504602F08FFE30B10FAA29A9204652
:10F04000C4F808A0FFF7E3FBBBF1020F00F06382F6
:10F05000BBF1030FC4F8088040F08E82B9F1030FB2
:10F060003FF425AE039A06F15A006B88B5F900709B
:10F0700000B29B1AADF88C70ADF88E30F4F704FF37
:10F08000029B6E88584307EBE0370998ADF8907003
:10F09000F4F7FAFE029B049A9B1A434306EBE3360D
:10F0A000D6E0B9F1030F68D0BBF1010F7FF40AAFCE
:10F0B000B742BFF407AF38B2B5F802A0F4F7E4FEE8
:10F0C000029B58430AEBE03A07F15A0000B2ADF850
:10F0D00092A0B5F800A0F4F7D7FE049A029B9B1A01
:10F0E00058430A930AEBE03A30B2ADF890A0B5F875
:10F0F00002A0F4F7C9FE0A9B58430AEBE03A06F176
:10F100005A0000B2ADF88EA0B5F800A0F4F7BCFE2E
:10F11000029B424658430AEBE03AADF88CA00DF151
:10F120008C0A5146504602F016FE002840F0D4806A
:10F13000B9F1020FC4F808803FF454AFB7422CD89D
:10F14000B9F1010F00F04B82B9F1030FC4F8088048
:10F1500048D0BBF1030F85D0D94506D1B74200F2A4
:10F160002D82B9F1020F40F04482592E40F22682DE
:10F17000BBF1010F40F01F8120E2BBF1030F79D1F9
:10F18000B74200F2D380BBF1030FC4F808807FF4CC
:10F190008EADB74201D8592FD6D82A880DF18C0AE6
:10F1A000039B03995046D31A013AADF88C306B8813
:10F1B000ADF890204246591A013BADF88E105146E9
:10F1C000ADF8923002F0C7FD30B10FAA29A9204650
:10F1D000C4F808A0FFF71BFBB9F1030FC4F80880BF
:10F1E00040F00282BBF1030FB5F900A07FF45FADE0
:10F1F000B742BFF45CAD049A07F15A00029B00B21B
:10F20000A3EB0209F4F740FE6F8809FB00F00AEB5C
:10F21000E03A0798ADF88CA0F4F736FE029B58430D
:10F2200007EBE03706F15A0000B2ADF88E702F8878
:10F23000F4F72AFE029B6E88584307EBE0370998E3
:10F24000ADF89070F4F720FE09FB00F006EBE03615
:10F25000ADF8926023A94246084602F07CFD0028E2
:10F2600000F0A98023AB0FAA29A92046A360FFF7CD
:10F27000CEFAA0E003990DF18C0AB5F90020B5F99A
:10F2800002305046ADF88C200A44ADF88E300B4465
:10F29000ADF8902051464246ADF8923002F05BFD49
:10F2A00030B10FAA29A92046C4F808A0FFF7AFFA89
:10F2B000B9F1010FC4F808803FF4F6AEBBF1010FBD
:10F2C0003FF434AED94540F01281B7422ED8B9F19F
:10F2D000030F7FF448AD5CE70FAA29A92046C4F8C4
:10F2E00008A0FFF794FA23E7BBF1010FC4F80880E8
:10F2F0003FF41CAE592E19D8B74217D8CBE40FAA49
:10F3000029A92046C4F808A0FFF781FA3AE6D945B2
:10F3100001D1B7420AD8592F7FF6BDACB9F1030F1E
:10F320007FF41BADBBF1020F7FF42DAF2A880DF1E6
:10F330008C0A039B51465046D31A013AADF88C30E3
:10F34000ADF89020B5F90230039AADF88E30134431
:10F350004246ADF8923002F0FEFC00283FF4FDACCE
:10F360000FAA29A92046C4F808A0FFF750FAF4E430
:10F37000D94515D1B7423FF610AF592F7FF613AEDE
:10F38000B9F1010F7FF4E0AE592E7FF606AFBBF165
:10F39000010FC4F808800ED1B74200F20F810AE0D5
:10F3A000B9F1010F00F0FE80D9453FF409AEB9F183
:10F3B000020F3FF4DAAEC4F8088035A8FFF7E6F98B
:10F3C0001DA8FFF7E3F9089B13B117A8FFF7DEF9B3
:10F3D0000C98EFF7B7FB0B98EFF7B4FB069B5A1CA2
:10F3E00002D01846EFF7AEFB059B5B7B5B077FF512
:10F3F000C0ABBDF90C6013AB9DF810703146079897
:10F400003A46FFF7CDFA2B88BDF84C20414615A8A7
:10F410001A44ADF84C20BDF850201344BDF84E20DE
:10F42000ADF850306B881A44ADF84E20BDF852202C
:10F43000134413AAADF8523002F08DFCC0B1002382
:10F4400047F6FF7213A923A8EFF7BEFC002123A8FB
:10F45000EFF734FB15AB81460FAA29A92046A3601C
:10F46000FFF7D5F94846EFF76DFB23A8FFF78EF9B4
:10F4700013AB3A4631460998FFF792FA2B88BDF84C
:10F480004C20414615A81A44ADF84C20BDF8502038
:10F490001344BDF84E20ADF850306B881A44ADF8D7
:10F4A0004E20BDF85220134413AAADF8523002F09A
:10F4B00052FCC0B1002347F6FF7213A923A8EFF74F
:10F4C00083FC002123A8EFF7F9FA15AB05460FAA34
:10F4D00029A92046A360FFF79AF92846EFF732FBE7
:10F4E00023A8FFF753F9C4F80880FFF742BBB9F12E
:10F4F000030F7FF438ACBBF1020F3FF417AF48E6BF
:10F500000FAA29A92046A760FFF781F96EE4BBF195
:10F51000020F7FF43CADB5F800A006F15A00039B42
:10F5200000B2AAEB0303ADF88C306B88013BADF859
:10F530009230F4F7A9FC049A029B9B1A434330B221
:10F540000AEBE33AADF890A0B5F802A0F4F79CFC02
:10F55000029B424658430AEBE03AADF88EA00DF10B
:10F560008C0A5146504602F0F6FB98B9B9F1030FE8
:10F57000C4F808803FF49BABD9457FF4F2ADEDE5CC
:10F58000BBF1020FC4F808807FF401ADB9F1020F9E
:10F59000C1D127E50FAA29A92046C4F808A0FFF782
:10F5A00036F9E3E7592E7FF6F8ADBBF1010FC4F849
:10F5B00008807FF400AFB7427FF61EAC6B880399DA
:10F5C000B5F90020591A013BADF88C20ADF88E102A
:10F5D0000399ADF892300A44ADF890203AE6BBF1B9
:10F5E000030F3FF4DAADCFE6BBF1030F3FF43AADC2
:10F5F000C2E7B9F1010FE8E40FAA29A92046FFF7F5
:10F6000006F9DAE6022AC0B2CBB201D80846704742
:10F61000C34214BF01200020FF2A03D012F0800F44
:10F6200008BF18467047022A01F0010330B500F008
:10F63000010401D8084630BD1C1B002CACBF1D1BAB
:10F640001D46002DA8BF5B1BFF2A23EAE37303F0CE
:10F65000010363F30000EED0C9B212F0800FC0B214
:10F6600008BF0846E7E7022A01D808467047FF2A84
:10F67000C3B205D012F0800FC9B214BF18460846B5
:10F68000704737B50B7E04460D46022B0DD98268B4
:10F690006846096802F05FFB38B1636B0BB1204626
:10F6A0009847636D29462046984703B030BD7047A0
:10F6B0002DE9F84317461E46B3F90000B3F902508E
:10F6C0000A9A07FB0503B488BDF924800B44013472
:10F6D000B2F900105288241A18FB0212089924B2B9
:10F6E00001EB0209B6F90620AA4201DABDE8F88367
:10F6F000494618462246013503F0EDFE0346C14453
:10F700002DB23B44EEE7436800200A68C3F31D03B3
:10F71000934238BF0B60704700680B68C31A5842A9
:10F720005841704790F90730002B01DAF4F7E0BB3D
:10F7300070472DE9F04FA3B0164688460A939DF80E
:10F74000B03009900793836815A8B3F90020ADF88D
:10F750005420B3F90220ADF85620B3F90420B3F9D0
:10F760000630ADF85820ADF85A30EFF723FAD8F844
:10F77000003018220D9000211CA80E9303F0D3FE38
:10F7800098F80A308DF8843098F80B30C3F30303EF
:10F790008DF8853017AB1B930D9B5BBB0E9BB3F1B4
:10F7A000807F27D1079B042B0CD198F809300BBB25
:10F7B0000A9B1C931BA909981B96FFF762FF23B0B5
:10F7C000BDE8F08F079B0E2B14D1099B314619A879
:10F7D0009A6802F0C0FA0028F1D00A9B20961E9386
:10F7E0000D9B1C9398F808308DF8743002238DF827
:10F7F0007C30DFE7099B30889A68B2F90430B2F9AF
:10F800000010B2F90670ADF860300133B2F9029021
:10F81000B2885B1AADF85C10121A70881BB2ADF892
:10F82000627092B2ADF85E900B93551C1192F28803
:10F830002DB20132121A12B21092EEF7EDF9F3F76F
:10F8400013FE044617A802F058FA84422BBF013772
:10F850000B9BA7EB0907B4FBF3F428BF3CB20B9B4F
:10F86000634318460C93F4F773FB07460C98F4F7C0
:10F870006FFB17AB08902093BDF962301E900F9379
:10F88000A3B21C971393BDF85E30013B13FA84F4C6
:10F89000079B042BADF8624014D1D8F80030B3F1C7
:10F8A000807F0CBF012302238DF87C30BDF95E30D0
:10F8B0000F9A934208DD0898F4F7CAFB3846F4F72C
:10F8C000C7FB7CE70223EFE7728819A83188179BF2
:10F8D00052424942199312B2189B09B21A9302F08C
:10F8E00029FA0E9BB3F1807F31D0089B19A90A9A9F
:10F8F00009980195CDE90473079BCDE90283109B1C
:10F9000000932B46EFF7ACFC98F80930022B00F27D
:10F91000E2800D9B43B1BDF95E40DDF82090BDF95A
:10F920006230A34280F2F1801BA90998FFF7A9FE7B
:10F93000BDF862305A1CADF85E20139A13440F9A3A
:10F940001BB29342A8BF1346ADF86230AEE7079BE7
:10F95000062B6BD02DD8042B68D0052BD4D1BDF944
:10F960006610B946BDF964404FF0000CBDF8682040
:10F9700005FB01400A9BA4B2DDF820E003EB400048
:10F98000531C1B1BA41A119A1BB21444BDF86A2005
:10F9900001326400521A23EAE371490012B201FAFB
:10F9A00084F40FFA8CF18A42AEDD002100F1010BE4
:10F9B0007CE0079B142BA7D1BDF86A404FF00009EB
:10F9C000BDF868B0BDF964300134BDF966200BF1B3
:10F9D000010B0A9905FB023AABEB030BA41A3B4659
:10F9E0008A440FFA8BFB24B20FFA89F2A24267DB3A
:10F9F000BDF964304FF00009BDF866A015FB0A3A66
:10FA0000109B03FB05AA0A9B9A44089B0FFA89F2F4
:10FA1000A242BFF679AF514618465A46AA4403F0AF
:10FA20005AFD034609F101095B44EFE719A802F00A
:10FA300064F9FF2102468146089803F074FDBDF980
:10FA40006430BDF966400A9A05FB043A9244BDF859
:10FA500068200132D21A3B460FFA82FBBDF96A20B8
:10FA6000A24206DA079B062B7FF44EAF00231A460C
:10FA700010E0514618465A46013403F02CFD034667
:10FA8000AA4424B25B44E9E7F95C012904BF089960
:10FA9000CA5401339945F7D136E71BF811A00EF887
:10FAA00001A010F811A009F801A001310FFA81FAA4
:10FAB0005345F2DC99449E4420440CF1010C70E75C
:10FAC000514618465A46AA4403F005FD034609F17B
:10FAD00001095B4488E798F80810DB430C983A4624
:10FAE00001F001015BB2C41994423FF412AFDDF89A
:10FAF00048C0002B107861F3000CCDF848C0A8BFB7
:10FB00009DF8480002F8010BEEE7BDF95C102246B3
:10FB10000B9B4846EEF7F6FF014660B90B9A484644
:10FB200003F001FD4FF002038DF87C300B9B013494
:10FB3000994424B2F3E6022808BF8DF87C00F5E76B
:10FB4000F8B5154606460C46EEF766F815F00105C1
:10FB5000074617D0A26A0021606922F0004203F034
:10FB6000E2FC94F82B3043F0800384F82B303A68A1
:10FB7000137C43F040031374636908343360C6E9AF
:10FB80000144F8BD94F82B3065F3C71384F82B308B
:10FB900003681A7C65F386121A74EDE77FB5036873
:10FBA000164642680D46039304469DF804306FF3F1
:10FBB00047138DF804309388118801335B1A01993B
:10FBC00063F394210191D388528801339B1ABDF8C5
:10FBD000062063F34F1295F92B30002BADF8062069
:10FBE0009DF80430ACBF0422052262F304038DF8B3
:10FBF00004302B6A0360EB694360AB698360EEF706
:10FC00000BF8036895F8241020461A7C61F38612DD
:10FC100031461A7401AB05F10802EEF7DDFA204611
:10FC2000FEF735F801A8FEF781FE04B070BD486903
:10FC3000F4F75EB90A46FF2103F075BC2DE9F04FD9
:10FC40004500CB074FEA610987B0044628460E46B7
:10FC50001746CA4658BF09F1FF3AF4F779F9AB1EC7
:10FC60000146B84601934FEA49034FF0000B029357
:10FC70006FF001030AFB033303935C4522DC4FF46E
:10FC80007F5E04FB04FC3A463B4607EB4C0CBEFB94
:10FC9000F6FE634541D16B424FF0000C09FB03F3C4
:10FCA0000593631E05FB037304930AF101030AFB2A
:10FCB000055A029364453EDC084607B0BDE8F04FA4
:10FCC000F4F7C6B9019B029838F80320631E00EBD5
:10FCD000080C03987243404403EB090E21F81320EB
:10FCE0007445CCBF3CF813E04FF0000EA2EB0E0EB3
:10FCF000A3EB0A02002AD4BFB8F8002030F8132082
:10FD0000013B7244E8D240462A460491A84403F0DD
:10FD1000E2FB0BF1010B0499AFE733F8020B00286B
:10FD2000B7D0B0F57F5F16BF90FBF6F023F802EC7A
:10FD300023F8020CADE705980027138896461018A3
:10FD400090467343039002EB0A0001903846002B63
:10FD5000ACBFC3F38F1B4FF0000B21F810B0A0EB2A
:10FD6000090BBBF1000FCCBFDDF80CB0B8F800B048
:10FD7000A844C8BF3BF807B0A3EB0B0B029B03449E
:10FD800001309C42CABF019B049BDB5B2F44D8BF60
:10FD900033F81C3084425B44D9DC002331F8130073
:10FDA00001339C42AEF80000AE44F7DC0CF1010CCC
:10FDB00002327FE72DE9F04FCB789BB082460C46AC
:10FDC000022B5DD9B4F91A30B2F90050B2F9020031
:10FDD000012BB2F90410B2F90620ADF81450ADF8B9
:10FDE0001600ADF81810ADF81A201ADD237FFC2B91
:10FDF00017D9B4F90030A3B1637FC3F3C00635440B
:10FE0000ADF81450C3F380052844ADF81600C3F3D1
:10FE10000010C3F34003091AD21AADF81810ADF858
:10FE20001A2005ADDAF8082007A8294601F093FF4B
:10FE300030B3A67A2846E37916F007060CBF94F88B
:10FE4000048094F80580434508BF0026EEF7B2FE13
:10FE50001C220746002113A803F065FBA378E27873
:10FE60008DF865308DF85480B4F900305FB953B91E
:10FE70004EB913A9504613958DF86420FFF701FC85
:10FE80001BB0BDE8F08FFD2ABDF81850BDF81AB0C0
:10FE900028BFFF2201350BF1010B0192BDF81420A0
:10FEA000AD1ABDF81620ABEB020B2DB2BDF81C202D
:10FEB0000FFA8BFBAB45D946A8BFA9464FEA6909A3
:10FEC0009945A8BF9946BDF820300133B9F1000F1C
:10FED000A3EB02031BB2009301DC002F4ED000986D
:10FEE000F4F736F800234A4605A980460DA8EEF738
:10FEF0006BFF00210DA8EEF7E1FD0290BDF81C306C
:10FF00005A462946601DADF82430BDF82030CDF8A2
:10FF10005880ADF8283009AB13931893FF238DF860
:10FF20006430F0F737FC834648B1022E07D1BDF9A3
:10FF30001430BDF91C20D21A836813441493002F87
:10FF400000F09280BDF91E40BDF92230A3421ADABA
:10FF5000B8F1000F02D04046F4F77AF8029B5A1C21
:10FF600005D01846EEF7EEFD0DA8FEF70FFCBBF12D
:10FF7000000F85D05846FFF7D5FB81E74FF0FF33E0
:10FF8000B8460293BAE725B24046DDE90021ADF854
:10FF90002650ADF82A5003F0C6FA009B2A46BDF958
:10FFA0001C104046EEF7AEFD012808BF0220012ECE
:10FFB0008DF85C0007D1BDF91630DBF80820E31A94
:10FFC000D35C8DF8543013A950460134FFF759FB28
:10FFD000BAE714FA87F4BDF91E30ED1B24B22DB236
:10FFE000A34203DDBDF92230AB423CDB4046DDE9F4
:10FFF000002103F098FA009B2246BDF924104046E8
:02000004600298
:10000000EEF780FDBDF91E30012808BF0220A34293
:100010008DF85C0011DC012EADF82640ADF82A40C9
:1000200007D1BDF91630E41ADBF808301B5D8DF8F6
:10003000543013A95046FFF724FBBDF92230AB42E0
:1000400011DB012EADF82650ADF82A5007D1BDF9CD
:100050001630ED1ADBF808305B5D8DF8543013A9CB
:100060005046FFF70EFB01374F45BDF81640BDF86F
:100070001A50AEDBBDF814301FFA89F714FA89F470
:100080000BA8ED1BADF82C30BDF81830ADF8325090
:10009000ADF83030ADF82E40EEF78CFD054698B93E
:1000A00096B9BDF8163013A9504616963B44ADF8E4
:1000B0002630BDF81A30DB1BADF82A30019B8DF8D5
:1000C0006430FFF7DEFA43E7019BBDF916408DF877
:1000D000643001234C448DF85C30BDF91A30A3EB39
:1000E00009030393039B9C423FF732AF27B26DB1E4
:1000F0004046DDE9002103F016FA009B3A46BDF9BF
:100100001C104046EEF7FEFC8DF85C00012EADF8A9
:100110002670ADF82A7007D1BDF91630DBF808203B
:10012000E31AD35C8DF8543013A950460134FFF71D
:10013000A8FAD7E770B504460D461646FFF73AFE13
:10014000294620463246BDE87040F1F7A3BB2DE9B1
:10015000F04FA7B0834608460C4615461E46BDF92B
:10016000C0709DF8C4909DF8C880EEF723FD0C90F8
:1001700000286ED156EA07016BD1182220A803F09F
:10018000D2F919ABB4F902601F93B5F90030B5F993
:1001900002A00193B4F904300AF1FF31B4F9007000
:1001A00056450093B5F904308DF884900293009B76
:1001B0008DF89480B4F90690B5F90680ADF86470B6
:1001C000ADF86830ADF86660ADF86A1003DC1FA9C1
:1001D0005846FFF756FAE988C14501F10101ADF82B
:1001E0006610E188ADF86A1003DB1FA95846FFF7D7
:1001F00048FA56452188D4BFB5F90230B4F9023027
:10020000C145ADF86410ADF86630ACBFB5F9063045
:10021000B4F906302988ADF86A30019B01399F4254
:10022000ADF8681003DC1FA95846FFF72AFAAB881F
:10023000029A0133ADF86430A388ADF86830009BB2
:10024000934203DB1FA95846FFF71BFA27B0BDE80E
:10025000F08FDBF8082021460FA801F07CFD089004
:100260000028F3D0BDF840300021BDF83C201FA885
:1002700001339B1A1C220FFA83FA03F054F95046FB
:10028000F3F766FE002E229068DD002332462146F9
:1002900013A8EEF799FD002113A8EEF70FFC0790C5
:1002A00001233A46294619A8EEF78EFD002119A828
:1002B000EEF704FC11AB8DF884901F9324939DF806
:1002C000CC30B5F902908DF89530B5F900308DF845
:1002D00094800393B4F90030B4F906800493B5F91F
:1002E0000430B5F906700093B4F904300D90019311
:1002F000B4F90230029333444B45B8BF4B461BB2AE
:100300000593A8EB0603BB42A8BF3B460B93BDF980
:100310002C3006930C9B002B47D0BDF83C30BDF928
:100320003E40ADF84430BDF84030ADF84830BDF93E
:100330004230A34216DA19A8FEF728FA0D98EEF714
:1003400001FC079B013305D013A8FEF71FFA07989D
:10035000EEF7F8FB2298F3F77BFE77E74FF0FF33D9
:1003600007939DE7029B994502DA059BA3421ADC9D
:10037000474502DD069BA342DDDB25B251462298AC
:10038000ADF84650ADF84A50FFF754FCBDF93C10AB
:1003900053462A462298EEF7B5FB1FA98DF88C002C
:1003A0005846FFF76EF90134C1E7049B00999A198A
:1003B000039B9A42B8BF1A4613B20993019B9B1B39
:1003C0008B42A8BF0B4619B20A91DDE903108142A6
:1003D0001EDA01238DF88C30029B99453BDA4745A4
:1003E00023DDDDE90032934200F3C880AB881FA90A
:1003F00058460133ADF84430A388ADF84830059B2A
:10040000ADF84630069BADF84A30FFF73AF958E0B0
:10041000DDE90010814272DC029989454FF001014B
:1004200015DA8DF88C10474536DC099B1FA9584614
:10043000ADF844300A9BADF84830EB880133ADF895
:100440004630E388ADF84A30FFF71BF916E0474520
:1004500019DD8DF88C10099B1FA95846ADF8443062
:100460000A9BADF84830029BADF8463009F1FF33E6
:10047000ADF84A30FFF705F94745D6DDDDE903322F
:100480009342AEDB08E001339B1A1BB2312B36DC02
:100490000C9B8DF88C10089323881FA95846ADF843
:1004A00044302B88013BADF84830059BADF8463011
:1004B000069BADF84A30FFF7E4F8DDE900329342DD
:1004C00094DD0899BDF93C20BDF94030002955D193
:1004D000ADF844200F46B4F90220ADF84830B5F924
:1004E00002309B1A9E42B8BF1E4636B2BE420DDC99
:1004F00019A8FEF74BF90D98EEF724FB24E701232A
:100500008DF88C30029B99458DDBA4E7B4F802800E
:10051000E58818FA87F8BDF93E30ED1B0FFA88F828
:100520002DB2434503DDBDF94230AB4224DB5146D9
:100530002298FFF77FFB53464246BDF944102298AC
:10054000EEF7E0FABDF93E308DF88C00434507DC4C
:100550001FA95846ADF84680ADF84A80FFF791F8DC
:10056000BDF94230AB4207DB1FA95846ADF84650F3
:10057000ADF84A50FFF785F80137B7E7099ABDF99A
:100580003C30541EBDF94020ADF84430C3F10103A6
:100590009442A8BF1446ADF848401C44A6B224B209
:1005A000002C3DDC0A9BBDF93C200133BDF94040E5
:1005B0009342ADF8484004F10104B8BF1346E41A71
:1005C000ADF84430A5B224B2002C91DDDDE9003253
:1005D000934274DD029B994571DA474588DC002619
:1005E0000136069BBDF9422033449A4280DB0B9BC7
:1005F00029462298F7183FB2ADF84670ADF84A7018
:10060000FFF718FBBDF9441023463A462298EEF74F
:1006100079FA1FA98DF88C005846FFF732F8DFE70A
:10062000DDE90332934227DA029B994524DA4745F4
:10063000B8DC00250135069BBDF942202B449A42C7
:10064000B0DB0B9B3146229805EB030A0FFA8AFABE
:10065000ADF846A0ADF84AA0FFF7ECFABDF944109A
:10066000234652462298EEF74DFA1FA98DF88C00CA
:100670005846FFF706F8DDE7BDF93E50059BAB4253
:1006800004DCDDE903329342D3DAD0E70FFA85FACE
:10069000314622980135ADF846A0ADF84AA0FFF7E3
:1006A000C9FA23465246BDF944102298EEF72AFAB9
:1006B0001FA98DF88C005846FEF7E3FFDEE7BDF971
:1006C0003E60059BB34204DCDDE90032934286DDE7
:1006D00083E70FFA86F9294622980136ADF846904D
:1006E000ADF84A90FFF7A6FA23464A46BDF94410F2
:1006F0002298EEF707FA1FA98DF88C005846FEF7EE
:10070000C0FFDEE72DE9F04FABB08A460892B1F9A1
:1007100026200590002A00F0F48391F82E30022B59
:100720000B9340F2EE83012AB1F92C3005D1002B56
:1007300003DC896A002900F0E48308981FFA83F833
:10074000BAF8281002EBD2720688089DC2F34F0255
:1007500080880E4411FA83F16D88B6B20144BAF86C
:100760002A00054410FA83F308988CB2ADB2C08811
:100770000344A6EB080001389FB2801AADF84C0084
:10078000501C80B210FA83F310FA81F115A8ADF86D
:1007900052300B9BADF85010A5EB0801FE2B01F178
:1007A000FF3128BFFF238A1A13A90B93059BADF8CD
:1007B0004E209A6801F0CFFA0690002800F0A1833D
:1007C000089B4FF0FF3217A808F101081B8811465B
:1007D00014FA88F47F1BADF85C30089B1FFA84F98B
:1007E00017FA88F85B88A9EB0607A6EB09064FF015
:1007F0000009ADF85E303FB2089B9B88ADF86030D1
:10080000089BDB88ADF8623001F085FABDF8602006
:10081000BDF85C100132BDF85E00BAF90030521A22
:10082000BDF86210013112B2091A09B28A42A8BF9A
:100830000A461FFA88F10FFA88F852100A919A4274
:10084000A8BF1A464745A8BF474609927F109F4256
:10085000A8BF1F46BAF9263003EB070B0BFB0BF0C2
:100860004000F3F775FBBAF926400A9904F001023B
:1008700004EBD4733D190790C3F34F030C9264F05B
:10088000010223A81A4401333A449BB292B2ADF854
:1008900076300B441DA9ADF878203244ADF87A309B
:1008A0000023ADF874203A46EEF78EFA012C284664
:1008B00018BF6410F3F74CFBDDF81C806B00064694
:1008C0000A932BB20D934D450CDC304605FB05F623
:1008D000F3F7BEFB23A8FDF759FF012C40F0E4839A
:1008E00000233AE029463046FFF7A4F923AB002164
:1008F0000FFA89F2009330460D9B239FB8470146BB
:1009000040B90A9A404602F00EFE0A9B09F101091D
:100910009844D8E73378424631469B0193FBF4F381
:1009200022F8023B0A9B03EB08009042EDD00F46F1
:1009300011F8013F3F789F4217BF9B0132F8023CFC
:1009400093FBF4F39BB222F8023BEEE7079A079978
:1009500032F813209209CA540133B342F6D113A8D6
:10096000EEF728F9002800F0D1830123099A17A98E
:100970001DA8EEF729FA00211DA8EEF79FF8002325
:100980000F900693BDF85000BDF84C300130C01AEE
:1009900000B2F3F7DDFA18220446002124A802F081
:1009A000C2FD9AF82530BDF9505019A98DF8943040
:1009B0009AF82E30681CADF868501FFA8BF58DF848
:1009C000A43080B29AF8023023918DF8A530BDF89A
:1009D0004C302891C21A401B2694C2F3C03600B294
:1009E00006FA82F2BDF94E6003EB6203BDF85220B5
:1009F000ADF866601BB201320C93BDF84E30D21ACE
:100A0000C2F3C03707FA82F203EB6202013B97B2EE
:100A10002B4412B21BB20E970A920C9A9042B8BFA6
:100A200010460A9A9342ADF864001BA8A8BF13466B
:100A3000ADF86A30059B9A6801F08DF9002840F006
:100A40006F83BDF950201BA80C99ADF868200132C6
:100A5000BDF95230521BADF86A30013312B25B1B44
:100A60008A421BB2B8BF0A4619A9ADF864200A9A97
:100A7000013293420D92B8BF1346ADF86630059B24
:100A80009A6801F068F900283ED0BDF9242017A922
:100A90001BA8109201F05EFAB0BBBDF87070BDF9F2
:100AA0006C6001370699BDF96A90BF1BBDF97230C1
:100AB000BDF950803FB2109A29B117A91BA8109315
:100AC00001F02DFB109B002F1EDDA8EB0B08A9EBFE
:100AD0000309079B08F101082694A6EB0806BDF957
:100AE00072800BFB09661E44BDF86C30ADF86430B3
:100AF000BDF87030ADF8683002238DF89C30BDF938
:100B00006E30434540F37383BDF84C3019A90A9AFF
:100B10001BA82B44ADF86430BDF850305B1BADF81A
:100B20006830BDF94E30ADF86630013B2B441BB246
:100B30009342A8BF1346ADF86A30059B9A6801F04E
:100B40000AF9E0B1BDF9248017A91BA8424601F0BB
:100B500001FA074698B9BDF87060BDF86C300136EF
:100B6000069ABDF96E90F61AB3B236B21093BDF97B
:100B70006630002A40F06083002E00F3A6839AF8C6
:100B80002E3019A90D9A1BA88DF8A430BDF84C3051
:100B90002B44ADF86430BDF850305B1BADF86830C5
:100BA000BDF95230ADF86A3001335B1B1BB2934282
:100BB000B8BF1346ADF86630059B9A6801F0CBF8D4
:100BC000002837D0BDF9249017A91BA84A4601F088
:100BD000C1F9074670BBBDF87060BDF86C300136D6
:100BE000F61AB3B236B21093002E23DD069ABDF981
:100BF0006A80BDF97230002A00F074834A4617A952
:100C00001BA8119301F08BFA119BA8EB0308079B1B
:100C100026970BFB0838BDF86C30BDF97270ADF843
:100C20006430BDF87030ADF86830BDF96E30BB424D
:100C300040F35A839AF82E30BDF852108DF8A43044
:100C4000BDF95030491B0A985A1CADF86830BDF800
:100C50004E3009B2521B2B4412B21BB2984202DA38
:100C60000E9B01331BB2ADF866301BA80A9B8B426A
:100C7000B8BF0B4619A9ADF86A300C9B9A42B8BFB1
:100C80001A46059BADF864209A6801F064F80028C4
:100C900040F05C830BEBDB70079B00214010013BB5
:100CA0000AB2934500F3B483BDF84E100A98294464
:100CB000BDF85220BDF94C3009B2521BADF864307A
:100CC000013B884212B22B441BA8B8BF0E991BB23D
:100CD000BCBF013109B2ADF866100A998A42B8BFAB
:100CE0000A4619A9ADF86A200C9A02F1FF394B4562
:100CF000A8BF4B46ADF86830059B9A6801F02BF809
:100D0000002840F09783BDF94C2019A9BDF94E3059
:100D10001BA8ADF86420013AADF86630013B2A44C7
:100D20002B4412B21BB24A45A8BF4A46ADF8682010
:100D30000A9A9342A8BF1346ADF86A30059B9A6899
:100D400001F009F800283BD0BDF9242017A91BA801
:100D50000B9201F0FFF898BBBDF87070BDF96C60A4
:100D60000137BDF966300699BF1B0A93BDF96E8045
:100D70003FB2BDF964300B9A29B117A91BA80B9398
:100D800001F0CDF90B9B002F269419DD0A9AF61A73
:100D9000079BA8EB02080BFB0866BDF96E801E449A
:100DA000BDF86C30ADF86430BDF87030ADF8683027
:100DB00002238DF89C30BDF97230434580F299834F
:100DC000BDF952201BA8BDF94C30ADF86A200132A4
:100DD000ADF86430013B521B0D992B4412B21BB28B
:100DE0008A42B8BF0A464B4519A9A8BF4B46ADF881
:100DF0006620ADF86830059B9A6800F0ACFF0028CB
:100E00003AD0BDF9242017A91BA80A9201F0A2F834
:100E100090BBBDF87070BDF96C6001370699BDF9E3
:100E20006A80BF1BBDF97230BDF964903FB20A9A67
:100E300029B117A91BA80A9301F071F90A9B002F89
:100E4000269419DDA8EB0308A6EB0906079B0BFB0C
:100E50000866BDF972801E44BDF86C30ADF8643090
:100E6000BDF87030ADF8683002238DF89C30BDF9C4
:100E70006E30434540F36283BDF84C3019A91BA87E
:100E800026942B44ADF86430BDF850305B1BADF8B0
:100E90006830BDF84E302B44ADF86630BDF85230A6
:100EA0005B1BADF86A30059B9A6800F054FFD0B127
:100EB000099A17A91BA801F04DF8A0B9BDF9703027
:100EC000BDF96C205D1CAD1AAEB22DB2002D0ADD4D
:100ED000BDF96E70ADF86420ADF86830BDF97230C0
:100EE000BB4280F25083069B2BB91DA8FDF74EFC38
:100EF0000F98EDF727FE0798F3F7AAF82046F3F7C7
:100F0000A7F8089A51460598FEF754FF089A5146EB
:100F10000598F0F7BFFC9AF81C70022F67D9BAF950
:100F20001A20002A63D09AF81D6016F03E0F5ED09A
:100F3000F3075CD4089BC6F3440ED9889C881D88AF
:100F400001F1010C5888631CACEB000C5B1B0FFA21
:100F50008CFC1BB26345A8BF6346BAF900C05B10A6
:100F60006345A8BF63461FFA82FC36079AB24FBF9B
:100F700066460CEB02067642B6B21EF0080F354408
:100F8000ADF88C5009BF0CEB020565466D42ADB261
:100F90001EF0020FA4EB0504ADF8904009BF0CEB66
:100FA000020464466442A4B21EF0010F2044ADF86E
:100FB0008E000CBF0CEB02006046A2EB0C0208BFD7
:100FC000404212B208BF80B222EAE272091A0598C2
:100FD000ADF892109AF80210CDE902719AF8181043
:100FE000009223AA8DF804100899FFF7B0F89AF838
:100FF0002440022C55D9BAF92030002B51D0089941
:101000009BB2089EB1F90600BAF82210089D01397A
:1010100077882D8889B2089AA5EB010CB2F90420D3
:101020007E1A08441FFA8CFC0A44B6B2C5F10105C9
:10103000C7F1010792B280B20D44ADF874C03944D3
:10104000ACEB030CADF87660F61AADF87820ADF88D
:101050007A00ADF88CC002EB030CADF88E602A4428
:10106000C618084412B2BAF9001000B2ADF890C028
:10107000ADF892608242A8BF0246059852108A429B
:10108000A8BF0A469AF802101344CDE902419AF823
:101090001E101BB200921DAA8DF8041023A9FFF7A1
:1010A00056F82BB0BDE8F08F2DB22146079A28469E
:1010B000FEF7C4FD0C9921448CB209B201290CDD64
:1010C0004FF47F50079AB0FBF4F002EB46079742CB
:1010D0000ED1079A2846FEF7B1FD0023B3423FF434
:1010E0003EAC079A079932F81320CA540133F5E74A
:1010F00032F8023B002BEAD0FF2B17BF9B0122F8EE
:10110000020CB3FBF4F322F8023CE0E7BAF8023039
:10111000B3F57F4F7FF429AC4FF0FF330F9331E4E9
:10112000BDF9242017A91BA80D9200F013FF002879
:101130007FF487ACBDF87070BDF96C60013706991B
:10114000BDF96E90BF1BBDF94E30BDF950803FB266
:101150000D9A29B117A91BA80D9300F0E0FF0D9B74
:10116000002F7FF76EACA8EB0B08A9EB0309079BD8
:1011700008F101082694A6EB0806BDF96E800BFB6A
:1011800009661E44BDF86C30ADF86430BDF87030AF
:10119000ADF8683002238DF89C30BDF972304345BC
:1011A000FFF64FAC069BADF86680ADF86A80E3B9F8
:1011B0005A463146204602F08EF93B464246BDF97A
:1011C0006C102046EDF79EFC01280ABF02238DF823
:1011D0009C008DF89C3008F1010823A905985E4415
:1011E0000FFA88F8FEF74DFAD7E72696F3E7069B45
:1011F000ADF86680ADF86A80E3B95A4631462046BC
:1012000002F069F93B464246BDF96C102046EDF705
:1012100079FC01280ABF02238DF89C008DF89C30D0
:1012200008F1FF3823A905985E440FFA88F8FEF705
:1012300028FA64E42696F3E7424617A91BA81193FF
:1012400000F06DFF119B8046002838D0002E7FF7FC
:1012500096ACA9EB0309079B26970BFB0939BDF850
:101260006C30BDF96E70ADF86430BDF87030ADF81B
:101270006830BDF97230BB42FFF681ACADF86670E4
:10128000ADF86A7099F80010B8F1000F1FD1109AEC
:10129000204602F048F933463A46BDF96C10204624
:1012A000EDF730FC012808BF02208DF89C000137C3
:1012B00023A90598D9443FB2FEF7E3F9D9E7002EF8
:1012C0007FF75DACDDF81880C3E72746FAE70B9B94
:1012D000FF2B1EBF9AF82E3013FB01F1090A8DF87F
:1012E000A410E4E7274690E4069BADF86670ADF8DD
:1012F0006A70CBB9109A204698F8001002F013F9E2
:1013000033463A46BDF96C102046EDF7FBFB012849
:1013100008BF02208DF89C00013F23A90598D844FE
:101320003FB2FEF7AEF980E44A4617A91BA800F0C9
:10133000F6FE0B9BFF2B98F800301EBF9AF82E206C
:1013400013FB02F31B0A8DF8A430E5E7BDF92480F6
:1013500017A91BA8424600F0FDFD00287FF49AACB7
:10136000BDF95030BDF87060A3EB0B03BDF96C7094
:1013700001360133F61BFF1A0BF1FF331FFA86F912
:101380000BFB0377079B36B21F44069B002B3DD017
:10139000424617A91BA800F0C2FE3B46002E26932A
:1013A0007FF778ACBDF86C30BDF96E80ADF8643075
:1013B000BDF87030ADF8683002238DF89C30BDF96F
:1013C00072304345FFF666AC069BADF86680ADF81B
:1013D0006A8093B94A463946204602F07CF8334683
:1013E0004246BDF96C102046EDF78CFB01280ABF80
:1013F00002238DF89C008DF89C3008F1010823A988
:1014000005980FFA88F8FEF73CF9D8E72346C5E7B8
:1014100003EB0B063246B71AB84202DC0131334601
:101420003EE413F8017F92F800C083F800C002F890
:101430000179F0E7BDF9248017A91BA8424600F006
:1014400089FD00287FF45FACBDF87060BDF96C7059
:101450000136BDF96420F61BBF1AB3B236B20B9346
:101460000BF1FF330BFB0377079B1F44069B002BFD
:101470003DD0424617A91BA800F051FE3B46002E66
:1014800026937FF740ACBDF86C30BDF96E80ADF8A7
:101490006430BDF87030ADF8683002238DF89C30B0
:1014A000BDF972304345FFF62EAC069BADF8668061
:1014B000ADF86A8093B90B9A3946204602F00BF8D2
:1014C00033464246BDF96C102046EDF71BFB012860
:1014D0000ABF02238DF89C008DF89C3008F10108AA
:1014E00023A905980FFA88F8FEF7CBF8D8E723462A
:1014F000C5E7069BADF86680ADF86A80E3B95A4649
:101500003146204601F0E7FF3B464246BDF96C10EC
:101510002046EDF7F7FA01280ABF02238DF89C0058
:101520008DF89C3008F1010823A905985E440FFA54
:1015300088F8FEF7A6F83EE42696F3E7069BADF89A
:101540006680ADF86A80E3B95A463146204601F01C
:10155000C2FF3B464246BDF96C102046EDF7D2FA79
:1015600001280ABF02238DF89C008DF89C3008F1F9
:10157000FF3823A905985E440FFA88F8FEF781F832
:1015800075E42696F3E731462046ADF86670ADF86F
:101590006A70FEF74FFB3A462B46BDF96C102046A9
:1015A0000137EDF7AFFA23A98DF89C0005983FB2FB
:1015B000FEF767F892E470B5D0E9065444B9B5F582
:1015C000807F23D1090212021960049B1A6070BD4A
:1015D000B0F92840B5F5807F4669A1EB0401B0F968
:1015E0002A4001FB06F6A2EB0402046904FB126622
:1015F000046A1AD104EBA6041C60D0E904435343E7
:10160000426A04FB013302EBA302DEE7B0F92A4091
:10161000141BB0F92820891A026A05FB01221A60FE
:101620008369426A03FB0422CFE7754304EBA524D8
:101630001C60D0E904435343826904FB01335343E4
:10164000426A02EBA322C0E72DE9F04FA7B0934610
:101650004FF00A086FF009070593BDF9C030329AC0
:101660000693BDF9C43003910C93329B51884FF41B
:101670008032B3F900309DF8CC405E42B2FBF1F20B
:1016800022962192329A96FBF8F65268751C77439F
:1016900030B22592FF1AF2F7F7FB824628B2F2F732
:1016A000F3FB054606F15A007D4300B2F2F7ECFB6E
:1016B000814606F15B0000B2F2F7E6FBA8EB0702F9
:1016C00007FB00F302FB0A5502FB0933039A93FB65
:1016D000F8F35B1112882093BDF994301B02239319
:1016E000BDF996301B022493039B9B8801339B1A00
:1016F0009AB20FFA83F9039B1492DB88039A0133A1
:10170000528895FBF8F59B1A6D111BB21F95139328
:101710000023139A0B93BDF92C309A4202DC27B0B8
:10172000BDE8F08F039B1BA80399B3F902500B9BF4
:101730001D4418AB2A46009317ABB1F90010FFF710
:101740003AFF1AAB03992A46009319ABB1F904107A
:10175000FFF731FFB9F1010F199D17981A9B1899DE
:101760004EDD149A2D1A5B1A013A2D021B0295FBCD
:10177000F2F593FBF2F30895099300F180030D93C2
:1017800001F180030E93329B1D7C15F0010574D18D
:10179000052C39D004F0FD03042B3AD1ECF73CFAC8
:1017A00003684A46FF21359893F8386001F0BBFE84
:1017B00028462B461AB291452BDD0D9A02EB2521C6
:1017C00009120AD4059A914207DA0E9A02EB2022F6
:1017D000121202D4069FBA4248DB359A4FF000013C
:1017E000D154062C06D1349AD25CB24202BF359A4B
:1017F0000021D154099A01331044089A1544D9E7BD
:101800000023CDE90833B8E729462A4613B29945A3
:1018100008DC349B4B443493359B4B4435930B9BF2
:10182000013376E70D9B03EB21231B121CD4059893
:10183000834219DA0E9800EB2520001214D4069E7C
:10184000B04211DA0C9E00FB0633349E0BEB4300D2
:101850001BF81330B3544378359883540132089BF6
:101860001944099B1D44D1E70023F5E70C9F02FBB7
:1018700007B2525C3499CA54B3E7052C33D0062C16
:1018800008D0042CC5D14FF000080123CDF83C80CE
:10189000079307E0ECF7C0F9036893F83880012359
:1018A00007930F93DDE93435049300231093CDE9BA
:1018B0001133BDF944309945ABDD0D9B109A03EB14
:1018C00022265FEA262E0BD4059B9E4508DA0E9B46
:1018D000129A03EB2220011202D4069B994208DBE4
:1018E0004FF000038CE002234FF000080793012320
:1018F000D7E7F2B23606C3B255BFC2F17F02803AD3
:101900004FF0FF37012755BF520052000A920A924A
:1019100002060C9A54BFC3F17F03803B02FB01EC2B
:10192000079A5CBF5B004FF0FF3002FB0CFC0EEB34
:10193000070244BF5B000120159201320BEB0C063D
:1019400076D0059A0EEB070A524540F387800A18B5
:101950009246013200F08280069A52457EDD079A57
:1019600057430C9A5043079A06EB070E50430F9AC1
:101970003118002A4ED0052C28D196F801A04978BC
:101980009EF801E08A453DD1F2450BD00A9AC2F596
:10199000807215920A9A0EFB02FE159A0AFB02EE5D
:1019A000CEF3072E71444910297099B9119B013566
:1019B000099A01331193049B01330493129B13443E
:1019C000089A1293109B1344109372E7062C0CD0C4
:1019D000FF222A701BF80C20315CF75D914220D168
:1019E000B9421ED1049B1970E0E71BF80C20424558
:1019F00005D0325C424502D0F25D4245E8D1002379
:101A00002B70D3E75943C3F580720AFB0211C1F36F
:101A10000721B9E7315CFF201BF80C20F75D287027
:101A2000DCE713F0800F049B18BF0A461A70BDE76D
:101A30001BF80CC0052C049A82F800C00BD0062CB1
:101A400030D04FF0FF0C0A9BC3F1FF020CFB02F2F7
:101A500012122A70AAE796F801C0F4E71BF80CC02E
:101A6000052C049A82F800C019D0062C1AD04FF029
:101A7000FF0CBEF1000F1DD1159A0132E3D0059A7B
:101A8000012AE0D0E1B9013003D0069A012A7FF49F
:101A900027AFC3F1FF030CFB03F31B12B0E796F86B
:101AA00001C0E6E7BCEB080C18BF4FF0FF3C5FFA43
:101AB0008CFCDEE7059A561EB645E3D1012FE0E720
:101AC000069A013A91427FF40BAF0128DFE7838841
:101AD00002880133981A00B27047C38842880133E4
:101AE000981A00B27047012B70B51E46DDE9044517
:101AF00002DCC31E022B07D90138042836D8DFE8E0
:101B000000F00D032A1C140000238A1A2B8002EB1C
:101B1000D272238803EB6203238005E000238A1A34
:101B20002B8023881A44228070BD8A1A013E12B28B
:101B300036B292FBF6F22A80F6E78A1A13B22A88A6
:101B400093FBF6F313441BB22B8003EBD373228871
:101B500002EB6303E0E7891A013609B236B291FB62
:101B6000F6F12980238819442180DDE700232B80AA
:101B7000DAE7136851B1013B002B136001DA002052
:101B800070478268126852F823007047013313606F
:101B9000826851688B42F5DBF1E708B5F0F774FC19
:101BA000BDE80840F1F744B903780A78934211BFC1
:101BB000981A4B784078C01A704703880A88934275
:101BC00011BF981A4B884088C01A704700880B884C
:101BD000C01A7047704710B50024C0E900120461B4
:101BE00044618461C0E9021310BDC268002313611F
:101BF000C26853617047C3685869003818BF012034
:101C000070470368D868704708B501F08EFB0A2258
:101C10000023E0F755FB08BD10B5044601F085FB35
:101C20000A220023E0F74CFB001B10BD4FF4806339
:101C300013B5009300230446C26A1946006B00F0F6
:101C40003AFC226AA36A9B1A584302EBA02002B016
:101C500010BD891A4FF47A7203460029B8BF494271
:101C60005143B1FBF0F0994238BF0130704737B5AE
:101C700000234FF48065044600951946C26A006B44
:101C800000F019FC40F2B6334FF461720021009568
:101C900000F0F1FB226AA36A9B1A584302EBA020D2
:101CA00003B030BD30B5B0F90050B0F90430408811
:101CB000491B5B1B121A03EBD3735C10C3F34F0376
:101CC000D21AC91A644312FB02F211FB01218C42A1
:101CD00034BF0020012030BD8380BDF90030018079
:101CE0004280C3807047013903881944818070475E
:101CF000013943881944C1807047B0F90030B0F908
:101D00000420B0F90210D21AB0F90630581A013086
:101D100002FB0000704789B2038892B25B1A03800D
:101D20008388194443889B1A81804380C3881A445E
:101D3000C2807047038813FA81F30380838813FA03
:101D400081F1438813FA82F381804380C38813FAB8
:101D500082F2C280704770B5B2F900500446B1F902
:101D600000309D42B8BF1D460580B2F90200B1F9AE
:101D700002308342B8BF03466380B2F90400B1F970
:101D80000460B042A8BF3046A080B2F90620B1F985
:101D900006108A42A8BF0A468542E28004DC9342CC
:101DA000CCBF0020012070BD0020FCE710B5B1F9C8
:101DB0000040B2F90030A342A8BF23460380B2F925
:101DC0000230B1F90240A342A8BF23464380B2F9D2
:101DD0000430B1F90440A342B8BF23468380B2F96E
:101DE0000630B1F906209342B8BF1346C38010BD38
:101DF0002DE9F04FB1F9009087B0B0F90040884666
:101E0000A145C0F28880B0F904309945019300F3F0
:101E10008280B1F902A0B0F902B0DA457BDBB0F9FB
:101E200006309A4577DC002A03DC012007B0BDE8C4
:101E3000F08FBDF80400A7B29EB2ADF8104002903A
:101E400001301FFA8BFC0393C01BADF812B0C0F336
:101E5000C03404FA80F0741CA4EB0C044010C4F3EA
:101E6000C03505FA84F56D10A842A8BF28469042F7
:101E7000A8BF104600221CFA80F417FA80F785B23A
:101E800004A8BFB224B2ADF81470ADF81640FFF745
:101E9000AFFF039B024640B13D44ADF8145052469B
:101EA000494604A8FFF7FEFEC0E7761B414604A89A
:101EB000ADF81630B6B2ADF81260FFF799FF0246E2
:101EC00030B12F44751BADF81470ADF81250E6E731
:101ED000029B414604A85F1B019BBFB2ADF81430C2
:101EE000ADF81070FFF784FF024630B17F1B761B00
:101EF000ADF81070ADF81260D1E7414604A8ADF816
:101F000012B0ADF81640FFF773FF00288DD07F1B8D
:101F1000ADF81070C3E7002088E7B0F90020B1F9F0
:101F200004309A4214DCB0F90420B1F900309A422E
:101F30000EDBB0F90220B1F906309A4208DCB0F9A4
:101F40000600B1F902309842B4BF0020012070476A
:101F5000002070472DE9F341B0F900700C46B1F94B
:101F600000301546BB4203DD002002B0BDE8F08121
:101F7000B0F90230B1F902109942F5DCB0F9046011
:101F8000B4F90410B142EFDBB0F90680B4F90610E1
:101F90004145E9DB2AB301A92046ADF80470ADF84C
:101FA0000630FFF725FF0028DED02A4601A920468B
:101FB000ADF80460FFF71CFF0028D5D02A4601A920
:101FC0002046ADF80470ADF80680FFF711FF002839
:101FD000CAD02A4601A92046ADF80460FFF708FFE1
:101FE000C3E70120C1E72DE9F0470C46054611463D
:101FF00016462046FFF791FF002800F08B80002254
:102000002046FFF7A7FF002840F08780B4F802E0E1
:10201000B6F902C0B4F90480ACEB0E07A388B4F99A
:1020200000A03FB22188E288002FB4F9029008DDB9
:102030000120A5F800A0A5F80290A5F80480A5F855
:1020400006C0B4F80280F7884244B6F906C0D21B35
:10205000A2EB0E021FFA82F812B2002A15DDB4F9C3
:102060000620624511DDB4F900A000F1010EB4F9BB
:10207000049005EBC00225F830A047444FFA8EF0DB
:10208000A2F802C0A2F80490D780B6F90220B4F9F1
:102090000270B6F906C09742B6F900E0B4F90080C4
:1020A000B8BF1746B4F906206245A8BF6246AEEB3A
:1020B000080C0FFA8CFCBCF1000F14DDA2EB070C2E
:1020C0000FFA8CFCBCF1000F0DDD00F1010905EBEE
:1020D000C00C25F830804FFA89F0ACF80270ACF8EB
:1020E00004E0ACF806202488B6F904C02344B6887E
:1020F0009B1B5B1A9CB21BB2002B09DD411C05EB3C
:10210000C00325F830C0264448B25F809E80DA8044
:10211000BDE8F0874FF0FF30FAE70020F8E72DE93F
:10212000F341B0F904600C46B1F900301546B342F2
:102130003FDCB0F90680B1F90230434539DCB0F933
:102140000070B1F90430BB4233DBB0F90230B1F9B1
:10215000061099422DDB1AB9002002B0BDE8F081CB
:1021600001A92046ADF80470ADF80630FFF740FE37
:102170000028F1D12A4601A92046ADF80460FFF7F6
:1021800037FE0028E8D12A4601A92046ADF80470A0
:10219000ADF80680FFF72CFE0028DDD12A4601A904
:1021A0002046ADF80460FFF723FE80F00100C0B2C6
:1021B000D3E70120D1E7102A00F1100303D802442D
:1021C000904223D17047103A184603F8101C03F8C8
:1021D0000F1C03F80E1C03F80D1C03F80C1C03F86D
:1021E0000B1C03F80A1C03F8091C03F8081C03F86D
:1021F000071C03F8061C03F8051C03F8041C03F86D
:10220000031C03F8021C03F8011CD4E700F8011BAF
:10221000D6E738B504464068B0B1C368B3B12168A9
:102220009847636805465B8843B1A36833B1D868B3
:1022300008B1F1F75DFEA068F1F75AFE0023C4E98A
:102240000033A360284638BD0B25FBE70925F9E7D5
:1022500037B5044640681346002837D08569002DFD
:1022600036D04288002A2FD0012B18D0022B1BD049
:1022700013B1002003B030BDA3689960A3689A68C9
:1022800019688A4202D35B689A42F2D960680023D7
:1022900085692168AC4603B0BDE830406047A2685C
:1022A00093680B449360E9E70A462168A847002831
:1022B000E0D1606801AA2168C36998470028D9D194
:1022C000A368019A9A60D5E70A46E2E70B20D1E7B6
:1022D0000920CFE709B10368CA50704711B10368FC
:1022E00019444A6070470331002321F00301C0E91B
:1022F00001330160704738B5044600680830F1F7D3
:10230000EFFD054680B1014600222046FFF7E2FFBF
:102310006268FFF7E3FF616811B12A46FFF7DAFF51
:10232000A368656003B9A560284638BDF8B50E46B8
:10233000054668B161B14368994203D1BDE8F840F0
:10234000FFF7D9BF00680830F1F7CAFD044610B99D
:1023500000242046F8BD2B6802462846F758394627
:10236000FFF7BCFF3A462146FFF7B4FF224631464D
:10237000FFF7B0FF32462146FFF7B0FFE9E738B577
:10238000054600680830F1F7ABFD044688B1014608
:1023900000222846FFF7A2FF2146AA68FFF79AFF0E
:1023A000A96811B12246FFF799FF6B68AC6003B9C9
:1023B0006C60204638BD38B50B4640B1D0E90014FA
:1023C000A3420AD10B445968416009B9816038BD04
:1023D0000022BDE83840FFF77DBF85685C58AB42FE
:1023E00009D184600CB94460F1E721460022BDE8C0
:1023F0003840FFF773BF0B4421465D682A46FFF75C
:102400006DFF22462946E4E770B5044608B14568E9
:1024100005B970BD2368294620462B445E68FFF746
:10242000CAFF2846F1F764FD3546F1E700B1406880
:10243000704700B180687047036819444868704766
:102440000368C8587047034640B14268002002B98B
:102450007047196801300A445268F8E7704730B194
:10246000436833B98068B0FA80F0400970470120B2
:10247000704700207047F0B500FB00F6C0F580649F
:102480004243059FB60A04FB04F563437043AD0A5B
:102490007343800A6A436C4303EB4303784302EBC4
:1024A0004202A40A800A4C4300EB125000EB135086
:1024B00000EB9420F0BD8A4210B504461846029BFA
:1024C00004DBA2420EDDA14204DB10BDA24209DA08
:1024D000A142FADD1B1A641A521A5C4394FBF2F40F
:1024E0002044F2E71846F0E7704710801960704703
:1024F0000023036043607047F8B50546144608465C
:102500004FF6FF71AA88EB798A421CD100229A42C9
:1025100001D3002313E0296801EBC20631F8321021
:10252000C1F30D07B8420CD10A042FD44B0403D5D4
:10253000F1F7CAFE206001E07368236001231846AA
:10254000F8BD0132E3E7002BF9D0012B14D02E683F
:10255000002206EB830535F8021BC1F30D07B842D4
:1025600006D10F0412D44D04E2D456F82230E4E729
:1025700001329A42EFD3CCE7C2F30D039842C8D19F
:10258000110403D45304D3D42B68D6E70223D6E72F
:10259000C079B0FA80F040097047000910F0180FB8
:1025A0000CBF00F01F0007207047037D43F00103BC
:1025B00003757047037D6FF300030375704710B513
:1025C0000446FFF721FB2368C31A013B636010BD7B
:1025D00090F900200378002A0FDA03F0E002C02A05
:1025E0000DD003F0F002E02A0BD003F0F800A0F1C8
:1025F000F003584258418000704701207047022084
:102600007047032070470023024673B5019301B958
:1026100001A90B68D5565C1CD05C002D02DB0C6058
:1026200002B070BD00F0E005C02D0ED10C60125D4F
:1026300002F0C004802C4CD1800102F03F02023332
:1026400000F4F86010440B60EAE700F0F005E02DBC
:1026500017D10C60145D04F0C005802D39D19D1C8C
:102660000D60525D02F0C005802D32D1000302F0F2
:102670003F02A401033380B204F47C64104420447C
:10268000E1E700F0F8050C60F02D22D1145D04F0B4
:10269000C005802D1DD19D1C0D60555D05F0C00647
:1026A000802E16D1DE1C0E60925D02F0C006802ED8
:1026B0000FD1800402F03F0224030433AD0100F483
:1026C000E01004F47C3405F47C65044315442819B7
:1026D000B9E70020A4E7232903780FD113B9012318
:1026E000037009E0012B4FF0000202D102700020BC
:1026F0007047022BFBD1027001207047012BF6D1ED
:102700002029F9D10223EBE72DE9F0430F4685B0EC
:1027100090461D46064620B90024204605B0BDE877
:10272000F083002AF8D00378002BF5D00024019420
:102730008DF803400029EFD09DF8309009F0010991
:1027400019E001AB03AA02A93046F2F773F9B9F117
:10275000000F05D002990DF10300FFF7BCFF50B93F
:102760004046DDE90212F0F747FC03B2002B02DD20
:102770002C44044424B2019BBB42E2D3002CC4BFCE
:10278000651B2CB2C9E72DE9F047089D80460F462E
:10279000144699460CB9264612E04FEA540A4046C0
:1027A00009FB0A763146A847002808DDE44306EB1A
:1027B000090704F00104AAEB040A5446EAE7FCD135
:1027C0003046BDE8F08710B590F8483004465B0607
:1027D00003D5806A08B1F1F78BFB94F848306FF3AA
:1027E000861384F848300023A36210BD10B50C4650
:1027F0000846FFF7E8FF94F848301B0702D4606AE8
:10280000F1F776FB0023636210BDA0F84610F9F7DC
:10281000D6BEA0F84410F9F7D2BE5922002108B55F
:10282000FAF77BFD00B208BD5822002108B5FAF77F
:1028300074FD00B208BD5722002108B5FAF76DFDFE
:1028400008BD0122002108B5FAF767FD00B208BDF6
:10285000406A704790F84800C0F30010704709B212
:10286000F9F703BC572208B5FAF757FD08BD002158
:10287000FBF77DB85922002108B5FAF74EFD00B2EA
:1028800008BDF7B506460F460021FFF7EBFF0446EB
:102890004FF480213046FFF7E5FFB4F90850B0F956
:1028A00008403046FFF7E6FF6319F58A03EBD37360
:1028B00000EB63043046F9F788FC6946A4B200EBEC
:1028C000D070E20B05EB6003304602FA84F2A3EB12
:1028D00062039BB21C447B80FC80F9F747FCBDF887
:1028E00000303B80BDF80430BB8003B0F0BDF8B5CC
:1028F00090F82A300446DB0737D5828C0723B2FBD9
:10290000F3F2C38C02EB4201B3FBF2F502FB153389
:1029100013FA81F39BB2B3FBF2F5C38402FB1533C8
:1029200013FA81F101850021FFF79CFF054620463F
:10293000FFF7A0FFB5F9086007462046F9F761FCEC
:1029400005462046FFF793FFE38C06EBD6713E4425
:1029500005EBD57513FB06F34910C1EB6501C91AE8
:10296000BDE8F84009B2F9F780BBF8BD08B50068CA
:10297000FAF7FAFFBDE80840FFF7B9BF70B586B0B7
:102980000546FFF774FF0446E8B14FF4802128465E
:10299000FFF768FF58224FF4802106462846FAF7D1
:1029A000BCFC05B22046FFF753FF002341F6FF723F
:1029B0000146009305A8CDE901232B463246F2F7E4
:1029C00053F8BDF9140006B070BD0B46114690F8DF
:1029D0002A20D207F0B4868C1AD50722B6FBF2F271
:1029E0009A4215D9C48CB4FBF2F515FB02F5ADB2D1
:1029F000641BA7B224B2E41A002CB8BF6442B4EB43
:102A0000520F03D9BB4234BF9B189B1A1D44ABB273
:102A1000B34224BF06F1FF36B3B2F0BCC3840385D2
:102A2000F2F796BEF8B504460D460021FFF71AFFEF
:102A300007462046FFF71EFF0021064632222046A9
:102A4000FAF76BFCB7F90830334413FB05F101EBDF
:102A50004001204609B2BDE8F840F9F73FBB034604
:102A6000C08C93F82A20D20708D507229B8CB3FB91
:102A7000F2F3B0FBF3F203FB120080B2704703469F
:102A800037B553F8082B0446D26C61691068826828
:102A900000919568A188E288A847206803B0BDE846
:102AA0003040FFF7A2B82DE9F04F8B889346CE88CF
:102AB00089B00A880133C76C01369B1A4A88804660
:102AC0000C46B61AFA681FFA83F93D6802F0040A48
:102AD000B6B2FFF790F80390BAF1000F09D03A7D33
:102AE0003AB930B9AA6812680AB12846904701225B
:102AF0003A7506FB09F22846ADF81C90D208AB687F
:102B0000ADF81A60CDF800B005929E6805AB6288FA
:102B10002188ADF81890B047FB681B0708D5AB6853
:102B20002846CDF800B09E6805AB62882188B04782
:102B3000BAF1000F0AD0039B43B13B7D33B1AB68C0
:102B40005B680BB12846984700233B754046FFF76A
:102B50004CF809B0BDE8F08FF0B5C06CBDF9144079
:102B6000C6689DF8185006F00207F6071FD5002C1E
:102B70002646B8BFE61DF61016FB0232634204F08B
:102B8000070403F00703114458BF5C42E3B217B1D6
:102B9000C3F10703DBB20124007C0A7804FA03F3D3
:102BA0000428DBB218D1CDB922EA030317E054435D
:102BB0001A4648BF0734002B4FEAE404B8BFDA1DB9
:102BC00004EBE2045A4203F0070302F00702214437
:102BD00058BF5342DBB2DAE7002DE5D113430B7047
:102BE000F0BDC26CD368D80605D500230B8093884E
:102BF000013B8B807047DB0708D54B8823F0070328
:102C00004B80CB8843F00703CB8070470B8823F0C1
:102C100007030B808B8843F00703EAE730B50D8884
:102C200087B04C888B88C988013300900131ADF89A
:102C300004505B1BADF80640091B05929BB289B29C
:102C4000ADF80C3001FB03F0ADF810304000ADF8EA
:102C50000E1002906846FFF712FF07B030BDBDF9B5
:102C6000000000FB02339DF80400003818BF01206B
:102C7000404221F81300704730B50D8887B04C886A
:102C80008B88C988013300900131ADF804505B1B7B
:102C9000ADF80640091B05929BB289B2ADF80C3025
:102CA00001FB03F0ADF8103000EB4000ADF80E1062
:102CB00002906846FFF7E3FE07B030BD10B5BDF9DE
:102CC000080000FB02339DF80C20002A03EB4303AD
:102CD00014BF4FF0FF324FF07F42C818C2F30744D1
:102CE000CC54C2F307238270437010BD30B50D88F9
:102CF00087B04C888B88C988013300900131ADF8CA
:102D000004505B1BADF80640091B05929BB289B2CB
:102D1000ADF80C3001FB03F0ADF810308000ADF8D9
:102D20000E1002906846FFF7AAFE07B030BD30B51E
:102D30009DF81440BDF90C50FF2C9DF8100005FBC8
:102D4000023308D1002814BF4FF0FF324FF07F420A
:102D500041F8232030BD240658BF11F82300F1E7C5
:102D6000F8B5C36805460C465F681E6938680022DE
:102D70000023F3F741FD06F13403224670B14436D7
:102D800053F8041BB34242F8041BF9D12B78042BEF
:102D900004BF0023A3810023E373F8BD04F11001F5
:102DA00052F8040B8A4243F8040BF9D13B681B6AC2
:102DB000003B18BF0123EFE70369186A704770B53D
:102DC0000146056946680320F3F784FA041E03DB15
:102DD000F168286AF8F703F9204670BD014604201F
:102DE000F3F778BA38B5044650B1E5F779F84FF4FF
:102DF000167305465C43E5F773F8431BA342FAD309
:102E000038BD704740B1C368587810F001001EBF4C
:102E10001878B0FA80F040097047EFF3118310235F
:102E200083F31288BFF36F8FFEE710B5D0E900344B
:102E300033B90020E268537843F00103537010BDAA
:102E4000204698470028F4D00028E368B8BF4042E5
:102E5000FF28A8BFFF201870ECE700F064BB00F06B
:102E60003ABB704710B400F10C04C0E9034410BC35
:102E7000F5F738BB2DE9F04F89B00546914606A815
:102E8000059105F1140ADDE912673B46324600F070
:102E90004EFADDE90634CDE90234EFF311844FF048
:102EA000100888F31288BFF36F8F05F10C0B4A46A8
:102EB00005992846F5F719FA30B184F31188BFF364
:102EC0006F8F09B0BDE8F08F3E43F6D006A8DDE96C
:102ED000022300F050FA5A4621465046DDE90667C3
:102EE000CDE90067F4F70CF9EFF3118488F3128849
:102EF000BFF36F8FDBE707B5CDE900230A46042156
:102F0000FFF7B8FF03B05DF804FB38B50446EFF3F4
:102F10001185102383F31288BFF36F8FF5F7ADF996
:102F200004F10C0000F081F930B1294604F11400DD
:102F3000BDE83840F4F754B985F31188BFF36F8FBB
:102F400038BD102408B5EFF3118384F31288BFF362
:102F50006F8FF6F74BF9F6E790F90E308B4201D000
:102F6000F4F7FAB8002070473AB18A4205D3C0E9B5
:102F70000212C0E90000002070476FF01500704792
:102F8000012302688B4022EA0303036022FA01F066
:102F900000F00100704710B5032104460C30FFF724
:102FA000EFFF30B104F1100000F0A6F9B0FA80F0A4
:102FB000400910BD20B100228830114600F07AB9D6
:102FC000704773B50446EFF31185102383F312881D
:102FD000BFF36F8F0023A0F1100603210438019383
:102FE000FFF7CEFF28B1A36901A930460193F3F79B
:102FF000FBFD85F31188BFF36F8F02B070BD38B54C
:1030000004460D461022002100F08DFA656038BD9F
:1030100013B501900846EFF31184102383F312884F
:10302000BFF36F8F01A9F3F7DFFD84F31188BFF3BE
:103030006F8F02B010BD10B5FFF7EAFF041E08DD68
:10304000EFF31180102383F31288BFF36F8FF4F72F
:10305000F7F8204610BD38B530220D460021044651
:1030600000F061FA4FF480736560E36038BDEFF300
:103070000580003818BF012070476FF05700704777
:1030800000207047F4F7BEB8D0E9003213605A60F0
:103090000023C0E90033704708B5FFF7F5FF437B15
:1030A00023F0020343730023836008BD38B5044650
:1030B0000D46F3F731FF637B43F002036373E5B121
:1030C000A5602B689D4209D16B68C4E900531C6060
:1030D0006C6012E06A689A42F6D01B68002BF3D04D
:1030E00094F90E2093F90E108A42F3D09142F1DD4B
:1030F0005A68C4E9003214605C6038BD10B5EFF363
:103100001184102383F31288BFF36F8FF3F71CFF32
:1031100084F31188BFF36F8F10BD10B504461830CB
:1031200000F0EAF8EFF31181102383F31288BFF364
:103130006F8F627B1A4004D081F31188BFF36F8FC9
:1031400010BD2046BDE81040F3F732BF08B5EFF3DD
:103150001181102282F31288BFF36F8F83680BB145
:10316000FFF79AFF81F31188BFF36F8F08BD38B561
:103170000446EFF31185102383F31288BFF36F8F9A
:10318000437B13F0280F0BD183680BB1FFF784FF4B
:10319000637B51B903F0FB0320466373F3F7D4FE5E
:1031A00085F31188BFF36F8F38BD03F0EB03F3E7AE
:1031B00001211838FFF7DBBF08B50346EFF3118193
:1031C000102282F31288BFF36F8F0068834207D00A
:1031D00008B1FFF761FF81F31188BFF36F8F08BD5E
:1031E0000020F8E738B5EFF31185102383F3128838
:1031F000BFF36F8F0468A0420DD034B12046FFF7B3
:103200004BFF04F1180000F077F885F31188BFF345
:103210006F8F204638BD0024F7E710B5FFF796FF03
:103220001830BDE8104000F067B838B505460468AE
:103230000020AC4200D138BD002CFCD02046FFF766
:10324000ECFF2046FFF75AFF2C680120A542F1E76A
:10325000C11763304FF0640241F1000108B500234B
:10326000DFF72EF8C117F4F779F86423584308BD47
:10327000EFF31181102282F31288BFF36F8F027B6C
:10328000D2070CD581F31188BFF36F8F002383F32E
:103290001188BFF36F8F0423184602DF7047437B0A
:1032A0001B0704D581F31188BFF36F8F704701228C
:1032B000F3F77EBE38B5EFF31185102383F3128840
:1032C000BFF36F8F0468A04212D09CB1A167204663
:1032D0006261FFF7E1FE04F1180000F00DF82046EE
:1032E000F3F732FE012085F31188BFF36F8F38BDED
:1032F0000020F8E72046F6E710B5EFF3118410221E
:1033000082F31288BFF36F8F03683BB1F4F760F963
:10331000002084F31188BFF36F8F10BD6FF015008C
:10332000F7E708B5F4F774FA08BDF4F771BAB3F12A
:10333000FF3F08BFB2F1FF3F70B504461D46164679
:1033400013D01A4315D06FF001024FF0FF33921BD8
:1033500063EB0501002904DAF4F75AFA821941EB0C
:1033600005012046C4E9002170BD4FF0FF3211462F
:10337000F7E70022FBE7B3F1FF3F08BFB2F1FF3FE1
:10338000F8B5074616461C4610D054EA020311D081
:10339000F4F73EFAB0420A460346A1410AD2F31AB4
:1033A00064EB02043846C7E90034F8BD4FF0FF3340
:1033B0001C46F7E70023FBE70023C0E9081200F1F1
:1033C000180203634363C0E90622C0E90033704773
:1033D00010B50446FFF790FFA8B9636A0BB1204609
:1033E000984704F11800FFF7E7FE60B1FFF786FE8B
:1033F000EFF31180102383F31288BFF36F8FBDE8C2
:103400001040F3F71DBF10BD0A220021F4F736BBB0
:1034100010B5024601448A42134603D01C7801329B
:10342000002CF8D1181A10BDF0B5C3F137070446C7
:10343000FFB203F01F031046082BE6B233D0102B67
:103440003ED06508A40844EA817445EAC1752D1987
:103450004FEA910242EB5102290941EA02716D18CB
:1034600042EB1212290A41EA02616D1842EB122264
:10347000290C41EA02416D1842EB1242AD1842F1AB
:103480000002EC0844EA4274D10804EB8402A6EB83
:103490004205EDB2092D0CD90134A5F10A0541F11F
:1034A0000001EDB212E0E40844EA417406F00705B9
:1034B000C908303554EA010200F8015BBCD1F0BD07
:1034C000240944EA017406F00F050909092D84BF97
:1034D000ED19EDB2EDE70A44914200F1FF3300D15E
:1034E000704710B511F8014B03F8014F9142F9D123
:1034F00010BD884210B501EB020402D98442234674
:1035000007D8431EA14208D011F8012B03F8012F60
:10351000F8E7024401468A4200D110BD13F8014D7C
:1035200002F8014DF7E702440346934200D1704789
:1035300003F8011BF9E7D1E9043293421EBF5A1C7C
:103540000A61187070470000014800687047000069
:0435500098BA2820DD
:08355400A0EDFD7F0100000065
:10355C004D99016000000000613600600000000021
:10356C00B57600600000000069920160643602606C
:10357C003567016000000000E59D01608C3602603B
:10358C000D54006078360260F16D006000000000A0
:10359C001D7D006000000000E537006000000000A9
:1035AC008D620060000000002F96016040370260C1
:1035BC00559601602C370260A196016004370260B9
:1035CC00C7960160F03602604B950160DC360260F4
:1035DC0027970160C8360260ED960160B436026030
:1035EC0023970160A03602607B9601601837026059
:1035FC000156006000000000A1790160000000008D
:10360C000577006054370260F57700607C37026004
:10361C00F5770060683702604563006000000000C9
:10362C005D6E0060903702604D720060A4370260DE
:10363C0000000000CC37026000000000E0370260A0
:10364C0031750060B8370260038F01600000000024
:08365C00A960016000000000FC
:10366400D16F026000000000483F0260828428207D
:103674000000000007680260F8862820BC3E026053
:10368400808428200080282019720260D0540260AF
:10369400305502609E842820A4BC2820E07002607B
:1036A400D43F0260245402608684282038BC282039
:1036B400EE7002606842026024540260888428200C
:1036C40044BC2820FC700260AC44026024540260B4
:1036D4008A84282050BC28200A7102604047026076
:1036E400245402608C8428205CBC28201871026059
:1036F400D4490260245402608E84282068BC2820A7
:1037040026710260244A02602454026090842820B6
:1037140074BC282034710260B84C026024540260E6
:103724009284282080BC282042710260FC4E0260F2
:1037340024540260948428208CBC28205071026098
:1037440090510260245402609684282098BC28205A
:10375400FD71026000000000C85402609C842820AF
:10376400A8952820187302608C550260BC5602602C
:10377400A08428202883282025730260285602600C
:10378400BC560260A2842820BC832820CE7002602C
:10379400643F0260AC3F026084842820FEC328207A
:1037A400D971026048540260000000009884282007
:1037B400FFC32820F87102609C54026000000000DE
:1037C4009A8428201095282050C30260B05D0260BE
:1037D40000000000A484282004C3282062C30260DF
:1037E400C05D026000000000A684282048C3282091
:1037F40000000000D791016000000000D791016033
:1038040000000000D791016000000000D791016022
:1038140000000000D791016000000000D791016012
:1038240000000000D791016000000000D791016002
:1038340000000000D791016000000000D7910160F2
:1038440000000000D791016000000000D7910160E2
:1038540000000000D791016000000000D7910160D2
:1038640000000000D791016000000000D7910160C2
:1038740000000000D791016000000000D7910160B2
:1038840000000000D791016000000000D7910160A2
:1038940000000000D791016000000000D791016092
:1038A40000000000D791016000000000D791016082
:1038B40000000000D79101608C360260399C0160E1
:1038C40000000000D791016000000000D791016062
:1038D40000000000D791016000000000D791016052
:1038E40000000000D791016000000000D791016042
:1038F40000000000D791016000000000D791016032
:103904007C370260CB9E016068370260CB9E016009
:1039140000000000D791016000000000D791016011
:1039240000000000D791016000000000D791016001
:1039340000000000D791016000000000D7910160F1
:1039440000000000D791016000000000D7910160E1
:1039540000000000D791016000000000D7910160D1
:1039640000000000D791016000000000D7910160C1
:1039740000000000D791016000000000D7910160B1
:1039840000000000D791016000000000D7910160A1
:1039940000000000D791016000000000D791016091
:1039A40000000000D791016000000000D791016081
:1039B40000000000D791016000000000D791016071
:1039C40000000000D791016000000000D791016061
:1039D40000000000D791016000000000D791016051
:1039E40000000000D791016000000000D791016041
:1039F40000000000D791016000000000D791016031
:103A040000000000D791016000000000D791016020
:103A140000000000D791016000000000D791016010
:103A240000000000D791016000000000D791016000
:103A340000000000D791016000000000D7910160F0
:103A440000000000D791016000000000D7910160E0
:103A540000000000D791016000000000D7910160D0
:103A640000000000D791016000000000D7910160C0
:103A740040370260F196016040370260F1960160C0
:103A84002C370260F19601602C370260F1960160D8
:103A940018370260F196016018370260F1960160F0
:103AA40004370260F196016004370260F196016008
:103AB400F0360260F1960160F0360260F196016022
:103AC40000000000D791016000000000D791016060
:103AD40000000000D791016000000000D791016050
:103AE40000000000D791016000000000D791016040
:103AF40000000000D791016000000000D791016030
:103B040000000000D791016000000000D79101601F
:103B140000000000D791016000000000D79101600F
:103B240000000000D791016000000000D7910160FF
:103B340000000000D791016000000000D7910160EF
:103B440000000000D791016000000000D7910160DF
:103B540000000000D791016000000000D7910160CF
:103B640000000000D791016000000000D7910160BF
:103B740000000000D791016000000000396300607C
:103B840000000000D791016000000000D79101609F
:103B940000000000D791016000000000D79101608F
:103BA40000000000D791016000000000D79101607F
:103BB40000000000D791016000000000D79101606F
:103BC40000000000D791016000000000D79101605F
:103BD40000000000D791016000000000D79101604F
:103BE40000000000D791016000000000D79101603F
:103BF40000000000D791016000000000D79101602F
:103C040000000000D791016000000000D79101601E
:103C140000000000D791016000000000D79101600E
:103C240000000000D791016000000000D7910160FE
:103C340000000000D791016000000000D7910160EE
:103C440000000000D791016000000000D7910160DE
:103C540000000000D791016000000000D7910160CE
:103C640000000000D791016000000000D7910160BE
:103C740000000000D791016000000000D7910160AE
:103C840000000000D791016000000000D79101609E
:103C940000000000D791016000000000D79101608E
:103CA40000000000D791016000000000D79101607E
:103CB40000000000D791016000000000D79101606E
:103CC40000000000D791016000000000D79101605E
:103CD40000000000D791016000000000D79101604E
:103CE40000000000D791016000000000D79101603E
:043CF400FFFFFFFFD0
:103CF80000932820000D292000040000B162006014
:103D08000000000000000000000000000E0000009D
:103D1800000000005CC3026000000000000000001A
:103D2800675F026003000000266302600300000072
:103D3800DE6F026003000000D4710260030000001F
:103D48005CC3026003000000ED7102600300000024
:103D5800556302600300000059630260030000001D
:103D6800816402600300000027C3026002000000B3
:103D7800096C0260030000004AC4026003000000EE
:103D88003273026003000000D87002600300000074
:103D98002772026001000000C56F02600300000086
:103DA80070670260030000004F66026003000000B5
:083DB800FA670260030000003D
:103DC000A03E0260B88228207064026001000000FA
:103DD000A437026029630160000000007163016084
:103DE00087C4026000010000FF1FFF1F01E001E027
:103DF00000C2010000000800112233445566778894
:103E000099AABBCCDDEEFF006400000000000000BA
:103E100003000000183E026000000060376302608B
:103E20002C000207000028203F63026022000B11D3
:103E3000000000804663026038001001208E2820B8
:103E400000010000898C01601F8C016002000000ED
:103E5000258E01600000000000000000000000004E
:103E6000000000005064026058640260000000001E
:103E700000000000000000006064026064640260F2
:103E8000686402606C640260903E0260A0B8282002
:103E9000FD410060B8B82820E8C3282001000000D8
:103EA000C38E0160B98E0160A98E01609D8E016094
:103EB00000000000918E016000000000A7910160E9
:103EC00099540060000000001F900160379001606D
:103ED0001953006051910160A5520060998F0160F3
:103EE000A38F016085520060B18F01600000000067
:103EF000BB8F01600000000000000000C38F016064
:103F0000E18F0160E58F016093900160ED8F0160AA
:103F1000000028200080000000000C1100802820F4
:103F20000000000000000B06283F026000000000B7
:103F3000DD90006089910060CBA40160D7A401608E
:103F4000CD9100605BA501605F9201606D920160A0
:103F500000000000596D00600000000063920160E5
:103F6000000000006837026050C30000000100003C
:103F70002C370260130001000000000018370260B7
:103F8000160000001837026017000100C19301609D
:103F90008D93016071920160400080000000003F3D
:103FA00022010100000000000A0000009D92016053
:103FB0008592016029700060000000000000000090
:103FC00000000000B5920160D1920160EF920160A3
:103FD00000000000FFFFFFFF00C00042E83F02605A
:103FE0005E7102602000000014801F4004821F40A8
:103FF0000000000074C00A400005010018801F4046
:1040000008821F400000000074C00A400105010042
:104010001C801F400C821F400000000074C00A403A
:104020000205010020801F4010821F400000000098
:1040300074C00A400305010024801F4014821F4001
:104040000000000074C00A400405010028801F40E1
:1040500018821F400000000074C00A4005050100DE
:104060002C801F401C821F400000000074C00A40CA
:104070000605010030801F4020821F400000000024
:1040800074C00A400705010034801F4024821F408D
:104090000000000074C00A400805010038801F407D
:1040A00028821F400000000074C00A40090501007A
:1040B0003C801F402C821F400000000074C00A405A
:1040C0000A05010040801F4030821F4000000000B0
:1040D00074C00A400B05010044801F4034821F4019
:1040E0000000000074C00A400C05010048801F4019
:1040F00038821F400000000074C00A400D05010016
:104100004C801F403C821F400000000074C00A40E9
:104110000E05010050801F4040821F40000000003B
:1041200074C00A400F05010054801F4044821F40A4
:104130000000000074C00A401005010058801F40B4
:1041400048821F400000000074C00A4011050100B1
:104150005C801F404C821F400000000074C00A4079
:104160001205010060801F4050821F4000000000C7
:1041700074C00A401305010064801F4054821F4030
:104180000000000074C00A401405010068801F4050
:1041900058821F400000000074C00A40150501004D
:1041A0006C801F405C821F400000000074C00A4009
:1041B0001605010070801F4060821F400000000053
:1041C00074C00A401705010074801F4064821F40BC
:1041D0000000000074C00A401805010078801F40EC
:1041E00068821F400000000074C00A4019050100E9
:1041F0007C801F406C821F400000000074C00A4099
:104200001A05010080801F4070821F4000000000DE
:1042100074C00A401B05010084801F4074821F4047
:104220000000000074C00A401C05010088801F4087
:1042300078821F400000000074C00A401D05010084
:104240008C801F407C821F400000000074C00A4028
:104250001E05010090801F4080821F40000000006A
:1042600074C00A401F050100FFFFFFFF00800042ED
:104270007C4202605E7102601C000000D4811F401D
:10428000C4831F400000000070C00A400005010008
:10429000D8811F40C8831F400000000070C00A4042
:1042A00001050100DC811F40CC831F40000000009D
:1042B00070C00A4002050100E0811F40D0831F400A
:1042C0000000000070C00A4003050100E4811F40A7
:1042D000D4831F400000000070C00A4004050100A4
:1042E000E8811F40D8831F400000000070C00A40D2
:1042F00005050100EC811F40DC831F400000000029
:1043000070C00A4006050100F0811F40E0831F4095
:104310000000000070C00A4007050100F4811F4042
:10432000E4831F400000000070C00A40080501003F
:10433000F8811F40E8831F400000000070C00A4061
:1043400009050100FC811F40EC831F4000000000B4
:1043500070C00A400A05010000821F40F0831F4020
:104360000000000070C00A400B050100BC811F4026
:10437000AC831F400000000070C00A400C05010023
:10438000C0811F40B0831F400000000070C00A4081
:104390000D050100C4811F40B4831F4000000000D0
:1043A00070C00A400E050100C8811F40B8831F403D
:1043B0000000000070C00A400F050100CC811F40C2
:1043C000BC831F400000000070C00A4010050100BF
:1043D000D0811F40C0831F400000000070C00A4011
:1043E0001105010094801F4084821F4000000000DE
:1043F00070C00A401205010098801F4088821F404B
:104400000000000070C00A40130501009C801F409E
:104410008C821F400000000070C00A40140501009B
:10442000A0801F4090821F400000000070C00A4022
:1044300015050100A4801F4094821F400000000069
:1044400070C00A4016050100A8801F4098821F40D6
:104450000000000070C00A4017050100AC801F403A
:104460009C821F400000000070C00A401805010037
:10447000B0801F40A0821F400000000070C00A40B2
:1044800019050100B4801F40A4821F4000000000F5
:1044900070C00A401A050100B8801F40A8821F4062
:1044A0000000000070C00A401B050100FFFFFFFF75
:1044B00000400042C04402605E71026020000000C3
:1044C0003C811F402C831F40000000006CC00A404C
:1044D0000005010040811F4030831F4000000000A4
:1044E0006CC00A400105010044811F4034831F4015
:1044F000000000006CC00A400205010048811F4016
:1045000038831F40000000006CC00A400305010012
:104510004C811F403C831F40000000006CC00A40DB
:104520000405010050811F4040831F40000000002F
:104530006CC00A400505010054811F4044831F40A0
:10454000000000006CC00A400605010058811F40B1
:1045500048831F40000000006CC00A4007050100AE
:104560005C811F404C831F40000000006CC00A406B
:104570000805010060811F4050831F4000000000BB
:104580006CC00A400905010064811F4054831F402C
:10459000000000006CC00A400A05010068811F404D
:1045A00058831F40000000006CC00A400B0501004A
:1045B0006C811F405C831F40000000006CC00A40FB
:1045C0000C05010070811F4060831F400000000047
:1045D0006CC00A400D05010074811F4064831F40B8
:1045E000000000006CC00A400E05010078811F40E9
:1045F00068831F40000000006CC00A400F050100E6
:104600007C811F406C831F40000000006CC00A408A
:104610001005010080811F4070831F4000000000D2
:104620006CC00A401105010084811F4074831F4043
:10463000000000006CC00A401205010088811F4084
:1046400078831F40000000006CC00A401305010081
:104650008C811F407C831F40000000006CC00A401A
:104660001405010090811F4080831F40000000005E
:104670006CC00A401505010094811F4084831F40CF
:10468000000000006CC00A401605010098811F4020
:1046900088831F40000000006CC00A40170501001D
:1046A0009C811F408C831F40000000006CC00A40AA
:1046B00018050100A0811F4090831F4000000000EA
:1046C0006CC00A4019050100A4811F4094831F405B
:1046D000000000006CC00A401A050100A8811F40BC
:1046E00098831F40000000006CC00A401B050100B9
:1046F000AC811F409C831F40000000006CC00A403A
:104700001C050100B0811F40A0831F400000000075
:104710006CC00A401D050100B4811F40A4831F40E6
:10472000000000006CC00A401E050100B8811F4057
:10473000A8831F40000000006CC00A401F05010054
:10474000FFFFFFFF00000042544702605E710260FD
:1047500020000000BC801F40AC821F400000000011
:1047600068C00A4000050100C0801F40B0821F40A1
:104770000000000068C00A4001050100C4801F401D
:10478000B4821F400000000068C00A40020501001A
:10479000C8801F40B8821F400000000068C00A4067
:1047A00003050100CC801F40BC821F4000000000B8
:1047B00068C00A4004050100D0801F40C0821F402D
:1047C0000000000068C00A4005050100D4801F40B9
:1047D000C4821F400000000068C00A4006050100B6
:1047E000D8801F40C8821F400000000068C00A40F7
:1047F00007050100DC801F40CC821F400000000044
:1048000068C00A4008050100E0801F40D0821F40B8
:104810000000000068C00A4009050100E4801F4054
:10482000D4821F400000000068C00A400A05010051
:10483000E8801F40D8821F400000000068C00A4086
:104840000B050100EC801F40DC821F4000000000CF
:1048500068C00A400C050100F0801F40E0821F4044
:104860000000000068C00A400D050100F4801F40F0
:10487000E4821F400000000068C00A400E050100ED
:10488000F8801F40E8821F400000000068C00A4016
:104890000F050100FC801F40EC821F40000000005B
:1048A00068C00A401005010000811F40F0821F40CF
:1048B0000000000068C00A401105010004811F408B
:1048C000F4821F400000000068C00A401205010089
:1048D00008811F40F8821F400000000068C00A40A5
:1048E000130501000C811F40FC821F4000000000E6
:1048F00068C00A401405010010811F4000831F405A
:104900000000000068C00A401505010014811F4026
:1049100004831F400000000068C00A401605010023
:1049200018811F4008831F400000000068C00A4033
:10493000170501001C811F400C831F400000000070
:1049400068C00A401805010020811F4010831F40E5
:104950000000000068C00A401905010024811F40C2
:1049600014831F400000000068C00A401A050100BF
:1049700028811F4018831F400000000068C00A40C3
:104980001B0501002C811F401C831F4000000000FC
:1049900068C00A401C05010030811F4020831F4071
:1049A0000000000068C00A401D05010034811F405E
:1049B00024831F400000000068C00A401E0501005B
:1049C00038811F4028831F400000000068C00A4053
:1049D0001F050100FFFFFFFF00000C40E8490260D7
:1049E0005E7102600300000000800A4018800A40E7
:1049F00000000000000000000005000004800A40E4
:104A00001C800A40000000000000000000050000BB
:104A100008800A4020800A400000000000000000DA
:104A200000050000FFFFFFFF00401C40384A026005
:104A30005E7102602000000014801F4004821F404D
:104A40000000000074C00A400005000018801F40EC
:104A500008821F400000000074C00A4001050000E9
:104A60001C801F400C821F400000000074C00A40E0
:104A70000205000020801F4010821F40000000003F
:104A800074C00A400305000024801F4014821F40A8
:104A90000000000074C00A400405000028801F4088
:104AA00018821F400000000074C00A400505000085
:104AB0002C801F401C821F400000000074C00A4070
:104AC0000605000030801F4020821F4000000000CB
:104AD00074C00A400705000034801F4024821F4034
:104AE0000000000074C00A400805000038801F4024
:104AF00028821F400000000074C00A400905000021
:104B00003C801F402C821F400000000074C00A40FF
:104B10000A05000040801F4030821F400000000056
:104B200074C00A400B05000044801F4034821F40BF
:104B30000000000074C00A400C05000048801F40BF
:104B400038821F400000000074C00A400D050000BC
:104B50004C801F403C821F400000000074C00A408F
:104B60000E05000050801F4040821F4000000000E2
:104B700074C00A400F05000054801F4044821F404B
:104B80000000000074C00A401005000058801F405B
:104B900048821F400000000074C00A401105000058
:104BA0005C801F404C821F400000000074C00A401F
:104BB0001205000060801F4050821F40000000006E
:104BC00074C00A401305000064801F4054821F40D7
:104BD0000000000074C00A401405000068801F40F7
:104BE00058821F400000000074C00A4015050000F4
:104BF0006C801F405C821F400000000074C00A40AF
:104C00001605000070801F4060821F4000000000F9
:104C100074C00A401705000074801F4064821F4062
:104C20000000000074C00A401805000078801F4092
:104C300068821F400000000074C00A40190500008F
:104C40007C801F406C821F400000000074C00A403E
:104C50001A05000080801F4070821F400000000085
:104C600074C00A401B05000084801F4074821F40EE
:104C70000000000074C00A401C05000088801F402E
:104C800078821F400000000074C00A401D0500002B
:104C90008C801F407C821F400000000074C00A40CE
:104CA0001E05000090801F4080821F400000000011
:104CB00074C00A401F050000FFFFFFFF00001C40FA
:104CC000CC4C02605E7102601C000000D4811F4069
:104CD000C4831F400000000070C00A4000050000AF
:104CE000D8811F40C8831F400000000070C00A40E8
:104CF00001050000DC811F40CC831F400000000044
:104D000070C00A4002050000E0811F40D0831F40B0
:104D10000000000070C00A4003050000E4811F404D
:104D2000D4831F400000000070C00A40040500004A
:104D3000E8811F40D8831F400000000070C00A4077
:104D400005050000EC811F40DC831F4000000000CF
:104D500070C00A4006050000F0811F40E0831F403C
:104D60000000000070C00A4007050000F4811F40E9
:104D7000E4831F400000000070C00A4008050000E6
:104D8000F8811F40E8831F400000000070C00A4007
:104D900009050000FC811F40EC831F40000000005B
:104DA00070C00A400A05000000821F40F0831F40C7
:104DB0000000000070C00A400B050000BC811F40CD
:104DC000AC831F400000000070C00A400C050000CA
:104DD000C0811F40B0831F400000000070C00A4027
:104DE0000D050000C4811F40B4831F400000000077
:104DF00070C00A400E050000C8811F40B8831F40E4
:104E00000000000070C00A400F050000CC811F4068
:104E1000BC831F400000000070C00A401005000065
:104E2000D0811F40C0831F400000000070C00A40B6
:104E30001105000094801F4084821F400000000084
:104E400070C00A401205000098801F4088821F40F1
:104E50000000000070C00A40130500009C801F4045
:104E60008C821F400000000070C00A401405000042
:104E7000A0801F4090821F400000000070C00A40C8
:104E800015050000A4801F4094821F400000000010
:104E900070C00A4016050000A8801F4098821F407D
:104EA0000000000070C00A4017050000AC801F40E1
:104EB0009C821F400000000070C00A4018050000DE
:104EC000B0801F40A0821F400000000070C00A4058
:104ED00019050000B4801F40A4821F40000000009C
:104EE00070C00A401A050000B8801F40A8821F4009
:104EF0000000000070C00A401B050000FFFFFFFF1C
:104F000000C01B40104F02605E7102602000000074
:104F10003C811F402C831F40000000006CC00A40F1
:104F20000005000040811F4030831F40000000004A
:104F30006CC00A400105000044811F4034831F40BB
:104F4000000000006CC00A400205000048811F40BC
:104F500038831F40000000006CC00A4003050000B9
:104F60004C811F403C831F40000000006CC00A4081
:104F70000405000050811F4040831F4000000000D6
:104F80006CC00A400505000054811F4044831F4047
:104F9000000000006CC00A400605000058811F4058
:104FA00048831F40000000006CC00A400705000055
:104FB0005C811F404C831F40000000006CC00A4011
:104FC0000805000060811F4050831F400000000062
:104FD0006CC00A400905000064811F4054831F40D3
:104FE000000000006CC00A400A05000068811F40F4
:104FF00058831F40000000006CC00A400B050000F1
:105000006C811F405C831F40000000006CC00A40A0
:105010000C05000070811F4060831F4000000000ED
:105020006CC00A400D05000074811F4064831F405E
:10503000000000006CC00A400E05000078811F408F
:1050400068831F40000000006CC00A400F0500008C
:105050007C811F406C831F40000000006CC00A4030
:105060001005000080811F4070831F400000000079
:105070006CC00A401105000084811F4074831F40EA
:10508000000000006CC00A401205000088811F402B
:1050900078831F40000000006CC00A401305000028
:1050A0008C811F407C831F40000000006CC00A40C0
:1050B0001405000090811F4080831F400000000005
:1050C0006CC00A401505000094811F4084831F4076
:1050D000000000006CC00A401605000098811F40C7
:1050E00088831F40000000006CC00A4017050000C4
:1050F0009C811F408C831F40000000006CC00A4050
:1051000018050000A0811F4090831F400000000090
:105110006CC00A4019050000A4811F4094831F4001
:10512000000000006CC00A401A050000A8811F4062
:1051300098831F40000000006CC00A401B0500005F
:10514000AC811F409C831F40000000006CC00A40DF
:105150001C050000B0811F40A0831F40000000001C
:105160006CC00A401D050000B4811F40A4831F408D
:10517000000000006CC00A401E050000B8811F40FE
:10518000A8831F40000000006CC00A401F050000FB
:10519000FFFFFFFF00801B40A45102605E710260B0
:1051A00020000000BC801F40AC821F4000000000B7
:1051B00068C00A4000050000C0801F40B0821F4048
:1051C0000000000068C00A4001050000C4801F40C4
:1051D000B4821F400000000068C00A4002050000C1
:1051E000C8801F40B8821F400000000068C00A400D
:1051F00003050000CC801F40BC821F40000000005F
:1052000068C00A4004050000D0801F40C0821F40D3
:105210000000000068C00A4005050000D4801F405F
:10522000C4821F400000000068C00A40060500005C
:10523000D8801F40C8821F400000000068C00A409C
:1052400007050000DC801F40CC821F4000000000EA
:1052500068C00A4008050000E0801F40D0821F405F
:105260000000000068C00A4009050000E4801F40FB
:10527000D4821F400000000068C00A400A050000F8
:10528000E8801F40D8821F400000000068C00A402C
:105290000B050000EC801F40DC821F400000000076
:1052A00068C00A400C050000F0801F40E0821F40EB
:1052B0000000000068C00A400D050000F4801F4097
:1052C000E4821F400000000068C00A400E05000094
:1052D000F8801F40E8821F400000000068C00A40BC
:1052E0000F050000FC801F40EC821F400000000002
:1052F00068C00A401005000000811F40F0821F4076
:105300000000000068C00A401105000004811F4031
:10531000F4821F400000000068C00A40120500002F
:1053200008811F40F8821F400000000068C00A404A
:10533000130500000C811F40FC821F40000000008C
:1053400068C00A401405000010811F4000831F4000
:105350000000000068C00A401505000014811F40CD
:1053600004831F400000000068C00A4016050000CA
:1053700018811F4008831F400000000068C00A40D9
:10538000170500001C811F400C831F400000000017
:1053900068C00A401805000020811F4010831F408C
:1053A0000000000068C00A401905000024811F4069
:1053B00014831F400000000068C00A401A05000066
:1053C00028811F4018831F400000000068C00A4069
:1053D0001B0500002C811F401C831F4000000000A3
:1053E00068C00A401C05000030811F4020831F4018
:1053F0000000000068C00A401D05000034811F4005
:1054000024831F400000000068C00A401E05000001
:1054100038811F4028831F400000000068C00A40F8
:105420001F0500004F950160EF930160FB93016041
:105430000D9401601994016025940160319401601C
:10544000F9940160000000001E000000050000004B
:105450006054026080932820D17100600000000039
:10546000403702601C001100130000002C3702605E
:105470001A001100140000002C3702600C0011000B
:10548000150000000437026007001100160000003C
:10549000403702601D0011001C0000004037026010
:1054A00015001100403702601400110000000000D8
:1054B0000000000000000000DC050000000000000B
:1054C000C800000008000400019A0160479A0160CA
:1054D0000080194064360260F0540260000300004E
:1054E00000C201000000000000000000679C016095
:1054F000F854026001000000005502600200000044
:10550000C8801F40B8821F4050851F400000000027
:105510000012000070100000C4801F40B4821F40C1
:1055200054851F40000000000012000070100000B1
:105530005F9E0160D99B0160059C01602F9E016008
:10554000979A0160A79B0160599B0160E39A0160F3
:10555000BF9A01600F9B0160D79A0160B39A016006
:10556000FF9A0160EF9A0160CB9A0160A79A0160EF
:105570002D9B01608B9A01608F9A016000000000F2
:10558000000000002C3702601300010000003A40C8
:105590006436026000050000B59E01600000000056
:1055A0000000000000000000B05502600000000094
:1055B000B855026001000000C05502600400000000
:1055C00084811F4074831F40000000000000000021
:1055D000000200007010000048811F4038831F4007
:1055E00020851F4000000000000300007010000034
:1055F00040811F4030831F4024851F400000000071
:10560000000300007010000044811F4034831F40DD
:1056100028851F40000000000003000070100000FB
:10562000000000000000000000C039406436026045
:10563000000500009F9E01600000000000000000C7
:10564000000000004C56026000000000545602604A
:10565000010000005C560260040000002C811F4025
:105660001C831F400C851F4000000000001200003A
:1056700070100000BC801F40AC821F4010851F408E
:10568000000000000007000070100000C4801F40F0
:10569000B4821F4014851F40000000000007000076
:1056A00070100000C0801F40B0821F4018851F404E
:1056B000000000000007000070100000897A006000
:1056C000559F016040787D0180F0FA0200E1F50508
:1056D000405973070000000024EB00800000000028
:1056E00024F00080000000001CF700800000000093
:1056F00018FD0080000000003CEB0080000000006E
:1057000018FA0080000000002479008028E600805C
:1057100028E007802CE600802CE0078028F6008037
:1057200028F007800000000038F307800000000028
:1057300020E207800000000024E0078038EC0080B1
:1057400018F7008030F9008030F6008030EC0080DF
:1057500030E9008028E9008028F900801C300080B2
:105760001C3100801C7D0080186800803C6900802E
:1057700018640080186E00801C6A00801C6C008019
:105780001C6E008038320080206800802426008053
:1057900038EF008030740080306700802073008014
:1057A00000000000004018400080184000C0184071
:1057B00000001940004019400080194000C0194005
:1057C00000001A400000000095B2016035B800608A
:1057D0000000000005B60160820082004A0200005D
:1057E00005F6016027F6016067F601605D31016032
:1057F000153101601000030000FF0100085802602D
:105800000000000000000000EB95026058580260A4
:10581000305802602058026010000228A4BD2820E1
:10582000028902604D950260AF9402603D31000034
:10583000200000005F0001000000000000000000E8
:1058400000000200B0000000F3F760001E5E02607E
:10585000000000003E000300000000000000000007
:105860000000C003000000000000C003030A0000A5
:105870000F008005050500051C00D0090A0A00007C
:105880004E00B008090F00FE9200D00B0C0A000079
:10589000CE00A0090A0B00FF0501F0020305000578
:1058A0000D01B004040E01FD2901C004040E00FD29
:1058B0004501A0050606000557012008080700025B
:1058C00073013003030500FE7B016005050300033F
:1058D00083013003030300008801F004070EFFFF7B
:1058E000B9015009090A0000E6013005040A000068
:1058F000FA011008080A000022020008080A000045
:105900004A0260090A0A00007C021008080A000026
:10591000A402A008090A0000D1026008080A0000D9
:10592000F9020009090A00002603A008080A00007D
:105930004E033003030800005A033003030B00FD3D
:105940006B032008080800018B03200808060002EA
:10595000A303200808080001C3030008080A000088
:10596000EB03800E0E0D00FD4604400A0C0AFF00FA
:105970008204A00A090A0100AF04200A0A0A0000F2
:10598000E104900B0A0A010013056009080A0100EE
:105990003B05E008080A01006305D00A0A0A000076
:1059A0009505600B090A0100C2055004020A0100B6
:1059B000CC053007070AFF00EF05100A0A0A0100AC
:1059C00021065008080A01004906600D0B0A010073
:1059D0008006600B090A0100AD06C00B0C0A00002E
:1059E000E906200A090A01001607C00B0C0D00FD8C
:1059F0006407300A090A01009107B008090A00008B
:105A0000BE073008090A0000EB07100B090A010065
:105A10001808F0090B0AFF004F08C00F100A000019
:105A20009F0870090A0A0000D10810090B0AFF003C
:105A300008093009090A00003509B004040E01FD07
:105A40005109F004070EFFFF8209B004040E00FDA7
:105A50009E09300807060102B3090007070100FF8D
:105A6000B709600805020109BC09600808080000C0
:105A7000DC099009080B0100080A0008080800006A
:105A8000280A9009090B00005A0A9008080800002B
:105A90007A0AF004060B00009B0AB009090B00FD0E
:105AA000CD0A9009080B0100F90AE003020B01007E
:105AB000040B0004050EFEFD270BA008080B0100D7
:105AC000530BE003020B01005E0BD00E0D0801002A
:105AD000920B900908080100B20BE00809080000C9
:105AE000D60B9009080B01FD020C9009090B00FD73
:105AF000340CC00505080100480C00070708000029
:105B0000640CD005060A0000820C80090808010018
:105B1000A20CD0070908FF00C60C900C0D0800006D
:105B2000FA0CC007080800001A0DD007090BFFFD8A
:105B30004C0D500707080000680DF004050E00FD2D
:105B40008B0D3004020E01FD990DF004050E00FDD1
:105B5000BC0D200808030003C80DE005060500067B
:105B6000D70D600404030003DD0D000E0F0FFFFED0
:105B70004E0E000E0E0B00009B0E000E0E0D00FFD1
:105B8000F60E000E0E0B0000430FA0090A0B0000DA
:105B90007A0F000E0E0F00FEE30F000E0E0F00FE38
:105BA0004C10C00F100D00FFB410000E0E0F00FEC1
:105BB0001D11C00F100B00007511000E0E0F00FE1E
:105BC000DE110007070C00FF0812800A0B0C00FF13
:105BD0004A12C00F100E00FEBA12000E0E0B00008B
:105BE0000713A0090A0F00FE5213400C0A0E01FE13
:105BF0009813400C0D0F00FEFA13400C0D0D00FF22
:105C00004F14400C0D0D00FFA414400C0A0E01FEB1
:105C1000EA14400C0E0DFFFF4515C008090D00FFEA
:105C20008015C008090D00FFBB15400C0D0D00FFCD
:105C30001016400C0D0400032A16C00F100B0000B4
:105C400082168011120F00FE0917C00F110FFFFE00
:105C50008917000E0E0D00FFE417400C0D0800011F
:105C60001818400C0D0800014C188011120B000090
:105C7000AF18000E0E0B0000FC18000E0E0F00FEF9
:105C80006519000E0F0FFFFED619400C0D0D00FF19
:105C90002B1A400C0D0F00FE8D1A400C0D0D00FF4D
:105CA000E21A400C0D0C00FF301B000E0E0B000022
:105CB0007D1BC0080A0FFFFEC81B400C0D0F00FE25
:105CC0002A1C400C0D0F00FE8C1CC00F100B000096
:105CD000E41C000E100FFFFE5C1D800A0B0F00FE7F
:105CE000AF1D8011120D00FF241E8011120A00004A
:105CF0007E1E8011120A0000D81E8011120A0000B8
:105D0000321F8011120A00008C1F8011120A00003D
:105D1000E61F8011120C00FF5220400C0C0F00FEF9
:105D2000AC20400C0D0F00FE0E21000E0F0FFFFEE9
:105D30007F218011120B0000E221800A0B0F00FE70
:105D40003522100E0F0A00000BBC026011BC02606D
:105D500016BC02601BBC026021BC0260C45702601A
:105D6000CD530160ED27026000000000195401606E
:105D7000D127D127C00400005C5D02600000000054
:105D800000000000000000008158016000000000D9
:105D9000C0040000C4570260E15A01600000000026
:105DA000000000002D5B0160D1278200C5020000C9
:105DB000A8852820545F026001000000505F026047
:105DC000D0852820080000001C000000FBC30260F2
:105DD00009C402601DC402602CC4026038C40260A1
:105DE0005C350260643502609C350260A435026057
:105DF0005C36026064360260FFFF000102010401AC
:105E0000060180FF2000210022002300FFFF18056B
:105E10001C000C001801020306031A050E06000000
:105E2000721F51EF58EF5BEF5CEF5DEF61EF63EFD7
:105E300065EF69EF6CEF71EF76EF77EF78EF8EEF4C
:105E400093EF98EF9BEF9CEF9DEFA1EFA2EFA3EFF5
:105E5000A4EFB7EFB8EFBEEFC0EFC1EFC4EFC7EFED
:105E6000C8EFC9EFCBEFE3EFE5EF14F015F017F053
:105E700019F030F037F03AF043F06CF074F0ABF01A
:105E80003BF190F191F192F193F194F1D7F1E3F1BB
:105E90003DF254F2AAF412F7F2F700003C02780443
:105EA000B306EE08280B610D990FD01106143A16AF
:105EB0006C189D1ACB1CF71E212148236C258E27B8
:105EC000AC29C72BDF2DF32F0332103418361C38C2
:105ED0001C3A173C0E3EFF3FEC41D443B645934776
:105EE0006A493C4B084DCD4E8D504652F953A5554D
:105EF0004B57EA58825A135C9C5D1F5F9A600D6293
:105F00007963DD6439668D67D9681D6A596B8C6C5D
:105F1000B76DD96EF36F04710C720B730174EE746C
:105F2000D275AD767F7747780679BB79677A0A7B39
:105F3000A27B327CB77C337DA57D0D7E6C7EC07EDE
:105F40000B7F4B7F827FAF7FD27FEB7FFA7FFF7F1C
:105F5000A0007800130057656C636F6D6520746F47
:105F6000205A4D4B210A0061707000525443206842
:105F700061736E277420676F74207468652074697C
:105F80006D652C20676F20746F2074696D652073B8
:105F9000657474696E672073797374656D004E6FF4
:105FA000207374617475732073637265656E2070FD
:105FB000726F76696465640048656C6C6F20667208
:105FC0006F6D20646973706C6179004661696C65FE
:105FD0006420746F2066696E6420646973706C61FC
:105FE00079206465766963650044697370696E69D8
:105FF00074004661696C656420746F207365742059
:106000005254432074696D652025640053656C65A6
:1060100063746564206D696E3A202564200A00432C
:10602000686F73656E20646174652F74696D653A7D
:106030002025642025642025642C202564202564E7
:10604000004D696E75746500300A310A320A330AF0
:10605000340A350A360A370A380A390A31300A3121
:10606000310A31320A31330A31340A31350A3136D4
:106070000A31370A31380A31390A32300A32310AE4
:1060800032320A32330A32340A32350A32360A32AE
:10609000370A32380A32390A33300A33310A333296
:1060A0000A33330A33340A33350A33360A33370AAC
:1060B00033380A33390A34300A34310A34320A3474
:1060C000330A34340A34350A34360A34370A343859
:1060D0000A34390A35300A35310A35320A35330A7D
:1060E00035340A35350A35360A35370A35380A3532
:1060F000390053656C656374656420686F75723A26
:10610000202564200A00486F757200300A310A3277
:106110000A330A340A350A360A370A380A390A3184
:10612000300A31310A31320A31330A31340A313519
:106130000A31360A31370A31380A31390A32300A1F
:1061400032310A32320A32330A32340053656C6516
:1061500063746564206461793A202564200A0044F0
:10616000617900310A320A330A340A350A360A37AD
:106170000A380A390A31300A31310A31320A3133E8
:106180000A31340A31350A31360A31370A31380AD0
:1061900031390A32300A32310A32320A32330A32A3
:1061A000340A32350A32360A32370A32380A32397C
:1061B0000A33300A33310053656C656374656420BB
:1061C0006D6F6E74683A2025732C202564200A00B8
:1061D0004D6F6E7468004A616E756172790A46652A
:1061E0006272756172790A4D617263680A417072F8
:1061F000696C0A4D61790A4A756E650A4A756C794F
:106200000A4175677573740A53657074656D6265CC
:10621000720A4F63746F6265720A4E6F76656D62C3
:1062200065720A446563656D6265720053656C65ED
:106230006374656420796561723A2025732C20258A
:10624000640A005965617200323032340A323032E9
:10625000350A323032360A323032370A323032388A
:1062600000253032643A25303264005254432068AD
:1062700061736E277420676F742074686520746979
:106280006D650028756E7369676E656429206368A3
:106290006172202A207573656420666F722025253F
:1062A0007020617267756D656E742E204974277356
:1062B000207265636F6D6D656E64656420746F2018
:1062C0006361737420697420746F20766F69642031
:1062D0002A2062656361757365206974206D617938
:1062E000206361757365206D6973626568617669A5
:1062F0006F7220696E206365727461696E20636FCE
:106300006E66696775726174696F6E732E2053745F
:1063100072696E673A2225732220617267756D6516
:106320006E743A25640063627072696E74665F70A1
:1063300061636B61676500464C4153485F300053B1
:1063400052414D5F3000534452414D30006C6F67F5
:1063500067696E67006C6F67006C6F675F6D676D74
:1063600074004D65737361676520282225732229A7
:106370002064726F70706564206265636175736517
:1063800020697420657863656564732073697A6534
:10639000206C696D69746174696F6E202825752998
:1063A000004D6573736167652064726F707065641A
:1063B0002062656361757365206974206578636523
:1063C0006564732073697A65206C696D69746174A2
:1063D000696F6E2028257529000D0A001B5B306D42
:1063E00000257320005B2530386C755D20005B252F
:1063F0003032753A253032753A253032752E2530D7
:1064000033752C253033755D200025732F003C2516
:10641000733E200025733A2000253032782000207A
:106420002020007C00256300206D65737361676523
:10643000732064726F70706564202D2D2D0D0A1B02
:106440005B306D001B5B313B33316D2D2D2D2000FA
:106450001B5B313B33316D001B5B313B33336D00D4
:106460006572720077726E00696E66006462670022
:106470006C6F675F6261636B656E645F7561727498
:10648000006C6F675F7561727400456E64706F6950
:106490006E742030782530327820697320696E76EA
:1064A000616C696400456E64706F696E7420307849
:1064B0002530327820616C7265616479206469737B
:1064C00061626C6564004661696C656420746F206C
:1064D00064697361626C6520656E64706F696E7467
:1064E00020307825303278005365742068616C74F0
:1064F0002065702030782530327800436C656172F9
:106500002068616C74206570203078253032780006
:10651000456E64706F696E74203078253032782053
:10652000616C726561647920636F6E66696775720C
:106530006564004661696C656420746F20636F6EEA
:1065400066696775726520656E64706F696E742028
:1065500030782530327800456E64706F696E742033
:1065600030782530327820616C72656164792065FD
:106570006E61626C6564004661696C656420746F6D
:1065800020656E61626C6520656E64706F696E7403
:1065900020307825303278004661696C656420745B
:1065A0006F20777269746520656E64706F696E74B0
:1065B0002062756666657220307825303278005228
:1065C0006571756573742062756666657220746F97
:1065D0006F20736D616C6C00555342206465766961
:1065E000636520737570706F727420616C72656181
:1065F000647920656E61626C6564004661696C65F2
:106600006420746F20636F6E6669677572652055CC
:1066100053422064657669636520737461636B001F
:106620004572726F6E656F75732064657669636518
:106630002064657363726970746F72206F72206278
:106640004D61785061636B657453697A653000758C
:1066500073625F6465766963650030313233343567
:1066600036373839414243444546005468657265BF
:10667000206973206E6F207573625F6366675F6465
:1066800061746120666F7220257000556E696E69B5
:106690007469616C697A6564207573625F636667AB
:1066A0005F6461746120706F696E7465722C206321
:1066B0006F727275707465642064657669636520B5
:1066C00064657363726970746F723F004661696CD0
:1066D000656420746F2076616C69646174652065FF
:1066E0006E64706F696E747300746865206E657790
:1066F00020534E2064657363726970746F722064F6
:106700006F65736E277420686176652074686520F4
:1067100073616D65206C656E6774682061732043DA
:106720004F4E4649475F5553425F4445564943459E
:106730005F534E00496E636F6D706C6574652064C5
:1067400065766963652064657363726970746F72DE
:10675000004661696C656420746F206669787570A5
:10676000205553422064657363726970746F7200C0
:106770007573625F64657363726970746F720054DD
:1067800072616E73666572206572726F7220256425
:106790002C206570203078253032780052582064E3
:1067A000617461206C6F73742C206E6F2074726141
:1067B0006E73666572004E6F207472616E736665EB
:1067C0007220736C6F7420617661696C61626C65B4
:1067D0000041207472616E73666572206973206176
:1067E0006C7265616479206F6E676F696E672C20CB
:1067F000657020307825303278007573625F74726E
:10680000616E73666572006364635F61636D5F757B
:1068100061727400757362776F726B710072302FE2
:1068200061313A2020307825303878202072312F9D
:1068300061323A2020307825303878202072322F8B
:1068400061333A20203078253038780072332F6158
:10685000343A2020307825303878207231322F6950
:10686000703A2020307825303878207231342F6CFF
:10687000723A202030782530387800207870737292
:106880003A2020307825303878004661756C74697C
:106890006E6720696E737472756374696F6E2061C0
:1068A00064647265737320287231352F7063293ADE
:1068B0002030782530387800556E68616E646C65DC
:1068C00064204952516E3A202564002A2A2A2A2A35
:1068D00020425553204641554C54202A2A2A2A2A20
:1068E000002020537461636B696E67206572726F5C
:1068F00072002020556E737461636B696E6720654A
:1069000072726F7200202050726563697365206433
:1069100061746120627573206572726F720020204D
:106920004246415220416464726573733A20307864
:106930002578002020496D70726563697365206455
:1069400061746120627573206572726F720020201D
:10695000496E737472756374696F6E20627573200B
:106960006572726F72002020466C6F6174696E6789
:106970002D706F696E74206C617A79207374617404
:106980006520707265736572766174696F6E2065DB
:1069900072726F72002A2A2A2A2A205553414745CB
:1069A000204641554C54202A2A2A2A2A00202044D5
:1069B00069766973696F6E206279207A65726F00FB
:1069C0002020556E616C69676E6564206D656D6F22
:1069D0007279206163636573730020204E6F2063BA
:1069E0006F70726F636573736F7220696E73747208
:1069F000756374696F6E73002020496C6C65676104
:106A00006C206C6F6164206F66204558435F52456F
:106A10005455524E20696E746F2050430020204917
:106A20006C6C6567616C20757365206F6620746897
:106A3000652045505352002020417474656D707478
:106A400020746F206578656375746520756E646564
:106A500066696E656420696E737472756374696FBC
:106A60006E002A2A2A2A2A204D5055204641554C8C
:106A700054202A2A2A2A2A002020537461636B6931
:106A80006E67206572726F722028636F6E7465780E
:106A9000742061726561206D696768742062652089
:106AA0006E6F742076616C696429002020446174E3
:106AB00061204163636573732056696F6C6174690B
:106AC0006F6E0020204D4D46415220416464726536
:106AD00073733A2030782578002020496E737472E1
:106AE000756374696F6E20416363657373205669C3
:106AF0006F6C6174696F6E00526573657276656460
:106B000020457863657074696F6E20280053707536
:106B100072696F757320696E746572727570742016
:106B2000284952512000535053454C20696E20741F
:106B30006872656164206D6F646520646F657320A1
:106B40006E6F7420696E6469636174652050535080
:106B5000002A2A2A2A2A2048415244204641554CDC
:106B600054202A2A2A2A2A0020204275732066618E
:106B7000756C74206F6E20766563746F722074611B
:106B8000626C6520726561640020204465627567EF
:106B9000206576656E740020204661756C742065F2
:106BA0007363616C6174696F6E2028736565206220
:106BB000656C6F772900415243485F455843455003
:106BC00054207769746820726561736F6E20257830
:106BD0000A002A2A2A2A2A204465627567206D6FD6
:106BE0006E69746F7220657863657074696F6E206A
:106BF0002A2A2A2A2A002A2A2A2A2A2025732025F4
:106C00006429202A2A2A2A2A006D707500466169A3
:106C10006C656420746F20616C6C6F6361746520B7
:106C20006E6577204D505520726567696F6E20251F
:106C3000750A00506172746974696F6E2025753A27
:106C40002073616E69747920636865636B20666187
:106C5000696C65642E006B5F6D7367715F67657447
:106C6000206572726F723A202564007573625F6DE1
:106C7000637578004661696C656420746F20736584
:106C8000742064656661756C7420737461747573C7
:106C9000004661696C656420746F20696E6974696F
:106CA000616C697A6520636F6E74726F6C204F55EA
:106CB0005420656E64706F696E74004661696C651E
:106CC0006420746F20696E697469616C697A6520EB
:106CD000636F6E74726F6C20494E20656E64706FC6
:106CE000696E740057726F6E6720656E64706F69AD
:106CF0006E7420696E6465782F6164647265737365
:106D0000004661696C656420746F2073657420644B
:106D100065766963652061646472657373004E6FA4
:106D200020636220706F696E74657220666F7220D6
:106D3000656E64706F696E7420307825303278002B
:106D4000416C726561647920617474616368656423
:106D500000696E76616C696420656E64706F696E3F
:106D60007420636F6E66696775726174696F6E0017
:106D7000656E64706F696E7420696E6465782F61EA
:106D8000646472657373206F7574206F662072611E
:106D90006E676500456E64706F696E7420616C7219
:106DA0006561647920636F6E6669677572656400FA
:106DB0004661696C656420746F20756E2D696E691B
:106DC0007469616C697A6520656E64706F696E7450
:106DD00020287374617475733D25642900466169C8
:106DE0006C656420746F20616C6C6F6361746520E6
:106DF0006D656D6F7279004661696C656420746FB2
:106E000020696E697469616C697A6520656E647069
:106E10006F696E74004661696C656420746F2073DD
:106E200074616C6C20656E64706F696E740046618D
:106E3000696C656420746F20636C65617220737483
:106E4000616C6C004661696C656420746F20656ECE
:106E500061626C6520726563657074696F6E206F26
:106E60006E20307825303278004661696C65642088
:106E7000746F2067657420656E64706F696E74202E
:106E800073746174757300656E64706F696E7420DD
:106E90003078257820616C726561647920656E6157
:106EA000626C6564004661696C656420746F20647F
:106EB000697361626C6520657020307825303278A6
:106EC0000057726F6E6720656E64706F696E742014
:106ED000646972656374696F6E004661696C6564AC
:106EE00020746F2066696C6C2065702030782530C6
:106EF00032782062756666657200456E64706F69EF
:106F00006E74206973206F636375706965642062B5
:106F1000792074686520636F6E74726F6C6C657233
:106F20000057726F6E6720656E64706F696E7420B3
:106F3000696E6465782F616464726573732F646928
:106F400072656374696F6E0057726F6E672061724D
:106F500067756D656E7473004E6F7420656E6F7526
:106F6000676820726F6F6D20746F20636F70792077
:106F7000616C6C2074686520646174612100656EC9
:106F800064706F696E74203078257820616C72654A
:106F9000616479206F636375706965640046616937
:106FA0006C656420746F20656E61626C652072652B
:106FB00063657074696F6E206F6E20657020307825
:106FC00025303278007573625F64635F6D63757836
:106FD0000063636D40343030666330303000636C82
:106FE0006F636B5F636F6E74726F6C000A090E11D2
:106FF000556E737570706F72746564207069786512
:107000006C20666F726D61740042757320646576E2
:10701000696365202573206E6F74207265616479E1
:1070200021004661696C656420746F20696E697423
:1070300069616C697A6520646576696365210050D1
:107040006974636820697320736D616C6C6572206C
:107050007468656E20776964746800446973706C45
:10706000617920627566666572206973206E6F743F
:1070700020617661696C61626C6500556E73757034
:10708000706F72746564206D6F646500556E737502
:1070900070706F72746564206F726967696E004505
:1070A0007863656564656420627566666572206CE8
:1070B000656E677468004661696C656420746F2052
:1070C000777269746520636F6D6D616E64007373B0
:1070D00064313330364030007373643133303600FE
:1070E0006770696F40343230306330303000677021
:1070F000696F403432303038303030006770696F3B
:10710000403432303034303030006770696F403492
:1071100032303030303030006770696F403430309A
:107120006330303030006770696F40343031633421
:10713000303030006770696F403430316330303048
:1071400030006770696F4034303162633030300036
:107150006770696F403430316238303030002573E9
:10716000206973206E6F74207265616479005069C4
:107170006E20256420636F6E66696775726174693D
:107180006F6E206661696C65643A20256400436F08
:10719000756C64206E6F7420736574206770696FFE
:1071A0002063616C6C6261636B0050696E202564C2
:1071B00020696E7465727275707420636F6E666993
:1071C0006775726174696F6E206661696C65643A97
:1071D000202564006770696F5F6B657973002573A4
:1071E0003A206C6F737420737465707300696E70ED
:1071F00075745F6770696F5F716465630072746353
:10720000001F1D1F1E1F1E1F1F1E1F1E1F1F1C1FB6
:107210001E1F1E1F1F1E1F1E1F75617274403430FB
:1072200031393830303000756172745F6D63757854
:107230005F6C7075617274004353204750494F2052
:10724000706F72742025732070696E202564206928
:1072500073206E6F74207265616479005472616E80
:107260007366657220636F756C64206E6F74207333
:1072700074617274206F6E2025733A202564005566
:1072800070646174652065786365656473206375F7
:107290007272656E74206275666665720048616C14
:1072A000662D6475706C6578206E6F7420737570D0
:1072B000706F7274656400536C617665202564207C
:1072C00069732067726561746572207468616E20ED
:1072D000256400636C6F636B20636F6E74726F6CF8
:1072E00020646576696365206E6F742072656164E1
:1072F000790054696D656F75742077616974696E82
:107300006720666F72207472616E736665722063A7
:107310006F6D706C657465007370694034303361F3
:10732000303030300073706940343033396330307E
:1073300030007370695F6D6375785F6C707370692E
:10734000000000110FFFFFFFFF110FFFFFFFFF0203
:10735000181109FFFF11090A0EFFFF0511190AFF95
:10736000FF0A090E11FFFF0E110F10FFFF0B17167A
:10737000FFFFFF0B1716FFFFFF0B1716FFFFFF1A8C
:1073800005FFFFFFFF1A051BFFFFFF1B05FFFFFFA8
:10739000FF0E0C170F100A160B1718FFFF160B170E
:1073A00018FFFF160B1708FFFF010204081020400A
:1073B00080574553545F544F504449522F6D6F646A
:1073C000756C65732F6C69622F6775692F6C7667B2
:1073D0006C2F7372632F636F72652F6C765F6469B5
:1073E00073702E63006E6F20646973706C61792016
:1073F0007265676973746572656420746F20676570
:107400007420697473206163746976652073637294
:1074100065656E006E6F20646973706C61792072AF
:1074200065676973746572656420746F206765743D
:10743000206974732070726576696F757320736349
:107440007265656E006C765F6C617965725F746FF2
:10745000703A206E6F20646973706C617920726578
:10746000676973746572656420746F206765742042
:1074700069747320746F70206C61796572006C762A
:107480005F6C617965725F7379733A206E6F206407
:107490006973706C61792072656769737465726570
:1074A0006420746F20676574206974732073797326
:1074B0002E206C61796572006E6F20646973706C48
:1074C00061792072656769737465726564006C76B2
:1074D0005F646973705F69735F696E76616C69641C
:1074E0006174696F6E5F656E61626C6564006C7675
:1074F0005F646973705F6765745F6C617965725F03
:10750000737973006C765F646973705F6765745F2D
:107510006C617965725F746F70006C765F6469731B
:10752000705F6765745F7363725F70726576006C1D
:10753000765F646973705F6765745F7363725F61C0
:10754000637400574553545F544F504449522F6D54
:107550006F64756C65732F6C69622F6775692F6C2A
:1075600076676C2F7372632F636F72652F6C765F13
:107570006576656E742E63004F7574206F66206D9E
:10758000656D6F7279006F626A2D3E737065635F1F
:10759000617474722D3E6576656E745F64736320EA
:1075A000213D204E554C4C004173736572746564E7
:1075B0002061742065787072657373696F6E3A200C
:1075C00025732028257329004E6F7420696E746519
:1075D0007270726574656420776974682074686974
:1075E00073206576656E7420636F6465006C765FEA
:1075F0006576656E745F7365745F6578745F6472D9
:1076000061775F73697A65006C765F6576656E7425
:107610005F6765745F647261775F637478006C762E
:107620005F6576656E745F6765745F696E646576C5
:10763000006C765F6F626A5F6164645F6576656E39
:10764000745F636200574553545F544F504449522E
:107650002F6D6F64756C65732F6C69622F67756928
:107660002F6C76676C2F7372632F636F72652F6C4C
:10767000765F67726F75702E630067726F7570202A
:10768000213D204E554C4C006E65787420213D20E4
:107690004E554C4C006C765F67726F75705F61641D
:1076A000645F6F626A006C765F67726F75705F63AC
:1076B000726561746500574553545F544F50444997
:1076C000522F6D6F64756C65732F6C69622F6775CF
:1076D000692F6C76676C2F7372632F636F72652FDF
:1076E0006C765F696E6465762E63006C765F696E9A
:1076F0006465765F6765745F726561645F74696D08
:1077000065723A20696E64657620776173204E5504
:107710004C4C0058206973202564207768696368A1
:1077200020697320736D616C6C6572207468616E82
:10773000207A65726F00582069732025642077686D
:10774000696368206973206772656174657220746B
:1077500068616E20686F722E20726573005920690F
:107760007320256420776869636820697320736DCE
:10777000616C6C6572207468616E207A65726F004E
:1077800059206973202564207768696368206973CC
:107790002067726561746572207468616E20766519
:1077A000722E207265730062746E5F706F696E7402
:1077B00073206973204E554C4C00696E6465765F8A
:1077C000627574746F6E5F70726F6300696E64656A
:1077D000765F706F696E7465725F70726F63005769
:1077E0004553545F544F504449522F6D6F64756C2C
:1077F00065732F6C69622F6775692F6C76676C2FC4
:107800007372632F636F72652F6C765F6F626A2E7F
:1078100063006C765F696E69743A20616C726561B1
:10782000647920696E69746564006F626A2D3E73C5
:107830007065635F6174747220213D204E554C4C1D
:10784000006C765F6F626A5F616C6C6F6361746518
:107850005F737065635F61747472006C765F696EEC
:10786000697400574553545F544F504449522F6D2B
:107870006F64756C65732F6C69622F6775692F6C07
:1078800076676C2F7372632F636F72652F6C765FF0
:107890006F626A5F636C6173732E63004E6F206466
:1078A0006973706C617920637265617465642079B5
:1078B00065742E204E6F20706C61636520746F209C
:1078C00061737369676E20746865206E65772073D5
:1078D000637265656E006C765F6F626A5F636C6190
:1078E00073735F6372656174655F6F626A005745A9
:1078F00053545F544F504449522F6D6F64756C65FB
:10790000732F6C69622F6775692F6C76676C2F73A4
:1079100072632F636F72652F6C765F6F626A5F7040
:107920006F732E63005F6C765F6C61796F75745F47
:107930006C69737420213D204E554C4C006C765F71
:107940006C61796F75745F726567697374657200D5
:10795000574553545F544F504449522F6D6F6475CF
:107960006C65732F6C69622F6775692F6C76676C15
:107970002F7372632F636F72652F6C765F6F626A0D
:107980005F7374796C652E63006F626A2D3E737449
:10799000796C657320213D204E554C4C005F6C7610
:1079A0005F6F626A5F7374796C655F63726561743F
:1079B000655F7472616E736974696F6E0067657478
:1079C0005F6C6F63616C5F7374796C6500574553CE
:1079D000545F544F504449522F6D6F64756C6573FA
:1079E0002F6C69622F6775692F6C76676C2F7372C5
:1079F000632F636F72652F6C765F6F626A5F74725C
:107A000065652E63004E6F2073637265656E206638
:107A10006F756E64007468652061637469766520B3
:107A200073637265656E207761732064656C65743D
:107A30006564006C765F6F626A5F6765745F646936
:107A40007370006C765F6F626A5F64656C005745A7
:107A500053545F544F504449522F6D6F64756C6599
:107A6000732F6C69622F6775692F6C76676C2F7343
:107A700072632F636F72652F6C765F726566722E0C
:107A80006300556E68616E646C656420696E746530
:107A9000726D656469617465206C617965722074CA
:107AA00079706500436F756C646E2774206372652E
:107AB0006174652061206E6577206C617965722044
:107AC000636F6E746578740043616E27742064720E
:107AD000617720746865206261636B67726F756E91
:107AE0006420696D6167650063616E6E6F742072FA
:107AF0006F7461746520612066756C6C20726566B8
:107B000072657368656420646973706C61792100C3
:107B10006465746563746564206D6F646966796912
:107B20006E6720646972747920617265617320697F
:107B30006E2072656E646572007468657265206996
:107B400073206E6F2061637469766520736372655C
:107B5000656E0043616E27742073657420647261E2
:107B6000775F6275662068656967687420757369F8
:107B70006E672074686520726F756E642066756E1E
:107B80006374696F6E2E202857726F6E6720726F54
:107B9000756E645F6362206F7220746F20736D6115
:107BA0006C6C20647261775F627566290064726133
:107BB000775F6275665F726F746174650072656687
:107BC000725F617265615F70617274006765745F96
:107BD0006D61785F726F77005F6C765F6469737058
:107BE0005F726566725F74696D6572005F6C765F67
:107BF000696E765F61726561006C617965725F675D
:107C000065745F6172656100726566725F6F626A5A
:107C100000574553545F544F504449522F6D6F6481
:107C2000756C65732F6C69622F6775692F6C766749
:107C30006C2F7372632F647261772F6C765F64723E
:107C400061775F696D672E6300496D6167652064C8
:107C50007261773A20737263206973204E554C4CE1
:107C6000004E6F0A6461746100496D61676520644C
:107C7000726177206572726F7200496D616765206D
:107C8000647261772063616E27742072656164207D
:107C9000746865206C696E650008100801020408AC
:107CA000010204086465636F64655F616E645F640C
:107CB000726177006C765F647261775F696D6700EF
:107CC000574553545F544F504449522F6D6F64755C
:107CD0006C65732F6C69622F6775692F6C76676CA2
:107CE0002F7372632F647261772F6C765F64726199
:107CF000775F6C6162656C2E63006473632D3E6612
:107D00006F6E74203D3D204E554C4C00647261777F
:107D10002D3E647261775F6C6574746572203D3DC1
:107D2000204E554C4C20287468657265206973207C
:107D30006E6F2066756E6374696F6E20746F206459
:107D4000726177206C65747465727329006C765F5C
:107D5000647261775F6C6162656C00574553545F74
:107D6000544F504449522F6D6F64756C65732F6C7E
:107D700069622F6775692F6C76676C2F7372632F3A
:107D8000647261772F6C765F647261775F6C617982
:107D900065722E63006C617965725F63747820216F
:107DA0003D204E554C4C006C765F647261775F6C81
:107DB000617965725F6372656174650057455354FC
:107DC0005F544F504449522F6D6F64756C65732F2B
:107DD0006C69622F6775692F6C76676C2F7372639D
:107DE0002F647261772F6C765F647261775F6D616B
:107DF000736B2E63006C765F6D61736B5F6164649F
:107E00003A206E6F20706C61636520746F2061642E
:107E10006420746865206D61736B00656E7472799F
:107E200020213D204E554C4C00632D3E627566204E
:107E3000213D204E554C4C00636972635F63616C59
:107E4000635F616134006C765F647261775F6D615E
:107E5000736B5F7261646975735F696E6974006CDE
:107E6000765F647261775F6D61736B5F61646400FC
:107E7000574553545F544F504449522F6D6F6475AA
:107E80006C65732F6C69622F6775692F6C76676CF0
:107E90002F7372632F647261772F6C765F647261E7
:107EA000775F7472616E73666F726D2E63004E55EC
:107EB0004C4C20706F696E74657200647261775FFC
:107EC00063747820213D204E554C4C0064726177DC
:107ED0005F6374782D3E647261775F7472616E7354
:107EE000666F726D203D3D204E554C4C006C765FA8
:107EF000647261775F7472616E73666F726D005742
:107F00004553545F544F504449522F6D6F64756C04
:107F100065732F6C69622F6775692F6C76676C2F9C
:107F20007372632F647261772F6C765F696D675F20
:107F300063616368652E6300496D616765206472E3
:107F400061772063616E6E6F74206F70656E207450
:107F5000686520696D616765207265736F7572630E
:107F600065005F6C765F696D675F63616368655F1D
:107F70006F70656E0062696E00574553545F544FD1
:107F8000504449522F6D6F64756C65732F6C696234
:107F90002F6775692F6C76676C2F7372632F64720D
:107FA00061772F6C765F696D675F6465636F646589
:107FB000722E6300496D6167652067657420696E84
:107FC000666F2067657420726561642066696C6500
:107FD0002068656164657200496D61676520676549
:107FE0007420696E666F20666F756E6420756E6BA7
:107FF0006E6F776E207372632074797065004275BE
:10800000696C742D696E20696D61676520646563B4
:108010006F646572207365656B206661696C656469
:10802000004275696C742D696E20696D6167652009
:108030006465636F6465722072656164206661695E
:108040006C6564004275696C742D696E20696D61A0
:108050006765206465636F64657220726561642082
:108060006E6F7420737570706F72747320746865AE
:1080700020636F6C6F7220666F726D617400427561
:10808000696C742D696E20696D6167652064656334
:108090006F6465722063616E2774206F70656E2057
:1080A0007468652066696C65006473632D3E757342
:1080B00065725F6461746120213D204E554C4C0017
:1080C000757365725F646174612D3E70616C657477
:1080D000746520213D204E554C4C00757365725FD0
:1080E000646174612D3E6F706120213D204E554CBE
:1080F0004C00696D675F6465636F6465725F62758C
:10810000696C745F696E5F6F70656E3A206F75742D
:10811000206F66206D656D6F727900496D616765CE
:10812000206465636F646572206F70656E3A2075B8
:108130006E6B6E6F776E20636F6C6F7220666F72FE
:108140006D6174006473632D3E73726320213D2062
:108150004E554C4C006465636F64657220213D2070
:108160004E554C4C006C765F696D675F6465636F5C
:108170006465725F6275696C745F696E5F6C696E6D
:10818000655F747275655F636F6C6F72006C765FAC
:10819000696D675F6465636F6465725F6275696C62
:1081A000745F696E5F726561645F6C696E65006CB7
:1081B000765F696D675F6465636F6465725F627542
:1081C000696C745F696E5F6F70656E006C765F6975
:1081D0006D675F6465636F6465725F6275696C7417
:1081E0005F696E5F696E666F006C765F696D675F71
:1081F0006465636F6465725F637265617465006C6A
:10820000765F696D675F6465636F6465725F6F70E9
:10821000656E005F6C765F696D675F6465636F6450
:1082200065725F696E697400574553545F544F50CF
:108230004449522F6D6F64756C65732F6C69622FA2
:108240006775692F6C76676C2F7372632F64726128
:10825000772F73772F6C765F647261775F73775FC8
:10826000626C656E642E630066696C6C5F626C653F
:108270006E6465643A20756E737570706F727465A4
:108280006420626C656E64206D6F6465006D617062
:108290005F626C656E6465640066696C6C5F626CDD
:1082A000656E64656400574553545F544F504449AC
:1082B000522F6D6F64756C65732F6C69622F6775D3
:1082C000692F6C76676C2F7372632F647261772FDE
:1082D00073772F6C765F647261775F73775F677215
:1082E000616469656E742E63005F6C765F677261AE
:1082F000645F63616368655F6D656D20213D204E3D
:10830000554C4C006420213D203000417373657250
:108310007465642061742065787072657373696F29
:108320006E3A202573006974656D20213D204E55FD
:108330004C4C006C765F6772616469656E745F6354
:10834000616C63756C61746500616C6C6F63617402
:10835000655F6974656D006C765F677261646965FD
:108360006E745F7365745F63616368655F73697A78
:108370006500574553545F544F504449522F6D6F19
:1083800064756C65732F6C69622F6775692F6C76E5
:10839000676C2F7372632F647261772F73772F6C02
:1083A000765F647261775F73775F6C617965722E57
:1083B000630052656E646572696E672074686973E4
:1083C00020776964676574206E65656473204C5618
:1083D0005F434F4C4F525F53435245454E5F54529B
:1083E000414E535020310043616E6E6F7420616CBA
:1083F0006C6F6361746520257520627974657320E4
:10840000666F72206C61796572206275666665724E
:108410002E20416C6C6F636174696E672025752036
:10842000627974657320696E73746561642E2028A7
:108430005265647563656420706572666F726D6104
:108440006E636529006C765F647261775F73775F36
:108450006C617965725F637265617465005745533D
:10846000545F544F504449522F6D6F64756C65735F
:108470002F6C69622F6775692F6C76676C2F73722A
:10848000632F647261772F73772F6C765F647261EC
:10849000775F73775F6C65747465722E63006C76BA
:1084A0005F647261775F6C65747465723A20676CA3
:1084B000797068206473632E206E6F7420666F7508
:1084C0006E6420666F7220552B2558006C765F64B1
:1084D0007261775F6C65747465723A20636861726B
:1084E00061637465722773206269746D6170206EB8
:1084F0006F7420666F756E640043616E277420642C
:10850000726177207375622D706978656C20726571
:108510006E6465726564206C657474657220626552
:108520006361757365204C565F5553455F464F4EEA
:10853000545F5355425058203D3D203020696E20F5
:108540006C765F636F6E662E68006C765F64726136
:10855000775F6C65747465723A20696E76616C69D8
:10856000642062707000647261775F6C657474651A
:10857000725F6E6F726D616C006C765F64726177B2
:108580005F73775F6C6574746572000001020304A9
:1085900005060708090A0B0C0D0E0F101112131413
:1085A00015161718191A1B1C1D1E1F202122232403
:1085B00025262728292A2B2C2D2E2F3031323334F3
:1085C00035363738393A3B3C3D3E3F4041424344E3
:1085D00045464748494A4B4C4D4E4F5051525354D3
:1085E00055565758595A5B5C5D5E5F6061626364C3
:1085F00065666768696A6B6C6D6E6F7071727374B3
:1086000075767778797A7B7C7D7E7F8081828384A2
:1086100085868788898A8B8C8D8E8F909192939492
:1086200095969798999A9B9C9D9E9FA0A1A2A3A482
:10863000A5A6A7A8A9AAABACADAEAFB0B1B2B3B472
:10864000B5B6B7B8B9BABBBCBDBEBFC0C1C2C3C462
:10865000C5C6C7C8C9CACBCCCDCECFD0D1D2D3D452
:10866000D5D6D7D8D9DADBDCDDDEDFE0E1E2E3E442
:10867000E5E6E7E8E9EAEBECEDEEEFF0F1F2F3F432
:10868000F5F6F7F8F9FAFBFCFDFEFF001122334482
:108690005566778899AABBCCDDEEFF0055AAFF008E
:1086A000FF808080818182828384858687898A8C0D
:1086B0008D8F91939597999B9EA0A2A5A7AAADAFE8
:1086C000B2B5574553545F544F504449522F6D6FC4
:1086D00064756C65732F6C69622F6775692F6C7692
:1086E000676C2F7372632F647261772F73772F6CAF
:1086F000765F647261775F73775F726563742E6310
:1087000000436F756C646E27742072656164207419
:108710006865206261636B67726F756E6420696D56
:1087200061676500647261775F62675F696D6700AA
:10873000574553545F544F504449522F6D6F6475E1
:108740006C65732F6C69622F6775692F6C76676C27
:108750002F7372632F65787472612F6C61796F75F6
:1087600074732F666C65782F6C765F666C65782EF7
:1087700063006E65775F64736320213D204E554C26
:108780004C0067726F775F76616C75655F73756DAE
:1087900020213D2030006368696C6472656E5F72F1
:1087A00065706F730066696E645F747261636B5F9E
:1087B000656E6400574553545F544F504449522FDF
:1087C0006D6F64756C65732F6C69622F6775692FA7
:1087D0006C76676C2F7372632F666F6E742F6C7676
:1087E0005F666F6E742E6300666F6E745F7020211B
:1087F0003D204E554C4C006473635F6F75742021AF
:108800003D204E554C4C00666F6E7420213D204E2D
:10881000554C4C006C765F666F6E745F6765745F75
:10882000676C7970685F7769647468006C765F66FE
:108830006F6E745F6765745F676C7970685F64738F
:1088400063006C765F666F6E745F6765745F676CFC
:108850007970685F6269746D617000574553545F49
:10886000544F504449522F6D6F64756C65732F6C73
:1088700069622F6775692F6C76676C2F7372632F2F
:10888000666F6E742F6C765F666F6E745F666D7464
:108890005F7478742E6300436F6D707265737365D7
:1088A0006420666F6E74732069732075736564202D
:1088B000627574204C565F5553455F464F4E545F6A
:1088C000434F4D50524553534544206973206E6FBA
:1088D0007420656E61626C656420696E206C765FE1
:1088E000636F6E662E68006C765F666F6E745F678E
:1088F00065745F6269746D61705F666D745F7478D2
:1089000074000001000000000000000100000200EF
:108910000000000200000000000000000000000055
:108920000000000001000000000000000000000046
:10893000000000010A0006FB00000000F4F3020B37
:108940000504F7020B010902070000000000000007
:10895000000000000D02FE0000000000000000000A
:108960000000000400F90000000000FC0404000006
:10897000FE00FE0200FE00FEFFFC00000000FE0004
:1089800000FDFD0000FE00FC0000000000000000F3
:1089900000FEFE00FD00FA00E50000FC00040700F8
:1089A00000FC02020704FC040000F30000000000C9
:1089B000000000000000F8000000000000000000BF
:1089C0000000000000FAFDF500F7FE0000000000C6
:1089D0000900F9FEFF0100FC0000FEEF00000000AE
:1089E00000000000000000EEFE0900000000000092
:1089F000000000000000F700000000000000000080
:108A0000000700020000FC00000000000000000061
:108A1000000000000000000009020100000000004A
:108A20000000000000000000000000000000000046
:108A30000000000000000000000000000000000036
:108A40000000F8000000000000000000000000002E
:108A500000000000000000000002040207FE000009
:108A600004FEF9E102060400FD000800070007000B
:108A7000EB00FD070007FE0402000001FE0000FC01
:108A800012001200070009030407000000F80000AC
:108A9000000001FE0002FCFDFC0200FE000000F7E9
:108AA0000000000000000000000000F100000000D5
:108AB000000000000000000000000001F400F200CF
:108AC000000000FE0016FDFD0202FE00FD02000097
:108AD000F40000000000000000000000EA000200B6
:108AE0000000000000000000000000F2000D000087
:108AF000F8000700F1EAF1FC070000F10003FB00B9
:108B0000FD0000000000000000000000000607E576
:108B10000000000000000000000000000B00020048
:108B2000000000000202FDFC00FFFFFE0000FE004E
:108B30000000FC00FE00FBFC00FAF9F9FC00FC0060
:108B4000FC00000000FE0000020002FE0001000028
:108B50000002FE000000FE0202FF000000FC00FF19
:108B60000000000000010003FE00FD00FC0000FE0C
:108B700000070000FE0000000000FF01FEFE0000F4
:108B8000FE00FE000000000000000000FFFF00FEED
:108B9000FD0000000000010000FE00FEFEFE0000DF
:108BA00000000000000000FF00000000FEFD00FDCE
:108BB00000F9FEF9040000FC02040600FAFFFD00C3
:108BC000FFF502FE02F402000001F400F4FEEDFEE7
:108BD00000F50004060003000000000000FCFD009A
:108BE000F9000000FE000000FE0000000000FFFF92
:108BF00000FFFD00000000000000FEFE00FEFDFE84
:108C00000000FE0000000000000000000000FEFE6A
:108C100000FD00FE00FC020000FD01020200000059
:108C2000000000FE0000000000020000FE00FEFE4A
:108C3000FD000000000000000200FE00000000FE39
:108C4000FD00FC0007FE01F9000006F5F4F7FC0248
:108C500000FEF1FC00FC00FC03FCF200FA00000145
:108C6000FF02FE000200F9F700F5FBFBFBF9FDFA3D
:108C700000FCFA01000100FE0000000200020000FA
:108C8000000000000000000000FE00FF00FFFE00EA
:108C9000FCFBFBFF00F9000000000000FE000000EC
:108CA0000001FF0000000200000000000000000BB7
:108CB00000000000000002000000FE0000000000B4
:108CC000000000000000FC000200000000000000A6
:108CD000000000000000FE000000FC00000000F5A5
:108CE000F9000000FDF50000FE0200FA000000009F
:108CF000000000000000FC0000FC0000000000007C
:108D00000000000000000200FC0000000003000260
:108D1000FCFC00FEFEFD000000000000F900FE006B
:108D2000FDFE00FBFAF9FE00FC00F9000000001255
:108D30000000010000FD000200F60000000000EB52
:108D4000FC0707FEF70002FD00F5FFFD02F0FE0341
:108D50000003F8FDF8F9F70000F3000D0000FF0034
:108D60000000FFFFFEFAF900EB0000000000000029
:108D700000000100000000000000000000000000F2
:108D8000000000FE00FFFEFD0000FC00FE000000F1
:108D9000000000000000000000000000FF00FC00D8
:108DA0000004FF0300FB02FEFFFAFE00FDFEFE00D2
:108DB000FDFC0000FEFFFEFCFD0000FE0002FE00C8
:108DC000FB000000FC00FC00FCFC020000000000B6
:108DD000000000FC0200FD00FEFDF9FEFEFEFFFEAD
:108DE000FDFF0000000000FEFEFE0000000003FE8C
:108DF00000FE000000FEFDFEFEFDFE000209FF0079
:108E0000FA00FE0400FEF7FD030000F5FC02FC0280
:108E100000FEFEF900FD010000FC0000000202FC63
:108E2000FC00FCFEFDFEFE00FC01FCFC0700000057
:108E30000000000000000200000000000000000030
:108E40000000000000000000000000000000FC0026
:108E50000000000000000000000000000000000012
:108E60000000000000000000000000000000000002
:108E700000000000000000000000FE0000000000F4
:108E800000000000000000000000000000000000E2
:108E90000000000000000000FEFE000000000000D6
:108EA000000000000000FD0000FD0000FEFE0000CC
:108EB0000000FE00000000FF0000000000FE0000B7
:108EC0000000FD00FC000000F90002FB0400FEF5BC
:108ED0000000FBFE00F7FAFA0000F6FEF7F7F500D7
:108EE000FA00020FFD00FBFEFFFEFCFAFCF8F7FBA8
:108EF000FE0000FE00010000F0FE0705FBF8000187
:108F0000F900F5FEFE04EBFD010000F1FDF4FEF0BA
:108F10000000F0000D0100FE00000000FFFEF7FE63
:108F200000F100000000F900FE00FFFAF50000FF6C
:108F3000FDF9FE00FE00000000F6FEF9F9FEFCFA65
:108F4000FEFC00FCFEF9FD00FDFCFEFC000100FE45
:108F5000F9000400FC00000000030002FC0900FE10
:108F6000FEFD000000000000F900FE00FDFE00FB19
:108F7000FAF9FE00FC0209000000001200000100E6
:108F800000FD0002000000000000000000000000E2
:108F90000000FEFC0000000000FF000000FEFE00DC
:108FA00000FCFE0000FC0004FF00000000000001C7
:108FB00000000000030402FE00F9FC0007F9F9FCC0
:108FC000FC090402EDFE04FE00FE02FEF800FE02B3
:108FD000FDFEF9FE0000070400FA00F4FD06FDF7AF
:108FE00001FDF9F9FE090200FD00FA000207FBF895
:108FF000F7FA070001F0FE02FCFEFB00FBF8FDFDA6
:10900000FE0000FBFBFE000705FEF400F4FD00F887
:10901000F3FFF9FCF9FA060000FD00FCFE00FEFC7F
:109020000004F9020000F400FEFBFCFEF9FAF9FB73
:1090300000F9FEFBFCF9FE0000010BFC00F9FE004C
:10904000FEFCFBFAFAF7FDFC0400FD00F5FD01044F
:10905000F9F8FCF907FE01EBFC04FBFCF800F9F75A
:10906000FDFEFEFEFBF9FF00000706FEF100F3FB2C
:1090700005F7F1FCF8F7F5F90400000000FD000029
:1090800002FD0402FC040000F9FF00FF000101FEE4
:10909000000000000000FE0000000002070000FDCC
:1090A00000000000FEFEFD000000010200000000C4
:1090B0000200FE000900040101FD0004000000029E
:1090C0000000000000000000000000070006000093
:1090D000000000000000000000000000F300FE049B
:1090E000000700001603FCFC0202FE01F500000B65
:1090F000F30000000000000000000000F1091F0064
:109100000000000000000000000000F3000000006C
:10911000000000000000000000000000000000004F
:10912000000000000000FC0000FCFE000000000049
:109130000000000000000000000000000000FE0031
:10914000FA0000010000021DFCFE0706FA02000002
:109150000202FD0000000000000000000000E30625
:1091600000000000000000000000000000000000FF
:1091700000FA000000FA00000000FBFF000000FB06
:1091800000FD00F50000000000000000000000F1FC
:109190000000000001000000000000FE0000FC00D4
:1091A000FD00FA000000FC02FD0000FAFEFB0000DA
:1091B000FA00FE00F500FE0000EEFCF7FEF80000ED
:1091C000F100FAFF0000000000000000FDFCFEFCC2
:1091D00000000000FB00FB03FE0400FEFBFEFCFCA5
:1091E00000FDFFFE02FAFF000000ECFEFD00FB00A8
:1091F000FEF5FE0000FEFE000000000200FEFCFE88
:10920000040000000000000000000000000000005A
:10921000000000000000000000000000000000004E
:10922000000000000000000000000000030000003B
:10923000000000FB00FE000000FC02000000FAFE3F
:10924000FC0000FA00FE00F500000000EA00FCF857
:10925000F50000F100FEFD0000000000000000FE2F
:10926000FDFFFD01000004FD00070BFEFEF9030BEE
:109270000405FA03090306050600000000000000CB
:10928000000000000E0BFCFE00FE120A120000009F
:10929000020000080000FC000000000000000000C8
:1092A000FE00000000000000000300000000EDFDD3
:1092B000FEF7F50000F100000000000000000000D3
:1092C00000000000000000FC0000000000000000A2
:1092D00000FE00000000000000000300000000EDA0
:1092E000FDFEF7F50000F7000000000000000000A0
:1092F00000000000000000000000FE000000FB0273
:1093000000FE020402F90000FE020002000000005C
:10931000FA00FEFEFC00FEF7000EFE00FBFE00FE63
:10932000FC00FEFAFCFD000000FC00000000000054
:10933000000000FE0000000000000000030000002C
:1093400000EDFDFEF7F50000F10000000000000B4D
:1093500000000000000000000000FC00F9FDFE0716
:10936000FEFEF701FF01FEFA000500020102FBF715
:10937000FD00F7FCFAF7F700FCFCFDFDFEFEFDFE2C
:1093800000FEFF030003FE000700000000000000D5
:109390000000000000FEFEFE0000FA00FF00FC00DE
:1093A00000000000000000000000F30000000000CA
:1093B000000000000000FEFE00FD00000000FE00B6
:1093C00000FCFE0200FCFCFE00FAFEFBFEFD00FCC1
:1093D0000000000000000000000000F10007000095
:1093E000FC00000000FD00FE0000FF0000FE00FB8E
:1093F000000009FDF9F902020200FA020302070265
:1094000007FEFA0000F70000F9FA0000FC00FDFC7E
:1094100000FD00FD00FE0300FEF9FE080000FE0056
:10942000FC000003FB0002FE020000F900FEFF004A
:10943000FE02FE000000F7FDFB00F90000F5000849
:10944000FE00FC000100FE00FEF900FE020000002C
:1094500000FE000002FD010000FDFE00FD00000016
:109460000000000000000000000000000000F2000A
:10947000050000FE000000000000FEFE00000004E9
:1094800000050000000000F2F3010A0704F70209DA
:109490000008000400000000000000000000000CB4
:1094A00000000000000000000000000000000000BC
:1094B0000001020003040502060708090A090A0B55
:1094C0000C0D0E0F10110C121314151500000016C0
:1094D000171819171919191719191A191919191704
:1094E000191719031B1C1D1D1E1F202122230024D8
:1094F000002526272727002726282926262A2A2747
:109500002A272A2B2C2D2E2E2F2E30000023093116
:109510000900000000000000000000000000000042
:10952000000000000000000000000000000000003B
:10953000000000000000000000000000000000002B
:10954000000000000000000000000000000000011A
:10955000020003040502060708090A090A0B0C00A9
:109560000D0E0F101112130C141400000015161715
:109570001819161A1B1C1D1D1E1F201D1D16212229
:109580002303241E2525262728292A2B002C002DDD
:109590002E2F303132332D343435302D2D2E2E36C2
:1095A000373839333A3A3B3A3C290000093D090043
:1095B00000000000000000000000000000000000AB
:1095C000000000000000000000000000000000009B
:1095D000000000000000000000000000000000008B
:1095E00000000000000000000000000EA0D90D9057
:1095F000C80C80B70A60110B80D91F0991F0881F31
:109600000880F088000000000D203C00000F006979
:10961000002FFFFFFFF7015C11A610006900C300D7
:10962000008800D2009FFFFFFFF012C523E2200058
:10963000D203C00000F004B0000000700000000E73
:1096400000000000E0000019EFEA300CD6E6A702A7
:10965000F40E00001F80E000006FEF50000016FFC6
:10966000E500000E0AF00100E05F13F85E6EB00541
:10967000CFFE9100000E0000000070000008DD30F9
:1096800000A7004B02D004C0007700D01D20004B83
:1096900003D0A7000007DC34C4CC3000001D2D220D
:1096A000D00000A63B00B30005C03A00A3001D2077
:1096B0000D00D000A60004CC40004DFC300000F7A7
:1096C00018C00001F205D00000BB6E4000005FF33F
:1096D000000007E6DB03802F301DBAA05F0001DF2A
:1096E000401FB448FEC003BFFC40B20000000000B1
:1096F0001F01F01F00F0000003F10B900F404F001E
:109700007D009B00AA00AA009B007D004F000F4037
:109710000B9003F15E000E6008C004F001F300F549
:1097200000E600E600F501F304F008C00E605E00FC
:1097300000930088A6C209FE404DDDB1429350005F
:109740005200000450000008A0000008A0001FFF05
:10975000FFF30339B3300008A0000008A0000103A4
:10976000F61E60E12C00000003FFF9033310000334
:10977000F52E4000000E400004E000009A00000EAC
:10978000400004F000009A00000E400003F00000CA
:109790009A00000E500003F000009A00000E5000E6
:1097A00003F00000004CFE70004FB68F900DB0002B
:1097B0005F32F40000E74F20000CA4F20000CA2F33
:1097C00040000E70DB0005F204FB68F90004CFE7EF
:1097D00000EFFB44CB00AB00AB00AB00AB00AB0039
:1097E000AB00AB00AB07DFEA108E857EC001000640
:1097F000F1000006F000000D900000CC00001CC03D
:109800000001DB00001DE544427FFFFFF97FFFFF01
:10981000F024445F900000BC000009E100003FD844
:109820001000046DD0000002F4100002F4BD757D3C
:10983000D019DFEA1000000DA0000000AC0000000D
:1098400007E10000004F40100002F600F5001DA0E7
:1098500000F5007FFFFFFFF3133333F73000000004
:10986000F500000000F50009FFFFF00AB444400CC9
:109870008000000E7000000FFFFC4003345CF2001B
:109880000000F7100000F78E856CF108DFFB300058
:109890002AEFD5003FD657400CC0000002F400006C
:1098A000004F5BFFA104FE845DD03F80003F30E8A5
:1098B0000003F206F845DC0005DFE9109FFFFFFD1D
:1098C0009D4444E99C0004F200000BB000002F40CE
:1098D0000000AD000001F6000008E000000E80006E
:1098E000006F1000019EFE9100BE636EC00F60000D
:1098F0006F00CC202BC002EFFFE200DC424CD05FB7
:1099000020001F55F20002F50ED535DE001AEFEAF1
:109910001003BFEA202FA44BE18E0000E99D000058
:10992000DD4F7129FF07FFFC9E000210AC00000212
:10993000F607658FB00AEFD7002E53F50000000040
:1099400000003F52E42E53F50000000000002E52AC
:10995000F60D21D001000000003100006CF2018EF4
:10996000D6000FC300000AFB40000017EE70000095
:1099700005C3000000001FFFFFF303333330000076
:109980000000000000001FFFFFF30333333004002A
:1099900000000ED71000005CF92000002AF200033E
:1099A000AFB106DE82001C6000000000000007DF8F
:1099B000EA109E746EC0010006F0000009C00000AD
:1099C0008E200006F2000008700000000000000B6E
:1099D0008000000C900000006CEFDA4000003DA415
:1099E0001016D90001E509EE98CA900A80BD43AF70
:1099F000C0D30F13F2000CC0693C06D00007C03B77
:109A00004B06D00007C02C3C03F2000CC04A0F10DC
:109A1000BD439EE3C50A8009EE91CF9001E50000A9
:109A2000000000003DA41028000000007CEFD910C9
:109A30000000000CF1000000003FD700000000B95A
:109A40006E00000002F20E50000009A007D00000D6
:109A50001F3000F400007FFFFFFB0000E733334FAF
:109A60002005F000000C900C90000006F18FFFFE26
:109A7000C408E3334BF28E00001F58E00018F18F4A
:109A8000FFFFF808E33337F68E000009C8E0000056
:109A90009D8E33347F78FFFFFD700007CFFB4000C1
:109AA000CF966AF50AE20000301F600000004F20E8
:109AB0000000004F200000001F600000000AE200CC
:109AC000003001CF966AF50007DFFB408FFFFEA450
:109AD000008E4446CF708E000007F38E000000DA3F
:109AE0008E0000009D8E0000009D8E000000DA8E2A
:109AF000000007F38E4446BF708FFFFEA4008FFF67
:109B0000FFF68E4444418E0000008E0000008FFF5F
:109B1000FFC08E3333208E0000008E0000008E4484
:109B200044428FFFFFF98FFFFFF68E4444418E00C1
:109B300000008E0000008E0000008FFFFFC08E33FB
:109B400033208E0000008E0000008E000000000711
:109B5000CFFC5000CF966AF60AE20000201F60009A
:109B600000004F200000004F200000B91F600000DF
:109B7000B90AE30000B900CF966AF80007DFFC607D
:109B80008E000008E8E000008E8E000008E8E0008B
:109B9000008E8FFFFFFFE8E333339E8E000008E85E
:109BA000E000008E8E000008E8E000008E8E8E8EB1
:109BB0008E8E8E8E8E8E8E02FFFFC00444BC0000FF
:109BC00009C000009C000009C000009C000009C002
:109BD0002000BA0EB58F603CFE808E00004F508E84
:109BE0000004F6008E003F70008E03F800008E2EF9
:109BF000C000008EECF600008FB07F30008E000AAF
:109C0000E1008E0000CC008E00001EA08E0000003F
:109C10008E0000008E0000008E0000008E0000000C
:109C20008E0000008E0000008E0000008E44444034
:109C30008FFFFFF28E00000008E8F7000002FE8FA1
:109C4000F10000BFE8DCA0004F9E8D2F300D87E8AB
:109C5000D09C06E07E8D01E7E507E8D006FC007E9B
:109C60008D000A2007E8D00000007E8E100008E872
:109C7000FC00008E8FF90008E8E6F6008E8E09F3EE
:109C800008E8E00CE18E8E001EB8E8E0003FEE8EA2
:109C900000006FE8E00000AE0007CFEB500000CFFF
:109CA000966BF9000AE200005F601F6000000AD0B6
:109CB0004F20000006F04F20000006F01F6000005B
:109CC0000AD00AE200005F6000CF966BFA0000073E
:109CD000DFEB50008FFFFD7008E4458FB08E000071
:109CE0005F38E00001F58E00003F48E0014DD08F65
:109CF000FFFFB208E33310008E00000008E0000010
:109D0000000007CFEB500000CF966BF9000AE2008D
:109D1000005F601F6000000AD04F20000006F04F77
:109D200020000005F01F6000000AD00AE200005F7A
:109D30006001DF855AFA000008DFFC5000000001D6
:109D4000EC21940000001BFFC10000000012008FF6
:109D5000FFFD7008E4458FB08E00005F38E0000121
:109D6000F58E00003F38E0014DD08FFFFFC208E3C1
:109D700033DA008E0002F608E00005F3019EFDA232
:109D800000CE646B702F40000001F800000006FD5B
:109D9000950000016AEE500000009F00200005F1D0
:109DA0003FA547EB004BEFE910FFFFFFFF2444BD49
:109DB00044400009C00000009C00000009C00000F1
:109DC000009C00000009C00000009C00000009C0C9
:109DD0000000009C00009C00000BA9C00000BA9C81
:109DE00000000BA9C00000BA9C00000BA9C0000035
:109DF000BA8E00000D94F40003F50CF868FD00091C
:109E0000EFE9100CB000000AC05F200001F500E986
:109E100000008E0008F0000E70001F6005F10000C9
:109E2000AD00C9000003F43F3000000CBAC00000D0
:109E3000005FF500000000EE00006F10000DB000A4
:109E400002F21F60003FF10008D00BB0008BE6006B
:109E50000D7006F000E69B002F2001F503F14F1076
:109E60008D0000CA09B00E60D800006F0E6009B204
:109E7000F300001F9F1004F9D000000CFB0000EF5E
:109E800080000007F600009F30003F50000DA00842
:109E9000F2009D0000CC04F300002F9E700000062D
:109EA000FC00000009FE1000004F4DB00001E80268
:109EB000F7000BD0007F207F20000BD00CB00000FB
:109EC0009C002F50002F30009E000C900000E805F1
:109ED000F1000005F3E60000000CFD000000003F6B
:109EE0004000000002F3000000002F3000000002DC
:109EF000F300004FFFFFFF9144444AF3000003F6D4
:109F0000000001EA000000CC0000009E1000006F7D
:109F10004000003F7000001ED4444436FFFFFFFCA9
:109F20008FF68D318D008D008D008D008D008D00A0
:109F30008D008D008D008D008D318FF65D0000004D
:109F4000F200000B8000006D000001F200000B80A9
:109F500000006D000001F200000B7000006D0000B9
:109F600001F200000B7000006D000001F2BFF3254C
:109F7000F302F302F302F302F302F302F302F30239
:109F8000F302F302F325F3BFF300AD00001EC4009B
:109F90000885A000E20E105B00970B5002E0EEEE89
:109FA000EEE00BC00009B004CFEA100B745DB00006
:109FB0000004F004CEEEF21F8214F24F1004F21FE0
:109FC000703DF204DFD7F2BA000000BA000000BA18
:109FD000000000BA8EFC30BFD54BF3BE1000CABAE9
:109FE00000007EBA00007EBE1000CABFD55BF3B988
:109FF0008EFC30007DFD6009F748F42F5000205F93
:10A000000000005F0000002F50002009F748F40016
:10A010007DFD600000001F40000001F40000001FF3
:10A020004008EFC4F40AF748FF42F50007F45F0068
:10A03000002F45F00001F42F50006F40AE637EF416
:10A04000008EFC4F40008EFC400AD538F42F2000D3
:10A050008C5FEEEEFF5F2111112F70001009F846A2
:10A06000E4007DFE80009EE305F44108C000CFFFC0
:10A07000F029D32008D00008D00008D00008D00074
:10A0800008D00008D000007EFC4E60AF747FF62F31
:10A0900050005F65F00000F65F00000F62F60006FA
:10A0A000F609F747FF5007EFC4F50000003F20CB4B
:10A0B000646EB003AEFD8000BA000000BA0000007C
:10A0C000BA000000BA8EFB20BFC56DD0BE0003F2FF
:10A0D000BA0000F4BA0000F5BA0000F5BA0000F5C5
:10A0E000BA0000F5BAA800BABABABABABABABA008F
:10A0F0000AB0009900000000AB000AB000AB000AF3
:10A10000B000AB000AB000AB000AB000AA064E7166
:10A11000DFA0BA000000BA000000BA000000BA00D8
:10A120001CC0BA01CC00BA1CD100BBCF6000BFDBA1
:10A13000E100BD11DC00BA003F70BA0007F3BABA03
:10A14000BABABABABABABABABAB99EFA15DFD40B61
:10A15000FB45EDE64AF2BE0006F6000E7BA0004F7E
:10A160002000C9BA0003F1000C9BA0003F1000C9F9
:10A17000BA0003F1000C9BA0003F1000C9B99EFB80
:10A1800020BFB45DD0BE0003F2BA0000F4BA0000F4
:10A19000F5BA0000F5BA0000F5BA0000F5007DFD43
:10A1A00060009F748F702F50007F05F00001F35FF7
:10A1B00000002F32F50007F009F748F70007DFD657
:10A1C00000B98EFC30BFC43AF3BE1000CABA00001A
:10A1D0007EBA00007EBE1000CABFD55BF3BA7EFC1B
:10A1E00030BA000000BA000000BA000000008EFC87
:10A1F0003F40AF748EF42F50007F45F00001F45FB4
:10A2000000002F42F50007F40AF748FF4008EFC4AA
:10A21000F40000001F40000001F40000001F40B9DE
:10A220008E4BFD71BE100BB000BA000BA000BA003F
:10A230000BA00005DFEA13F735A06F000001EE96D2
:10A2400010016AEF300000D96C646F62AEFD7008D7
:10A25000D00008D000CFFFF029D32008D00008D0CC
:10A260000008D00008D00005F551009FE3C80002A7
:10A27000F3C80002F3C80002F3C80002F3C90003E8
:10A28000F3AB0007F35F837EF306DFC5F30D9000A9
:10A290000AA06E0001F300F5007D0009C00E600009
:10A2A0003F24F00000C8B9000006FF3000000FC0D6
:10A2B00000C80006F1000D56D000CF6003F01F303B
:10A2C0002F9C009A00B807B2F10E4005E0D60C743E
:10A2D000E0000F6F007C990000AFA001FF40000577
:10A2E000F4000BE0004F3007E109D02F4000D9D92E
:10A2F00000003FD000004FE10001E7BB000BB01EA3
:10A30000707E1005F30D90000AA06F0001F300F6B7
:10A31000007D0009C00D60002F34F00000C9A900C5
:10A320000005FF2000000EC0000000E5000094AD15
:10A3300000001BFC2000005FFFFFA13337F4000189
:10A34000E70000CB00008E10004F40001EA3332614
:10A35000FFFFFC006EA00F9201F4001F4001F4000B
:10A360003F303FC0006F3001F4001F4001F4001F78
:10A370004000FA2005EA8B8B8B8B8B8B8B8B8B8B26
:10A380008B8B8B8BBE5002AE0005F0005F0005F09A
:10A39000004F1000DF104F5005F0005F0005F00087
:10A3A0005F002AE00BE40007EC40B41E25DFC0018B
:10A3B00000000004CC302B01C05700932B01C005D6
:10A3C000CC3006A10FF60BE20000000000000000F8
:10A3D00000000000027BFB000000049DFFFFD00096
:10A3E00003AFFFFFFFFD0000AFFFFFFFDFD0000A5C
:10A3F000FFFFB610ED0000AF9400000ED0000AF190
:10A40000000000ED0000AF1000000ED0000AF100C7
:10A410000045FD0000AF1001EFFFD0179DF1005F78
:10A42000FFFC0EFFFF1000AFFD31FFFFE000000159
:10A430000003BDA300000000005018888888840530
:10A44000FABFDDDDDDFDAFE47F100000CA4EE04F56
:10A45000100000C80EFEEF100000CFEFE03FEEEE60
:10A46000EEF80EF68F766666EB6FF8AF100000CC54
:10A470008FE03F100000C80EFCDF655555EECFC2DF
:10A480005FFFFFFFF92C57750577777775FFFF1F83
:10A49000FFFFFFFFFFFF2FFFFFFFFFEFFF0EFFFF9D
:10A4A000FFFE01100011111110EFFE0EFFFFFFFE65
:10A4B000FFFF2FFFFFFFFFFFFF1FFFFFFFFF68876B
:10A4C000078888888668870788888886FFFF1FFF37
:10A4D000FFFFFFFFFF2FFFFFFFFFDFFD0DFFFFFF70
:10A4E000FD0000000000015000000000001DF80009
:10A4F00000000001DFFD000000001DFFE22D6000F4
:10A5000001DFFE20DFF7001DFFE2008FFF71DFFE9D
:10A51000200008FFFEFFE20000008FFFFE20000089
:10A520000008FFE200000000007D200000000000A5
:10A530000000007F60000BE2EFF600BFF84FFF6BFA
:10A54000FFD104FFFFFD10005FFFE10000BFFFF639
:10A55000000BFFDFFF60BFFD14FFF5CFD1004FF60A
:10A56000171000036000000011000000000000FF51
:10A57000000000006F21FF12F70006FF61FF16FFC9
:10A58000601FF901FF109FF16FE001FF100EF6AFA1
:10A590008001FF1008FACF6001FF1006FCAF8000B9
:10A5A000AA0008FB7FD00000000DF71FF800000094
:10A5B0008FF107FF91002AFF70009FFFEEFFF90067
:10A5C0000005CFFFFD500000000244200000000005
:10A5D000000000000000000AFFA0000000000CFFC7
:10A5E000C0000003D6DFFFFD6D300EFFFFFFFFFF51
:10A5F000E05FFFFFAAFFFFF51AFFF4004FFFA10382
:10A60000FFD0000DFF3004FFF0000FFF404FFFFBB5
:10A6100022BFFFF42FFFFFFFFFFFF209FEFFFFFF46
:10A62000EF9000505EFFE5050000000CFFC0000049
:10A630000000047740000000000003100341000008
:10A6400000009FF50DF50000001BFDFF8DF50000DB
:10A6500002DFB12DFFF500004FF83EC2BFF5000745
:10A66000FF55FFFE39FE409FE38FFFFFF56FF6AC0D
:10A670002AFFFFFFFF73E6005FFFFFFFFFF100000F
:10A680006FFFD77FFFF200006FFF900DFFF2000019
:10A690006FFF900DFFF200004FFF700BFFE1000015
:10A6A00000003300000000000BFFB0000000000CB1
:10A6B000FFC0000000000CFFC0000000000CFFC045
:10A6C000000000000CFFC00000008FFFFFFFF8003B
:10A6D000002EFFFFFFE2000002EFFFFE200000005F
:10A6E0002DFFE20000799982DE289997FFFFFB2277
:10A6F000BFFFFFFFFFFFFFFFFFFFFFFFFFFFFAB3FB
:10A70000CFACCCCCCCCCCCCA0006BBBBBBBA3000E7
:10A71000004FFFFFFFFFE10000EF30000006FB00ED
:10A7200009F800000000CF504FD0000000002FE1DA
:10A73000DF84420000344BF9FFFFFD0001FFFFFB07
:10A74000FFFFFF988BFFFFFCFFFFFFFFFFFFFFFCFA
:10A75000FFFFFFFFFFFFFFFB9FFFFFFFFFFFFFF676
:10A760000000000000003300018DFFC600EF004E26
:10A77000FFFFFFE4DF04FFB3004CFFFF0EF9000012
:10A78000008FFF6FC00001FFFFFF8E500001DEEE63
:10A79000ED0000000000000022222200000021FF46
:10A7A000FFFF100008F8FFFBBC10001EF4FFFC10B8
:10A7B0000001DFC0FEEFE8448EFE10FE1AFFFFFF2F
:10A7C000C100FD0028BB940000000002700002EFF1
:10A7D0000002EFFDFFFFFFFFFFFFFFFFFFFFFFFF97
:10A7E000FFFFFFFFFF3447FFF00005FF000005C03B
:10A7F0000000000000027000000002EF00000002F4
:10A80000EFF0000DFFFFFF0220FFFFFFF08E1FFFA4
:10A81000FFFF00E7FFFFFFF03F5FFFFFFF089034FF
:10A8200047FFF000000005FF0000000005C0000029
:10A83000000000000000000000000770000000029F
:10A84000700005FA0000002EF000814F600002EF5A
:10A85000F001DD07F0DFFFFFF0321E80F6FFFFFFA3
:10A86000F08E27E0B9FFFFFFF00E73F19BFFFFFFB3
:10A87000F03F54F09AFFFFFFF0890AC0D83447FF39
:10A88000F0007F43F300005FF002F60CB00000051B
:10A89000C00000BF10000000000009E3000000003D
:10A8A000000002100037888888888873EFFFFFFF58
:10A8B000FFFFFEFE32DFFFFFFFFFF9007FFFFDFF1E
:10A8C000FFFD10CFFFA07FFFFFFFFFFA0007FFFF94
:10A8D000F35FA00000CFFF3003000000CFFC0000BA
:10A8E000000000CFFFCCCCCCCCCCFFAFFFFFFFFFF4
:10A8F000FFF900002000000001FA00000006FF1030
:10A9000000000DFF7000006FFFF10001EFFFFA0083
:10A910000BFFFFFF605FFFFFFFE0CFFFFFFFF6FED3
:10A92000BFFFFFF9FD4FFFFFF9BF49FFFFF53FE50F
:10A930002EFFD006FFFFFD200028BA600004300083
:10A9400000311FE00006F91FE0007FFA1FE009FF59
:10A95000FA1FE0AFFFFA1FEBFFFFFA1FFFFFFFFA3E
:10A960001FFFFFFFFA1FE6FFFFFA1FE05FFFFA1F5E
:10A97000E004FFFA1FE0003EFA0FD00002D700000B
:10A980000000000200000000000CFB20000000009E
:10A99000FFFF900000000FFFFFE6000000FFFFFF39
:10A9A000FC30000FFFFFFFFF9100FFFFFFFFFFE6FE
:10A9B0000FFFFFFFFFFFF2FFFFFFFFFFFD0FFFFF96
:10A9C000FFFFF800FFFFFFFFB2000FFFFFFD400099
:10A9D00000FFFFF70000000FFFA1000000006A4029
:10A9E00000000000001444200144420DFFFF10DF6E
:10A9F000FFF1FFFFF30FFFFF3FFFFF40FFFFF4FFFB
:10AA0000FFF40FFFFF4FFFFF40FFFFF4FFFFF40FC6
:10AA1000FFFF4FFFFF40FFFFF4FFFFF40FFFFF4F6B
:10AA2000FFFF40FFFFF4FFFFF40FFFFF4FFFFF307A
:10AA3000FFFFF39FFFC009FFFC001444444444425D
:10AA40000DFFFFFFFFFFF1FFFFFFFFFFFF3FFFFFD6
:10AA5000FFFFFFF4FFFFFFFFFFFF4FFFFFFFFFFFC1
:10AA6000F4FFFFFFFFFFFF4FFFFFFFFFFFF4FFFFBC
:10AA7000FFFFFFFF4FFFFFFFFFFFF4FFFFFFFFFFA1
:10AA8000FF4FFFFFFFFFFFF39FFFFFFFFFFC0002F1
:10AA9000100000420FE20003FB0FFE3004FB0FFF2B
:10AAA000F404FB0FFFFF54FB0FFFFFFAFB0FFFFF48
:10AAB000FFFB0FFFFFFFFB0FFFFFD6FB0FFFFD1498
:10AAC000FB0FFFC104FB0FFB0004FB0CA00003FA0B
:10AAD000000000000000000012000000000003FF62
:10AAE00060000000002EFFF500000001EFFFFF40B6
:10AAF00000001DFFFFFFF30000CFFFFFFFFE200A55
:10AB0000FFFFFFFFFFE00EFFFFFFFFFFF20399993A
:10AB100099999950058888888888700FFFFFFFFFF2
:10AB2000FFF30FFFFFFFFFFFF40BFFFFFFFFFFD15E
:10AB3000000000000000003F9000003FFC00003FCC
:10AB4000FD10003FFD10003FFD10001FFD10000034
:10AB5000CFF4000000CFF4000000CFF4000000CFDD
:10AB6000F4000000CFE0000000A40000000000009E
:10AB7000CD1000001FFD1000003FFD1000003FFD44
:10AB80001000003FFD1000003FFD000008FF900096
:10AB900008FF900008FF900008FF900002FF90005F
:10ABA000000780000000000004500000000002FFC9
:10ABB00060000000003FF70000000003FF7000008D
:10ABC00000003FF7000006999AFFC99980FFFFFF38
:10ABD000FFFFFF3DFFFFFFFFFFF201113FF71110E5
:10ABE000000003FF70000000003FF70000000003BA
:10ABF000FF70000000000CD300000069999999993A
:10AC0000980FFFFFFFFFFFF3DFFFFFFFFFFF2000B5
:10AC1000000000000000000156640000000003BFB7
:10AC2000FEEFF91000007FFA1003DFE40008FFA038
:10AC300009B41EFF504FFF200BFF26FFE1EFFF0975
:10AC4000CFFF63FFFABFFF09FFFF54FFF61EFF515E
:10AC5000DFFB09FFB003EFE204305FFC10002CFFC4
:10AC6000956AFF9000000049DFFD9200000000009F
:10AC7000000000000000CD20000000000000008F58
:10AC8000F50014664000000004EFACFFEFFF9100F8
:10AC900000001CFFA1004DFE300000009FF5AB310D
:10ACA000EFF40007B105FFFFE17FFE100FFE302D2E
:10ACB000FFF54FFF900CFFE000AFF65FFF6002FF73
:10ACC000F40006FFEFFB00004FFD10003EFFC00048
:10ACD0000002DFE85401BFE300000005AEFF60079B
:10ACE000FF60000000000000004EF60000000000C1
:10ACF000000001A1000000000000000000000000B2
:10AD00003ED00000000000000CFF800000000000AA
:10AD100006FFFF200000000000EFFFFB0000000026
:10AD2000008FFCCFF4000000002FFB00FFD00000DC
:10AD3000000BFFC00FFF70000004FFFD01FFFF10BC
:10AD40000000DFFFE02FFFFA00007FFFFF9BFFFF07
:10AD5000F3001FFFFFB00EFFFFC00AFFFFFE24FF3E
:10AD6000FFFF60FFFFFFFFFFFFFFFA06CCCCCCCC5C
:10AD7000CCCCCB300000000000360000000000000A
:10AD80007F80DDDB00008DEFF8FFFFB007FFFFFDE8
:10AD9000556FF46FF8AFE2000574FF907E2000005D
:10ADA0003FFA0000000002EFB2504A00012EFD1DE4
:10ADB000F48FB0FFFFD10BFFFFFBFFFE2000CFFFA2
:10ADC000FB12210000029FC000000000005B000099
:10ADD0000007A00000000008FFB000000008FFFF0F
:10ADE000B0000008FF95FFB00008FF9005FFB00716
:10ADF000FF900005FFB09F90000005FD004000009F
:10AE00000003104C20000000B60BFE200000CFF025
:10AE10002EFE2000CFF4002EFE20CFF400002EFEE8
:10AE2000CFF40000002EFFF4000000002EF400001C
:10AE300000000013000000000830000000000000C7
:10AE400000BFF308BBBBBB90000BFFFF39FFFFFF48
:10AE5000F1008FCFCFF000000AF100382F9480006E
:10AE6000000AF100002F900000000AF100002F906E
:10AE70000000030AF130002F9000001FCBF8F8000B
:10AE80002FEBBBBB39FFFFE2001FFFFFFFB09FFDB1
:10AE90002000000000000008D10037888700000073
:10AEA00000EFFFFFA0000000FFFFFFFDCCCCB6FFCE
:10AEB000FFFFFFFFFFFFFFFFFFFFFFFFFFFFFFFFA2
:10AEC000FFFFFFFFFFFFFFFFFFFFFFFFFFFFFFFF92
:10AED000FFFFFFFFFFFFFFFFFFFFFFFFFFFFFFFF82
:10AEE000AFFFFFFFFFFFF9000000000000000000BF
:10AEF00001DD10000000001DFFD100000001DFFF98
:10AF0000FD1000001DFFFFFFD100009FFFFFFFF9B4
:10AF10000000011CFFC1100000000CFFC000000079
:10AF2000000CFFC0000000000CFFC0000079993B3E
:10AF3000FFB39997FFFFB2442BFFFFFFFFFEDDEF4A
:10AF4000FFFFFFFFFFFFFAB3CFACCCCCCCCCCCCA19
:10AF500000000000000200000000000004FFC70025
:10AF600000000000AFFFF0000000001FFFFD000028
:10AF7000000006FFFFC00000000008FFF70000000F
:10AF800000000CFF300000000004FFC000000000C3
:10AF900001EFF300004A3002DFF80005DFFE15EF95
:10AFA000FB0000EFFFFFFFFA00000BFFFFFFF700C1
:10AFB00000007FFFFFA200000002BA850000000031
:10AFC0000004860000001006FFFA0002DFD1EF3C0B
:10AFD000F101DFFA0EE0AF21DFFA009FEFF6DFFAB2
:10AFE00000008DFFFFFB00000006FFFD0000004891
:10AFF000EFFFF600006FFFFBFFF6000EF3CF23FF1D
:10B00000F600EE0AF204FFF609FEFC0004FFF10868
:10B01000DA100002620000000000000000006FFF74
:10B02000F987000008FFFF98F708A68FFFF95990ED
:10B03000FFA8FFFFFCCC0FFA8FFFFFFFF1FFA8FF77
:10B04000FFFFFF1FFA8FFFFFFFF1FFA8FFFFFFFFCA
:10B050001FFA8FFFFFFFF1FFA8FFFFFFFF1FFA7F1F
:10B06000FFFFFFF0FFE3122222210FFFFFFFF90095
:10B0700000ACCCCCCB5000004999999995000EFFBB
:10B08000FFFFFFF600FD2222224FF60FC000000155
:10B09000FFF3FC0000001FFF6FC0000002FFF6FF7F
:10B0A000FFFFFFFFFF6FFFFFDCFFFFF6FFFFB005B5
:10B0B000FFFF6FFFF6000FFFF6FFFFC006FFFF6FF9
:10B0C000FFFFEDFFFFF69FFFFFFFFFFD10CDDDDD72
:10B0D000DDDDDD2FFFFFFFFFFFF312222222222200
:10B0E000000000000000000000000000000FFFFF53
:10B0F000FFFFFFF3DEEEEEEEEEEE200000000000BC
:10B10000000000000000000DEEEEEEEEEEE2FFFFAC
:10B11000FFFFFFFF300000000000003788888888AC
:10B120008873EFFFFFFFFFFFFEEFFFFFFFFFFFFE54
:10B130001CFFFFFFFFFFC1D28FFFFFFFF82DFF6451
:10B14000EFFFFE45FFFFFA2BFFB2AFFFFFFFD35526
:10B150003DFFFFFFFFFFBBFFFFFFFFFFFFFFFFFF05
:10B16000FFAFFFFFFFFFFFF9000000000001FFFF3E
:10B17000F00004FFFFD00006FFFF800008FFFF3053
:10B18000000AFFFFAAA60CFFFFFFF80EFFFFFFE17A
:10B190000BDDDFFF6000004FFD0000007FF30000CB
:10B1A00000BFA0000000FF10000003F80000000333
:10B1B000C000000000200000000455EFB552000060
:10B1C000FFFD1FFFB0000FFFFFFFFC0000FFFF535C
:10B1D0003320000FFF97FFFB5700FFF8AFFFC6F8C3
:10B1E0000FFF8AFFFC4AA1FFF8AFFFE3220FFF8A9F
:10B1F000FFFFFFF4FFF8AFFFFFFF4FFF8AFFFFFFE6
:10B20000F43552AFFFFFFF40000AFFFFFFF40000DC
:10B210007FFFFFFE20000001100000000000AF00D3
:10B22000000000018FFA30000002EFFFFF50000025
:10B23000BFFFFFFF10001FFFFFFFF50003FFFFFF31
:10B24000FF70005FFFFFFFF90008FFFFFFFFC00076
:10B25000DFFFFFFFFF209FFFFFFFFFFD0EFFFFFF50
:10B26000FFFFF2022222222221000008FFC000007C
:10B27000000009A20000005BBBBBBBBBBBBBA3FFC4
:10B28000FFFFFFFFFFFFFBFC0C30E11D0D11FCFC7D
:10B290000B30E01D0D10FCFFFEFFEFFEFEEFFCFF8C
:10B2A000F15A0870A05FFCFFF37B2992C27FFCFF7C
:10B2B000BFCBBBBBBFCBFCFC0B2000000D00FCFFD9
:10B2C000CFCCCCCCCFCCFB9FFFFFFFFFFFFFF60026
:10B2D00000000000000200000000000005DFB000D8
:10B2E00000000007EFFFD000000018FFFFFF700014
:10B2F0000029FFFFFFFF00003BFFFFFFFFF8000AF0
:10B30000FFFFFFFFFFF1000FFFFFFFFFFFA00004A3
:10B310009AAAAFFFFF20000000000EFFFB00000014
:10B3200000000EFFF400000000000EFFC00000004F
:10B3300000000EFF5000000000000DFD00000000A6
:10B34000000004B300000035555502000FFFFFF266
:10B35000F400FFFFFF2FF40FFFFFF2FFF3FFFFFFEB
:10B3600032221FFFFFFFFFF7FFFFFFFFFF8FFFFFEF
:10B37000FFFFF8FFFFFFFFFF8FFFFFFFFFF8FFFF5B
:10B38000FFFFFF8FFFFFFFFFF8FFFFFFFFFF8FFFB4
:10B39000FFFFFFF88AAAAAAAAA30000000245531AC
:10B3A0000000000003AFFFFFFFC7000002BFFFFE69
:10B3B000DEFFFFF6005FFFB51000038EFFB0DFD3A6
:10B3C00000000000008FF5180005AEFEC8100460F4
:10B3D0000002DFFFFFFFF80000000CFF95347DFF47
:10B3E00040000002A200000077000000000002966A
:10B3F000000000000000000DFF50000000000000F1
:10B400000EFF6000000000000005DA000000005B95
:10B41000BBBBBBBBBBBBBA20FFFFFFFFFFFFFFFFF8
:10B4200090FC1222222222220FF7FC5FFFFFFFFF77
:10B43000FF2CFAFC5FFFFFFFFFFF21FAFC5FFFFF1D
:10B44000FFFFFF27FAFC2666666666661FFAFEBBEC
:10B45000BBBBBBBBBBBFB1AFFFFFFFFFFFFFFF50DD
:10B460000000000000000000005BBBBBBBBBBBBB1F
:10B47000BA20FFFFFFFFFFFFFFFF90FC12222222F6
:10B4800021000FF7FC5FFFFFFFF8000CFAFC5FFFE5
:10B49000FFFFF80001FAFC5FFFFFFFF80007FAFC6E
:10B4A0002666666663000FFAFEBBBBBBBBBBBBBFB9
:10B4B000B1AFFFFFFFFFFFFFFF50000000000000E3
:10B4C0000000005BBBBBBBBBBBBBBA20FFFFFFFFE9
:10B4D000FFFFFFFF90FC1222221000000FF7FC5F1D
:10B4E000FFFFD000000CFAFC5FFFFFD0000001FA64
:10B4F000FC5FFFFFD0000007FAFC266666500000E4
:10B500000FFAFEBBBBBBBBBBBBBFB1AFFFFFFFFFB7
:10B51000FFFFFF500000000000000000005BBBBB0D
:10B52000BBBBBBBBBA20FFFFFFFFFFFFFFFF90FCD1
:10B530001222000000000FF7FC5FFF300000000C3B
:10B54000FAFC5FFF3000000001FAFC5FFF300000F2
:10B550000007FAFC2666100000000FFAFEBBBBBB1A
:10B56000BBBBBBBFB1AFFFFFFFFFFFFFFF50000042
:10B57000000000000000005BBBBBBBBBBBBBBA2034
:10B58000FFFFFFFFFFFFFFFF90FC00000000000037
:10B590000FF7FC0000000000000CFAFC00000000A7
:10B5A000000001FAFC00000000000007FAFC0000A7
:10B5B000000000000FFAFEBBBBBBBBBBBBBFB1AF03
:10B5C000FFFFFFFFFFFFFF50000000000000000032
:10B5D000000000000007B20000000000000ADFFACF
:10B5E000000000000000A93DF5000000044002E05A
:10B5F0000010000000AFF80B600000006C30FFFF8F
:10B60000FFFFFFFFFFFFF4AFF9000C5000006D409B
:10B6100005500004C00000100000000000C43EE817
:10B620000000000000002EEFFA0000000000000003
:10B630004FFA0000000000000000000000000001C0
:10B640001000000007EFFFB30000AFFD8FFF2004E4
:10B65000FFFD09FFB00AFEFD12AFF00EF55D2C0EE6
:10B66000F30FFF33129FF50FFFF307FFF60FFFE213
:10B6700006FFF60FFE24137FF50DF57D2C0DF30A62
:10B68000FFFD11BFF003FFFE0BFFA0007FFEBFFE1A
:10B69000100003ACDC810000003443000005667F2D
:10B6A000FFF96650FFFFFFFFFFFF356666666666BF
:10B6B000501CCCCCCCCCC402FFFFFFFFFF602FF3AB
:10B6C000FB7F6DF602FF2FB7F5DF602FF2FB7F5D8A
:10B6D000F602FF2FB7F5DF602FF2FB7F5DF602FF6A
:10B6E0002FB7F5DF602FF3FB7F6DF601FFFFFFFF44
:10B6F000FF5007BCCCCCCC90000000000000012023
:10B70000000000000004FF500000000002FFFF5096
:10B710000000000439FFFE00000004FF39FFA00014
:10B720000004FFFF39B0000004FFFFFF2000000409
:10B73000FFFFFFB0000004FFFFFFB0000004FFFFA9
:10B74000FFB0000004FFFFFFB0000000BFFFFFB02C
:10B750000000000DFFFFB000000000FFFFB0000080
:10B76000000009A860000000000000001788888819
:10B770008887400002EFFFFFFFFFFFF4003EFFFF5E
:10B78000CFFFCFFFF703EFFFF908F809FFF83EFFFF
:10B79000FFFE20402EFFF8DFFFFFFFE101EFFFF883
:10B7A0009FFFFFFF80008FFFF809FFFFF902C2092A
:10B7B000FFF8009FFFFE4EFE4EFFF80009FFFFFF5F
:10B7C000FFFFFFF700008FFFFFFFFFFFC10000003A
:10B7D00000000003EFFFFFE203FBFBCEBFA4FF1D51
:10B7E00003A1FAFFF1D03A1FAFFFFFFFFFFAFFFFFF
:10B7F000FFFFFFAFFFFFFFFFFAFFFFFFFFFFAFFFFE
:10B80000FFFFFFFAFFFFFFFFFFAFFFFFFFFFFAFFA2
:10B81000FFFFFFFFADFFFFFFFFF829AAAAAAA800BC
:10B820000000000000000300000000000004F10020
:10B830000820000001FF100BF70000002FF10CFFA3
:10B8400094444445FF1BFFFFFFFFFFFFF18FFFFF05
:10B85000FFFFFFFD007FF70000000000006F6000A9
:10B860000000000000300000000000574553545F06
:10B87000544F504449522F6D6F64756C65732F6C33
:10B8800069622F6775692F6C76676C2F7372632FEF
:10B8900068616C2F6C765F68616C5F646973702E91
:10B8A00063006469737020213D204E554C4C006448
:10B8B0006973702D3E726566725F74696D65722082
:10B8C000213D204E554C4C0066756C6C5F72656670
:10B8D0007265736820726571756972657320617431
:10B8E000206C656173742073637265656E20736983
:10B8F0007A65642064726177206275666665722875
:10B900007329006C765F646973705F6472765F722E
:10B910006567697374657200574553545F544F509F
:10B920004449522F6D6F64756C65732F6C69622F7B
:10B930006775692F6C76676C2F7372632F68616C03
:10B940002F6C765F68616C5F696E6465762E63004C
:10B950006C765F696E6465765F6472765F72656748
:10B9600069737465723A206E6F20646973706C61DC
:10B970007920726567697374657265642068656EA5
:10B9800063652063616E277420617474616368204D
:10B9900074686520696E64657620746F2061206428
:10B9A0006973706C617900696E64657620213D2051
:10B9B0004E554C4C00696E6465765F726561645FDC
:10B9C0006362206973206E6F742072656769737497
:10B9D00065726564005F6C765F696E6465765F7240
:10B9E000656164006C765F696E6465765F6472762B
:10B9F0005F726567697374657200574553545F548D
:10BA00004F504449522F6D6F64756C65732F6C698C
:10BA1000622F6775692F6C76676C2F7372632F6D59
:10BA20006973632F6C765F616E696D2E63006E655E
:10BA3000775F616E696D20213D204E554C4C006C46
:10BA4000765F616E696D5F73746172740057455300
:10BA5000545F544F504449522F6D6F64756C657339
:10BA60002F6C69622F6775692F6C76676C2F737204
:10BA7000632F6D6973632F6C765F636F6C6F722ECB
:10BA80006300496E76616C69642070616C657474E2
:10BA9000653A202564000101010101010101010154
:10BAA0000101010101010001016C765F70616C65AB
:10BAB0007474655F6D61696E00574553545F544FF0
:10BAC000504449522F6D6F64756C65732F6C6962B9
:10BAD0002F6775692F6C76676C2F7372632F6D6992
:10BAE00073632F6C765F66732E630066696C655FA7
:10BAF000702D3E63616368652D3E62756666657292
:10BB000020213D204E554C4C0043616E2774206F20
:10BB100070656E2066696C653A2070617468206992
:10BB200073204E554C4C0043616E2774206F706536
:10BB30006E2066696C6520282573293A20756E6B26
:10BB40006E6F776E20647269766572206C657474AE
:10BB500065720043616E2774206F70656E206669A0
:10BB60006C6520282573293A2064726976657220F5
:10BB70006E6F742072656164790043616E27742072
:10BB80006F70656E2066696C6520282573293A20E0
:10BB90006F70656E2066756E6374696F6E206E6F70
:10BBA00074206578697374730066696C655F702DC5
:10BBB0003E636163686520213D204E554C4C006C0E
:10BBC000765F66735F726561645F63616368656415
:10BBD000006C765F66735F6F70656E005B25735DEA
:10BBE000092825642E253033642C202B256429094F
:10BBF0002025733A202573200928696E202573209B
:10BC00006C696E6520232564290A0054726163659E
:10BC100000496E666F005761726E004572726F72F6
:10BC2000005573657200574553545F544F50444953
:10BC3000522F6D6F64756C65732F6C69622F677519
:10BC4000692F6C76676C2F7372632F6D6973632F26
:10BC50006C765F6D656D2E6300636F756C646E2727
:10BC60007420616C6C6F63617465206D656D6F72BB
:10BC700079004F7574206F66206D656D6F72792C39
:10BC80002063616E277420616C6C6F636174652042
:10BC900061206E6577206275666665722028696E20
:10BCA00063726561736520796F7572204C565F4DC4
:10BCB000454D5F53495A452F686561702073697A15
:10BCC0006529006E6F206D6F72652062756666650E
:10BCD00072732E2028696E637265617365204C56FD
:10BCE0005F4D454D5F4255465F4D41585F4E554D46
:10BCF00029004E6F206D6F726520627566666572F1
:10BD0000732E20496E637265617365204C565F4DDA
:10BD1000454D5F4255465F4D41585F4E554D2E0093
:10BD200066616C73650070206973206E6F742061AA
:10BD3000206B6E6F776E20627566666572006C763A
:10BD40005F6D656D5F6275665F72656C6561736579
:10BD5000006C765F6D656D5F6275665F6765740028
:10BD60006C765F6D656D5F7265616C6C6F630057BB
:10BD70004553545F544F504449522F6D6F64756C56
:10BD800065732F6C69622F6775692F6C76676C2FEE
:10BD90007372632F6D6973632F6C765F7374796C44
:10BDA000652E630043616E6E6F74207265736574F7
:10BDB00020636F6E7374207374796C65004E6F200E
:10BDC0006D6F726520637573746F6D2070726F7024
:10BDD000657274792049447320617661696C61628F
:10BDE0006C650072657175697265642073697A6546
:10BDF00020686173206265636F6D6520303F00725B
:10BE0000657175697265645F73697A65203E20307B
:10BE100000556E61626C6520746F20616C6C6F639D
:10BE200061746520737061636520666F722063754D
:10BE300073746F6D2070726F7065727479206C6F9F
:10BE40006F6B7570207461626C65005F6C765F73F8
:10BE500074796C655F637573746F6D5F70726F700A
:10BE60005F666C61675F6C6F6F6B75705F7461624A
:10BE70006C6520213D204E554C4C0043616E6E6F29
:10BE8000742072656D6F76652070726F70206672B7
:10BE90006F6D20636F6E7374207374796C650043EB
:10BEA000616E6E6F74207365742070726F7065724E
:10BEB0007479206F6620636F6E7374616E74207383
:10BEC00074796C65006C765F7374796C655F73650B
:10BED000745F70726F705F696E7465726E616C0012
:10BEE0006C765F7374796C655F72656D6F76655F94
:10BEF00070726F70006C765F7374796C655F7265D9
:10BF00006769737465725F70726F70006C765F73CF
:10BF100074796C655F7265736574000004040404D1
:10BF200004040404040400000000000606060606DB
:10BF300006050000000000000000000000000000F6
:10BF400000000002000000000000000000040000EB
:10BF500002000202000000000000000202020200D3
:10BF600002000000020000000000000200000000CB
:10BF70000101050505010500000000001001010098
:10BF80000000001002020C0C12120000574553541E
:10BF90005F544F504449522F6D6F64756C65732F19
:10BFA0006C69622F6775692F6C76676C2F7372638B
:10BFB0002F6D6973632F6C765F74696D65722E6384
:10BFC000006E65775F74696D657220213D204E5566
:10BFD0004C4C004974207365656D73206C765F74FA
:10BFE00069636B5F696E632829206973206E6F74C3
:10BFF0002063616C6C65642E006C765F74696D659E
:10C00000725F637265617465006C765F74696D65FB
:10C01000725F68616E646C657200202C2E3B3A2D55
:10C020005F00574553545F544F504449522F6D6F32
:10C0300064756C65732F6C69622F6775692F6C76F8
:10C04000676C2F7372632F6D6973632F6C765F74E7
:10C0500078742E63006C765F7478745F6765745FC4
:10C0600073697A653A20696E7465676572206F76C8
:10C070006572666C6F77207768696C652063616CA8
:10C0800063756C6174696E67207465787420686587
:10C0900069676874006C765F7478745F6765745F55
:10C0A00073697A6500574553545F544F5044495261
:10C0B0002F6D6F64756C65732F6C69622F6775697E
:10C0C0002F6C76676C2F7372632F77696467657462
:10C0D000732F6C765F6C6162656C2E6300706F739A
:10C0E00020213D204E554C4C00706F735F696E20CF
:10C0F000213D204E554C4C004661696C65642074AE
:10C100006F20616C6C6F63617465206D656D6F721B
:10C110007920666F7220646F745F746D705F7074E5
:10C1200072006C6162656C2D3E7465787420213DEF
:10C13000204E554C4C0054657874006C765F6C61F1
:10C1400062656C5F6765745F6C65747465725F6F60
:10C150006E006C765F6C6162656C5F7365745F74B2
:10C16000657874006C765F6C6162656C5F73657492
:10C170005F646F745F746D7000574553545F544F24
:10C18000504449522F6D6F64756C65732F6C6962F2
:10C190002F6775692F6C76676C2F7372632F7769C1
:10C1A00064676574732F6C765F726F6C6C65722E4A
:10C1B00063006F7074696F6E7320213D204E554C83
:10C1C0004C004F7074696F6E20310A4F7074696F44
:10C1D0006E20320A4F7074696F6E20330A4F70748C
:10C1E000696F6E20340A4F7074696F6E2035006C71
:10C1F000765F64726F70646F776E5F6765745F738C
:10C20000656C65637465645F7374723A2074686505
:10C21000206275666665722077617320746F6F2087
:10C22000736D616C6C006C765F726F6C6C65725FC5
:10C230006765745F73656C65637465645F7374725E
:10C24000006C765F726F6C6C65725F7365745F6FA4
:10C250007074696F6E7300446973706C61792064E7
:10C260006576696365206E6F742072656164792EEE
:10C2700000486F72697A6F6E74616C207265736FBB
:10C280006C7574696F6E206973206C61726765727A
:10C29000207468616E206D6178696D756D005665FA
:10C2A00072746963616C207265736F6C7574696F09
:10C2B0006E206973206C6172676572207468616EAC
:10C2C000206D6178696D756D00446973706C61797A
:10C2D000206E6F7420737570706F727465642E00B9
:10C2E0004661696C656420746F2072656769737458
:10C2F000657220646973706C617920646576696326
:10C30000652E004661696C656420746F20696E69F2
:10C310007469616C697A6520696E707574206465F2
:10C3200076696365732E006C76676C00436F756C7D
:10C3300064206E6F742070757420696E707574203F
:10C340006461746120696E746F2071756575650034
:10C350006C76676C5F627574746F6E5F696E707512
:10C3600074006C76676C5F656E636F6465725F699D
:10C370006E7075740048616C74696E6720737973B0
:10C3800074656D00556E6B6E6F776E206572726F9F
:10C390007200756E6B6E6F776E003E3E3E205A45A2
:10C3A0005048595220464154414C204552524F5218
:10C3B0002025643A202573206F6E20435055202598
:10C3C00064004661756C7420647572696E672069DB
:10C3D0006E746572727570742068616E646C696EDB
:10C3E000670A0043757272656E74207468726561C5
:10C3F000643A202570202825732900435055206574
:10C400007863657074696F6E00556E68616E646CF8
:10C41000656420696E74657272757074005374611E
:10C42000636B206F766572666C6F77004B65726E1A
:10C43000656C206F6F7073004B65726E656C207059
:10C44000616E6963006D61696E006F73002A2A2A4C
:10C4500020426F6F74696E67205A65706879722028
:10C460004F53206275696C642076332E372E302D41
:10C470003139302D6766303965613437353366655B
:10C4800062202A2A2A0A00737973776F726B71000F
:10C49000286E756C6C29002A666C6F61742A000026
:10C4A000000000000000000000000000000000008C
:10C4B000000000000000000000000000000000007C
:10C4C000000000000000000000000000000000006C
:10C4D000000000000000000000000000000000005C
:10C4E000000000000000000000000000000000004C
:10C4F000000000000000000000000000000000003C
:10C50000000000000000000000000000000000002B
:10C51000000000000000000000000000000000001B
:10C52000000000000000000000000000000000000B
:10C5300000000000000000000000000000000000FB
:10C5400000000000000000000000000000000000EB
:10C5500000000000000000000000000000000000DB
:10C5600000000000000000000000000000000000CB
:10C5700000000000000000000000000000000000BB
:10C5800000000000000000000000000000000000AB
:10C59000000000000000000000000000000000009B
:10C5A000000000000000000000000000000000008B
:10C5B000000000000000000000000000000000007B
:10C5C000000000000000000000000000000000006B
:10C5D000000000000000000000000000000000005B
:10C5E000000000000000000000000000000000004B
:10C5F000000000000000000000000000000000003B
:10C60000000000000000000000000000000000002A
:10C61000000000000000000000000000000000001A
:10C62000000000000000000000000000000000000A
:10C6300000000000000000000000000000000000FA
:10C6400000000000000000000000000000000000EA
:10C6500000000000000000000000000000000000DA
:10C6600000000000000000000000000000000000CA
:10C6700000000000000000000000000000000000BA
:10C6800000000000000000000000000000000000AA
:10C69000000000000000000000000000000000009A
:10C6A000000000000000000000000000000000008A
:10C6B000000000000000000000000000000000007A
:10C6C000000000000000000000000000000000006A
:10C6D000000000000000000000000000000000005A
:10C6E000000000000000000000000000E0822820A0
:10C6F000C082282000C201000000080000000000E5
:10C700000000000000000000000000000000000029
:10C7100000000000E52700600000000000000000AD
:10C7200000000000738001600000000000000000B5
:10C730000000000069280060000000000000000008
:10C7400000000000292E0060000000000000000032
:10C750000B8601603F8C0160883E02600000000093
:10C760003831292000000000000000000000000017
:10C7700000000000000000000000000000040000B5
:10C7800038352920000000000000000000000000F3
:10C790000000000000000000000000000004000095
:10C7A0006D52006080000000D54F00600000000066
:10C7B000D54F00608000000000000000339201604F
:10C7C0000000000000000000000000000000000069
:10C7D0000000000000000000000000000000000059
:10C7E0000000000000000000000000000000000049
:10C7F0000000000000000000000000000000000039
:10C8000000000000000000000000000084550260ED
:10C810000100000074832820748328200000000099
:10C820000100000084832820848328200000000069
:10C8300001000000000000000000000000000000F7
:10C8400000000000000000000000000000000000E8
:10C8500000000000000000000000000000000000D8
:10C8600000000000000000000000000000000000C8
:10C8700000000000000000000000000000000000B8
:10C8800000000000000000000000000000000000A8
:10C890000000000000000000000000000000000098
:10C8A0002056026000000000088428200884282008
:10C8B00000000000010000001884282018842820AF
:10C8C0000000000001000000000000000000000067
:10C8D0000000000000000000000000000000000058
:10C8E0000000000000000000000000000000000048
:10C8F00000000080D4C3B2A1E5470160BD470160DC
:10C90000854701603D47016007260260D12502602E
:10C91000708428207084282070000C060601000016
:10C920000000000000000000000000000000000007
:10C9300000000000000000000000000000000000F7
:08C940000000000000000000EF
:10C9480000000000000000000000000000000000DF
:10C9580000000000000000000000000000000000CF
:10C9680000000000000000000000000000000000BF
:08C978000000000000000000B7
:04C9800000000000B3
:04C98400FFFFFFFFB3
:10C988000000000000000000417801600000000085
:10C9980000000000000000000085282000852820F5
:10C9A80011270060000000000000000000000000E7
:10C9B800000000000000000000000000000000006F
:10C9C8004178016000000000000000000000000045
:10C9D8003885282038852820912D00600000000027
:10C9E800000000000000000000000000000000003F
:10C9F80000000000000028200040000000000000A7
:04CA0800000000002A
:10CA0C006C8528206C8528200000000000000000A8
:04CA1C000E00000008
:10CA200080852820808528200C0000001000000050
:10CA3000802F292040302920802F2920802F292055
:10CA40000000000000000000A8852820A8852820FC
:10CA50001000000004000000B8302920F830292020
:10CA6000B8302920B8302920000000000000000064
:10CA7000D0852820D0852820100000000400000068
:10CA8000F830292038312920F8302920F8302920A1
:10CA90000000000000000000F8852820F88528200C
:10CAA0000C0000000A00000040302920B830292086
:10CAB0004030292040302920000000000000000004
:10CAC0002086282020862820000000000100000089
:10CAD00012010002EF020140E32F040007030102EC
:10CAE000030109020000000100C032080B0002022D
:10CAF00002000009040000010202000005240010E9
:10CB00000105240102010424020205240600010794
:10CB100005800310000A09040100020A0000000752
:10CB2000058002000200070500020002000403095C
:10CB3000040E035A455048595200000000000034CA
:10CB4000035A65706879722055534220636F6E7383
:10CB50006F6C652073616D706C65000000000000F3
:10CB600000000000000000000000000000000000C5
:10CB70000000002203303132333435363738394142
:10CB80004243444546000000000000000000000051
:07CB9000000000000000009E
:01CB9700FF9E
:10CB980000000000538628207B8F016081550060CB
:10CBA80009520060000000000000000003000000BF
:04CBB80000832820AE
:04CBBC0015E015E08B
:0400000560005BD16B
:00000001FF
